{"type":"FeatureCollection", "features": [
{"type":"Feature","geometry":{"type":"Polygon","coordinates":[[[-58.276349,-30.883309],[-58.427207,-30.847144],[-58.440247,-30.90254],[-58.466362,-30.945532],[-58.493511,-31.022101],[-58.580303,-31.041188],[-58.544342,-31.136778],[-58.408254,-31.238115],[-58.472097,-31.266764],[-58.411428,-31.351574],[-58.449356,-31.431755],[-58.286712,-31.539555],[-58.274736,-31.662676],[-58.278983,-31.698534],[-58.229025,-31.735242],[-58.185514,-31.744268],[-58.121641,-31.721053],[-58.086878,-31.734295],[-58.082169,-31.720195],[-58.036985,-31.727222],[-57.980418,-31.582832],[-58.082394,-31.457827],[-57.924361,-31.237158],[-58.027845,-31.12338],[-58.273497,-31.037118],[-58.276349,-30.883309]]]},"properties":{"id":"30015","nombre":"Concordia","nombre_completo":"Departamento Concordia","provincia":{"id":"30","nombre":"Entre Ríos","interseccion":0.04146816645164685},"fuente":"IGN","categoria":"Departamento","centroide":{"lon":-58.23786969,"lat":-31.290298372}}},
{"type":"Feature","geometry":{"type":"Polygon","coordinates":[[[-61.712225,-26.234491],[-63.093253,-26.225161],[-63.76133,-26.21431],[-63.773703,-26.264563],[-63.720735,-26.376258],[-63.646715,-26.528104],[-63.652537,-26.59698],[-63.65456,-26.665873],[-63.689121,-26.865263],[-63.68207,-26.907029],[-63.657187,-26.925117],[-63.548504,-26.925532],[-63.37839,-26.887997],[-63.378395,-26.764093],[-63.233593,-26.794241],[-62.929303,-26.793736],[-62.928476,-26.820257],[-62.504024,-26.83267],[-62.504222,-26.787217],[-62.064821,-26.789884],[-62.06466,-26.809429],[-61.712556,-26.809114],[-61.712225,-26.234491]]]},"properties":{"id":"86014","nombre":"Alberdi","nombre_completo":"Departamento Alberdi","provincia":{"id":"86","nombre":"Santiago del Estero","interseccion":0.09305872316108595},"fuente":"IGN","categoria":"Departamento","centroide":{"lon":-62.728013928,"lat":-26.52104235}}},
{"type":"Feature","geometry":{"type":"Polygon","coordinates":[[[-65.373476,-30.693184],[-65.599014,-30.656723],[-65.77146,-31.044159],[-65.771038,-31.261412],[-64.899436,-31.276882],[-64.905373,-31.221392],[-64.940247,-31.16704],[-65.068391,-31.070214],[-65.152332,-30.946821],[-65.158122,-30.874281],[-65.335021,-30.882484],[-65.373476,-30.693184]]]},"properties":{"id":"14070","nombre":"Minas","nombre_completo":"Departamento Minas","provincia":{"id":"14","nombre":"Córdoba","interseccion":0.021426746067843644},"fuente":"IGN","categoria":"Departamento","centroide":{"lon":-65.41197244,"lat":-31.03503131}}},
{"type":"Feature","geometry":{"type":"Polygon","coordinates":[[[-64.783774,-31.504626],[-64.802451,-31.41833],[-64.975182,-31.402636],[-65.06651,-31.413531],[-65.171951,-31.453315],[-65.166517,-31.559577],[-65.250714,-31.567031],[-65.273402,-31.649834],[-65.469263,-31.619853],[-65.502229,-31.759374],[-65.770103,-31.743351],[-65.769822,-31.888606],[-65.606366,-31.908465],[-65.352632,-31.904234],[-65.251988,-31.9484],[-65.1057,-31.915778],[-65.044973,-31.872023],[-65.018725,-31.878588],[-64.928818,-31.909292],[-64.887326,-31.828063],[-64.783517,-31.826652],[-64.726859,-31.735373],[-64.711732,-31.692956],[-64.772442,-31.560105],[-64.783774,-31.504626]]]},"properties":{"id":"14126","nombre":"San Alberto","nombre_completo":"Departamento San Alberto","provincia":{"id":"14","nombre":"Córdoba","interseccion":0.020483724929477795},"fuente":"IGN","categoria":"Departamento","centroide":{"lon":-65.156514737,"lat":-31.708028328}}},
{"type":"Feature","geometry":{"type":"Polygon","coordinates":[[[-63.2631,-31.333906],[-63.365609,-31.315061],[-63.358429,-31.367609],[-63.54748,-31.414087],[-63.618982,-31.494092],[-63.898267,-31.542972],[-63.956749,-31.536472],[-64.016609,-31.620398],[-64.010555,-31.749957],[-63.947788,-31.752862],[-63.918089,-31.874603],[-63.918954,-31.986993],[-63.424388,-31.983983],[-63.244447,-31.924843],[-63.211614,-32.010699],[-63.097012,-32.005467],[-63.006235,-32.036614],[-62.954107,-32.048133],[-62.851179,-32.06053],[-62.838592,-32.011336],[-62.881045,-32.012825],[-63.052725,-31.665689],[-63.111665,-31.665275],[-63.229869,-31.472363],[-63.2631,-31.333906]]]},"properties":{"id":"14119","nombre":"Río Segundo","nombre_completo":"Departamento Río Segundo","provincia":{"id":"14","nombre":"Córdoba","interseccion":0.031140857781435646},"fuente":"IGN","categoria":"Departamento","centroide":{"lon":-63.474855521,"lat":-31.73310879}}},
{"type":"Feature","geometry":{"type":"Polygon","coordinates":[[[-62.15756,-30.396159],[-62.321448,-30.367885],[-62.335278,-30.579779],[-62.428588,-30.554489],[-62.556539,-30.52585],[-62.704314,-30.548807],[-62.772417,-30.602171],[-63.011271,-30.686929],[-63.030021,-30.695348],[-62.935346,-30.718508],[-62.905775,-30.78579],[-62.843774,-30.82079],[-62.83405,-30.932506],[-62.933761,-30.967461],[-62.955167,-31.079796],[-63.153925,-31.159465],[-63.177584,-31.283441],[-63.245916,-31.264816],[-63.2631,-31.333906],[-63.229869,-31.472363],[-63.111665,-31.665275],[-63.052725,-31.665689],[-62.881045,-32.012825],[-62.837834,-32.008355],[-62.63563,-32.04721],[-62.619373,-31.98329],[-62.520826,-31.967241],[-62.31627,-32.004362],[-62.324623,-32.038982],[-62.182143,-32.063679],[-62.167797,-31.98601],[-62.22349,-31.883934],[-62.241683,-31.699677],[-62.123495,-31.605408],[-61.842175,-30.744316],[-62.130653,-30.480433],[-62.15756,-30.396159]]]},"properties":{"id":"14140","nombre":"San Justo","nombre_completo":"Departamento San Justo","provincia":{"id":"14","nombre":"Córdoba","interseccion":0.09349485116579959},"fuente":"IGN","categoria":"Departamento","centroide":{"lon":-62.527589057,"lat":-31.242567097}}},
{"type":"Feature","geometry":{"type":"Polygon","coordinates":[[[-62.282458,-32.046516],[-62.324623,-32.038982],[-62.31627,-32.004362],[-62.520826,-31.967241],[-62.619373,-31.98329],[-62.63563,-32.04721],[-62.837834,-32.008355],[-62.878124,-32.157171],[-62.927381,-32.391462],[-63.053155,-32.376423],[-63.163394,-32.472298],[-63.089754,-32.512888],[-63.118061,-32.616096],[-63.0588,-32.632842],[-63.131754,-32.919097],[-63.215282,-33.192042],[-63.218448,-33.247014],[-63.08166,-33.272762],[-63.22471,-33.815259],[-62.805151,-33.895996],[-62.776693,-33.779326],[-62.75337,-33.783466],[-62.645663,-33.358522],[-62.688415,-33.285673],[-62.574896,-33.211518],[-62.520812,-33.127526],[-62.542888,-32.946712],[-62.390519,-32.438148],[-62.266009,-32.429051],[-62.245026,-32.32905],[-62.375949,-32.287481],[-62.339387,-32.136807],[-62.282458,-32.046516]]]},"properties":{"id":"14182","nombre":"Unión","nombre_completo":"Departamento Unión","provincia":{"id":"14","nombre":"Córdoba","interseccion":0.06663874097279908},"fuente":"IGN","categoria":"Departamento","centroide":{"lon":-62.791597056,"lat":-32.878381661}}},
{"type":"Feature","geometry":{"type":"Polygon","coordinates":[[[-63.097012,-32.005467],[-63.211614,-32.010699],[-63.244447,-31.924843],[-63.424388,-31.983983],[-63.918954,-31.986993],[-63.919287,-32.009833],[-63.973794,-31.951751],[-64.084512,-32.004653],[-64.241408,-32.004467],[-64.277539,-32.141073],[-64.293479,-32.31822],[-64.245641,-32.326942],[-64.245859,-32.308223],[-63.986211,-32.327626],[-63.920394,-32.374521],[-63.977936,-32.475562],[-64.044013,-32.750363],[-63.973419,-32.723217],[-63.977397,-32.737687],[-63.907448,-32.700379],[-63.699917,-32.709768],[-63.721518,-32.79069],[-63.55025,-32.822659],[-63.581384,-32.70314],[-63.498892,-32.392853],[-63.572437,-32.37882],[-63.542777,-32.261906],[-63.371241,-32.191024],[-63.447724,-32.103726],[-63.201319,-32.048267],[-63.097012,-32.005467]]]},"properties":{"id":"14161","nombre":"Tercero Arriba","nombre_completo":"Departamento Tercero Arriba","provincia":{"id":"14","nombre":"Córdoba","interseccion":0.031245898346984994},"fuente":"IGN","categoria":"Departamento","centroide":{"lon":-63.779004896,"lat":-32.287680023}}},
{"type":"Feature","geometry":{"type":"Polygon","coordinates":[[[-65.342764,-24.862338],[-65.54187,-24.879181],[-65.514914,-24.988229],[-65.483226,-25.04231],[-65.28728,-25.154857],[-65.228726,-25.155459],[-65.244553,-25.115387],[-65.305691,-25.060156],[-65.342764,-24.862338]]]},"properties":{"id":"66035","nombre":"Cerrillos","nombre_completo":"Departamento Cerrillos","provincia":{"id":"66","nombre":"Salta","interseccion":0.0034965840642226503},"fuente":"IGN","categoria":"Departamento","centroide":{"lon":-65.403816109,"lat":-24.988543936}}},
{"type":"Feature","geometry":{"type":"Polygon","coordinates":[[[-63.986211,-32.327626],[-64.245859,-32.308223],[-64.24569,-32.39011],[-64.426096,-32.379883],[-64.487503,-32.476552],[-64.526789,-32.6177],[-64.663192,-32.632053],[-64.889945,-32.579575],[-64.909919,-32.642167],[-64.944619,-32.767336],[-64.99278,-32.945166],[-64.999704,-33.002665],[-65.070801,-33.138277],[-65.142999,-33.194775],[-65.104355,-33.971429],[-65.075545,-33.989306],[-64.997334,-34.037393],[-64.814435,-34.060749],[-64.621804,-34.170319],[-64.466784,-34.210577],[-64.294315,-34.213948],[-64.208543,-34.2391],[-64.031712,-34.174234],[-64.039213,-33.643104],[-63.88538,-33.643289],[-63.890153,-33.199488],[-64.047937,-33.192644],[-64.04883,-33.109682],[-63.976576,-33.054285],[-64.048031,-33.001873],[-63.973419,-32.723217],[-64.044013,-32.750363],[-63.977936,-32.475562],[-63.920394,-32.374521],[-63.986211,-32.327626]]]},"properties":{"id":"14098","nombre":"Río Cuarto","nombre_completo":"Departamento Río Cuarto","provincia":{"id":"14","nombre":"Córdoba","interseccion":0.114106099222601},"fuente":"IGN","categoria":"Departamento","centroide":{"lon":-64.493134309,"lat":-33.330534189}}},
{"type":"Feature","geometry":{"type":"Polygon","coordinates":[[[-68.853297,-33.412165],[-68.922806,-33.338768],[-69.215094,-33.11307],[-69.514667,-33.033308],[-69.770347,-33.360437],[-69.346644,-33.39973],[-69.320475,-33.408859],[-69.275228,-33.454306],[-69.00969,-33.546456],[-68.985281,-33.5323],[-68.990837,-33.495012],[-68.853297,-33.412165]]]},"properties":{"id":"50126","nombre":"Tupungato","nombre_completo":"Departamento Tupungato","provincia":{"id":"50","nombre":"Mendoza","interseccion":0.01621206658601519},"fuente":"IGN","categoria":"Departamento","centroide":{"lon":-69.296285903,"lat":-33.293400987}}},
{"type":"Feature","geometry":{"type":"Polygon","coordinates":[[[-58.246816,-35.365325],[-58.442963,-35.216238],[-58.571654,-35.328204],[-58.525111,-35.366574],[-58.582085,-35.421434],[-58.470486,-35.511942],[-58.568715,-35.595902],[-58.486524,-35.706937],[-58.441379,-35.702871],[-58.436248,-35.733051],[-58.152389,-35.472373],[-58.193911,-35.440953],[-58.18685,-35.382581],[-58.246816,-35.365325]]]},"properties":{"id":"06343","nombre":"General Paz","nombre_completo":"Partido de General Paz","provincia":{"id":"06","nombre":"Buenos Aires","interseccion":0.003859335754652366},"fuente":"IGN","categoria":"Partido","centroide":{"lon":-58.389651959,"lat":-35.46618301}}},
{"type":"Feature","geometry":{"type":"Polygon","coordinates":[[[-57.775461,-36.437637],[-57.986757,-36.277828],[-58.189421,-36.452361],[-58.101463,-36.521294],[-58.226176,-36.627666],[-58.114422,-36.728124],[-58.286543,-36.88103],[-58.019866,-37.075971],[-57.944451,-37.007599],[-58.010671,-36.95872],[-57.74572,-36.73426],[-57.70711,-36.76301],[-57.660585,-36.723137],[-57.776365,-36.634535],[-57.848529,-36.555173],[-57.775461,-36.437637]]]},"properties":{"id":"06308","nombre":"General Guido","nombre_completo":"Partido de General Guido","provincia":{"id":"06","nombre":"Buenos Aires","interseccion":0.007595352012165537},"fuente":"IGN","categoria":"Partido","centroide":{"lon":-57.995736595,"lat":-36.666034542}}},
{"type":"Feature","geometry":{"type":"Polygon","coordinates":[[[-57.08975,-36.829523],[-57.175823,-36.784425],[-57.223932,-36.908594],[-57.321658,-36.910633],[-57.304915,-37.003893],[-57.493385,-37.017144],[-57.674815,-37.202944],[-57.21112,-37.533013],[-56.99197,-37.237095],[-56.819485,-37.025201],[-56.946978,-36.995091],[-56.997182,-36.861819],[-57.08975,-36.829523]]]},"properties":{"id":"06315","nombre":"General Juan Madariaga","nombre_completo":"Partido de General Juan Madariaga","provincia":{"id":"06","nombre":"Buenos Aires","interseccion":0.009798211242702339},"fuente":"IGN","categoria":"Partido","centroide":{"lon":-57.230660595,"lat":-37.153515719}}},
{"type":"Feature","geometry":{"type":"Polygon","coordinates":[[[-61.991675,-29.661599],[-62.43751,-29.666602],[-62.436146,-29.949579],[-62.608507,-30.056461],[-62.556483,-30.062787],[-62.596801,-30.165742],[-62.593618,-30.259583],[-62.520077,-30.341898],[-62.173794,-30.345314],[-62.130653,-30.480433],[-61.991675,-29.661599]]]},"properties":{"id":"86154","nombre":"Rivadavia","nombre_completo":"Departamento Rivadavia","provincia":{"id":"86","nombre":"Santiago del Estero","interseccion":0.025091287806289015},"fuente":"IGN","categoria":"Departamento","centroide":{"lon":-62.280260407,"lat":-30.020506998}}},
{"type":"Feature","geometry":{"type":"Polygon","coordinates":[[[-65.483226,-25.04231],[-65.558236,-25.021497],[-65.610527,-25.019608],[-65.667062,-25.054702],[-65.778085,-25.07103],[-65.821971,-25.079929],[-65.834084,-25.126497],[-65.889218,-25.159348],[-65.838048,-25.197375],[-65.817218,-25.301173],[-65.748228,-25.317821],[-65.67147,-25.26918],[-65.569788,-25.201695],[-65.428055,-25.188514],[-65.421553,-25.158355],[-65.3696,-25.216692],[-65.271177,-25.221772],[-65.28728,-25.154857],[-65.483226,-25.04231]]]},"properties":{"id":"66042","nombre":"Chicoana","nombre_completo":"Departamento Chicoana","provincia":{"id":"66","nombre":"Salta","interseccion":0.006825390430178707},"fuente":"IGN","categoria":"Departamento","centroide":{"lon":-65.606332757,"lat":-25.151441332}}},
{"type":"Feature","geometry":{"type":"Polygon","coordinates":[[[-65.404213,-43.760052],[-65.454575,-42.851921],[-67.153625,-42.878983],[-67.148163,-43.340305],[-66.529945,-43.335266],[-66.524628,-43.783035],[-65.404213,-43.760052]]]},"properties":{"id":"26042","nombre":"Gaiman","nombre_completo":"Departamento Gaiman","provincia":{"id":"26","nombre":"Chubut","interseccion":0.05135104102538588},"fuente":"IGN","categoria":"Departamento","centroide":{"lon":-66.172070579,"lat":-43.272514089}}},
{"type":"Feature","geometry":{"type":"Polygon","coordinates":[[[-65.353212,-43.758739],[-65.341621,-43.676149],[-65.254086,-43.570709],[-65.052579,-43.402579],[-65.050293,-43.328276],[-64.97634,-43.254972],[-64.757608,-43.150603],[-64.458955,-43.064466],[-64.330584,-43.002749],[-64.53329,-42.921639],[-64.647908,-42.914834],[-64.811592,-42.840214],[-65.454575,-42.851921],[-65.404213,-43.760052],[-65.353212,-43.758739]]]},"properties":{"id":"26077","nombre":"Rawson","nombre_completo":"Departamento Rawson","provincia":{"id":"26","nombre":"Chubut","interseccion":0.018237467714883996},"fuente":"IGN","categoria":"Departamento","centroide":{"lon":-65.075717061,"lat":-43.137329263}}},
{"type":"Feature","geometry":{"type":"Polygon","coordinates":[[[-68.218796,-28.869127],[-69.462187,-28.192862],[-69.523574,-28.329656],[-69.62981,-28.393692],[-69.429959,-28.450992],[-69.316172,-28.411606],[-69.202646,-28.595962],[-69.209585,-28.682414],[-69.161971,-28.761135],[-68.908706,-28.85932],[-68.94889,-28.920024],[-68.94836,-28.970966],[-68.245308,-29.224319],[-67.853439,-29.077093],[-67.83548,-29.008017],[-68.012665,-28.902651],[-68.218796,-28.869127]]]},"properties":{"id":"46077","nombre":"General Lamadrid","nombre_completo":"Departamento General Lamadrid","provincia":{"id":"46","nombre":"La Rioja","interseccion":0.06647462729753016},"fuente":"IGN","categoria":"Departamento","centroide":{"lon":-68.697544493,"lat":-28.790438677}}},
{"type":"Feature","geometry":{"type":"Polygon","coordinates":[[[-67.00593,-31.855355],[-67.136729,-31.833805],[-67.241536,-31.880805],[-67.379244,-31.868116],[-67.365234,-31.975901],[-67.383793,-32.125212],[-67.37039,-32.246281],[-67.278008,-32.292324],[-67.158716,-32.371731],[-66.646629,-32.365235],[-66.435905,-32.335931],[-66.197375,-32.344392],[-66.228469,-32.557394],[-66.187551,-32.588322],[-66.185493,-32.651066],[-66.153821,-32.649479],[-66.100552,-32.632055],[-66.020988,-32.637547],[-65.956975,-32.430478],[-65.836568,-32.382347],[-65.780288,-32.239871],[-65.717326,-32.211909],[-65.683868,-32.062648],[-65.811214,-32.059263],[-65.825057,-31.89707],[-65.979026,-31.889163],[-66.16019,-31.962789],[-66.299031,-31.931309],[-66.366953,-31.998017],[-66.604538,-31.923379],[-66.885696,-31.897693],[-67.00593,-31.855355]]]},"properties":{"id":"74007","nombre":"Ayacucho","nombre_completo":"Departamento Ayacucho","provincia":{"id":"74","nombre":"San Luis","interseccion":0.10627817582229807},"fuente":"IGN","categoria":"Departamento","centroide":{"lon":-66.542361807,"lat":-32.165721709}}},
{"type":"Feature","geometry":{"type":"Polygon","coordinates":[[[-63.95628,-28.87133],[-64.109868,-28.833573],[-64.138749,-28.794371],[-64.194029,-28.759608],[-64.266086,-29.037323],[-64.513644,-29.034437],[-64.588736,-29.541817],[-64.275482,-29.498674],[-63.980802,-29.551029],[-63.957798,-29.623503],[-63.873856,-29.630787],[-63.841912,-29.580767],[-63.78377,-29.584167],[-63.756152,-29.621554],[-63.748408,-29.653277],[-63.465352,-29.664484],[-63.459617,-29.756934],[-63.270471,-29.779182],[-63.278525,-29.634957],[-63.329398,-29.537482],[-63.642222,-29.439622],[-63.670601,-29.181853],[-63.738303,-29.170156],[-63.835717,-29.036487],[-63.819433,-28.962508],[-63.919445,-28.937661],[-63.95628,-28.87133]]]},"properties":{"id":"86126","nombre":"Ojo de Agua","nombre_completo":"Departamento Ojo de Agua","provincia":{"id":"86","nombre":"Santiago del Estero","interseccion":0.04736156440097289},"fuente":"IGN","categoria":"Departamento","centroide":{"lon":-64.014496788,"lat":-29.30437662}}},
{"type":"Feature","geometry":{"type":"Polygon","coordinates":[[[-64.620992,-28.165944],[-64.832009,-28.152719],[-64.854453,-28.247287],[-64.948262,-28.273075],[-65.109555,-28.24081],[-65.097089,-28.470938],[-65.125891,-28.611468],[-65.184617,-28.60057],[-65.170609,-28.618386],[-65.126835,-28.716219],[-65.016627,-28.737805],[-64.901128,-28.841312],[-64.906601,-28.932445],[-64.859844,-29.035],[-64.837596,-29.228569],[-64.824747,-29.273779],[-64.842294,-29.312748],[-64.838072,-29.342545],[-64.785969,-29.405497],[-64.825937,-29.473654],[-64.824628,-29.574305],[-64.588736,-29.541817],[-64.511834,-29.024096],[-64.559023,-29.01582],[-64.5133,-28.71708],[-64.566792,-28.672791],[-64.545945,-28.47761],[-64.557605,-28.385824],[-64.448644,-28.383514],[-64.491941,-28.376022],[-64.481627,-28.331162],[-64.512373,-28.316551],[-64.484102,-28.189785],[-64.620992,-28.165944]]]},"properties":{"id":"86063","nombre":"Choya","nombre_completo":"Departamento Choya","provincia":{"id":"86","nombre":"Santiago del Estero","interseccion":0.04567320416148514},"fuente":"IGN","categoria":"Departamento","centroide":{"lon":-64.763892439,"lat":-28.7541678}}},
{"type":"Feature","geometry":{"type":"Polygon","coordinates":[[[-65.105896,-34.65324],[-65.251982,-34.652965],[-65.252487,-34.667778],[-65.567979,-34.668866],[-65.669827,-34.712299],[-65.97524,-34.712533],[-65.976425,-34.778612],[-66.099437,-34.772371],[-66.444764,-34.82397],[-66.529121,-34.812615],[-66.647346,-34.743403],[-66.649667,-34.758331],[-66.606685,-34.774076],[-66.602525,-34.802116],[-66.544524,-34.88212],[-66.545675,-34.969295],[-66.497841,-35.107648],[-66.496831,-35.172857],[-66.484156,-35.240807],[-66.525153,-35.540197],[-66.589446,-35.794422],[-66.622241,-35.848357],[-66.618112,-35.903025],[-66.628867,-35.928595],[-66.618706,-35.965267],[-66.637848,-36.000593],[-65.107809,-35.999062],[-65.105896,-34.65324]]]},"properties":{"id":"74042","nombre":"Gobernador Dupuy","nombre_completo":"Departamento Gobernador Dupuy","provincia":{"id":"74","nombre":"San Luis","interseccion":0.24886537965194774},"fuente":"IGN","categoria":"Departamento","centroide":{"lon":-65.809487373,"lat":-35.368450623}}},
{"type":"Feature","geometry":{"type":"Polygon","coordinates":[[[-66.004563,-24.765538],[-66.097099,-24.74019],[-66.115883,-24.741516],[-66.09717,-24.793776],[-66.107618,-24.863221],[-66.128687,-24.929725],[-66.18911,-24.937279],[-66.260708,-24.857007],[-66.326533,-24.863103],[-66.38481,-24.846698],[-66.411758,-24.812579],[-66.536916,-24.85054],[-66.593334,-24.99694],[-66.623626,-25.050215],[-66.609007,-25.063203],[-66.625702,-25.105998],[-66.578419,-25.101358],[-66.508422,-25.12786],[-66.356499,-25.148523],[-66.23045,-25.254793],[-66.001562,-25.311373],[-65.945989,-25.243696],[-65.867139,-25.241979],[-65.857427,-25.183597],[-65.888612,-25.154159],[-65.832878,-25.119739],[-65.892339,-25.020012],[-65.887355,-24.939189],[-65.955397,-24.918488],[-66.004563,-24.765538]]]},"properties":{"id":"66014","nombre":"Cachi","nombre_completo":"Departamento Cachi","provincia":{"id":"66","nombre":"Salta","interseccion":0.01842726546983261},"fuente":"IGN","categoria":"Departamento","centroide":{"lon":-66.202620089,"lat":-25.038755786}}},
{"type":"Feature","geometry":{"type":"Polygon","coordinates":[[[-58.211085,-34.951783],[-58.017688,-34.780318],[-58.191008,-34.738198],[-58.267461,-34.773646],[-58.179871,-34.866004],[-58.247414,-34.923592],[-58.211085,-34.951783]]]},"properties":{"id":"06091","nombre":"Berazategui","nombre_completo":"Partido de Berazategui","provincia":{"id":"06","nombre":"Buenos Aires","interseccion":0.0007028613855335527},"fuente":"IGN","categoria":"Partido","centroide":{"lon":-58.155461509,"lat":-34.81824477}}},
{"type":"Feature","geometry":{"type":"Polygon","coordinates":[[[-64.674172,-24.603871],[-64.680515,-24.576191],[-64.725826,-24.529901],[-64.844626,-24.467955],[-64.896941,-24.591986],[-65.079672,-24.562185],[-65.10516,-24.523038],[-65.210172,-24.543632],[-65.2747,-24.677425],[-65.220124,-24.71597],[-65.094195,-24.715499],[-65.018887,-24.805503],[-65.053285,-24.865612],[-65.065473,-24.999102],[-65.080393,-25.103858],[-64.978674,-25.148769],[-64.900865,-25.113908],[-64.905936,-25.039218],[-64.816388,-24.972164],[-64.799012,-24.771644],[-64.727981,-24.704958],[-64.704719,-24.63969],[-64.674172,-24.603871]]]},"properties":{"id":"66049","nombre":"General Güemes","nombre_completo":"Departamento General Güemes","provincia":{"id":"66","nombre":"Salta","interseccion":0.014168864976907482},"fuente":"IGN","categoria":"Departamento","centroide":{"lon":-64.956062082,"lat":-24.764602117}}},
{"type":"Feature","geometry":{"type":"Polygon","coordinates":[[[-58.430635,-34.60596],[-58.4333,-34.602692],[-58.446213,-34.607634],[-58.458439,-34.60451],[-58.462669,-34.607391],[-58.451541,-34.630657],[-58.426722,-34.627016],[-58.429994,-34.615467],[-58.430635,-34.60596]]]},"properties":{"id":"02042","nombre":"Comuna 6","nombre_completo":"Comuna 6","provincia":{"id":"02","nombre":"Ciudad Autónoma de Buenos Aires","interseccion":0.03331814941505909},"fuente":"IGN","categoria":"Comuna","centroide":{"lon":-58.443568228,"lat":-34.61684339}}},
{"type":"Feature","geometry":{"type":"Polygon","coordinates":[[[-67.957764,-32.84504],[-68.123112,-32.838598],[-68.125546,-33.000081],[-68.284953,-33.058801],[-68.29314,-34.019798],[-68.456095,-34.041501],[-68.453482,-34.212553],[-68.349258,-34.180569],[-68.170582,-34.211408],[-68.024844,-34.199802],[-67.647781,-34.201074],[-67.564508,-34.101853],[-67.501198,-34.101327],[-67.50308,-33.769518],[-67.705027,-33.773079],[-67.718049,-33.446097],[-67.656129,-33.347961],[-67.577193,-33.030746],[-67.956693,-32.988781],[-67.957764,-32.84504]]]},"properties":{"id":"50112","nombre":"Santa Rosa","nombre_completo":"Departamento Santa Rosa","provincia":{"id":"50","nombre":"Mendoza","interseccion":0.05861840044327359},"fuente":"IGN","categoria":"Departamento","centroide":{"lon":-67.963856114,"lat":-33.616998915}}},
{"type":"Feature","geometry":{"type":"Polygon","coordinates":[[[-65.642345,-30.753988],[-66.353279,-30.747721],[-66.325699,-30.7929],[-66.39016,-30.848833],[-66.41143,-30.938917],[-66.489899,-30.986942],[-66.480667,-31.095749],[-66.419266,-31.187534],[-66.308075,-31.18865],[-65.770831,-31.368347],[-65.77146,-31.044159],[-65.642345,-30.753988]]]},"properties":{"id":"46084","nombre":"General Ortiz de Ocampo","nombre_completo":"Departamento General Ortiz de Ocampo","provincia":{"id":"46","nombre":"La Rioja","interseccion":0.04144019056232455},"fuente":"IGN","categoria":"Departamento","centroide":{"lon":-66.058984976,"lat":-31.006760703}}},
{"type":"Feature","geometry":{"type":"Polygon","coordinates":[[[-64.173645,-30.063036],[-64.210689,-29.978071],[-64.410106,-29.930095],[-64.405181,-29.827615],[-64.49218,-29.82076],[-64.489385,-29.528134],[-64.964052,-29.596091],[-64.937932,-29.847511],[-64.985964,-29.891056],[-64.989395,-30.01506],[-64.296149,-30.086319],[-64.269874,-30.116013],[-64.28324,-30.201891],[-64.356526,-30.197403],[-64.374801,-30.37859],[-64.283718,-30.388761],[-64.298264,-30.463715],[-64.083312,-30.465693],[-64.005592,-30.483223],[-63.963569,-30.414911],[-63.847102,-30.416595],[-63.845505,-30.510824],[-63.795702,-30.569191],[-63.615454,-30.571916],[-63.60433,-30.526146],[-63.35698,-30.575861],[-63.213639,-30.662078],[-63.011271,-30.686929],[-62.772417,-30.602171],[-62.704314,-30.548807],[-62.556539,-30.52585],[-62.428588,-30.554489],[-62.328509,-30.577151],[-62.325088,-30.511575],[-62.550465,-30.47011],[-62.526984,-30.378497],[-63.325437,-30.230403],[-63.380968,-30.270413],[-63.492529,-30.272179],[-63.493704,-30.188682],[-63.858591,-30.12477],[-63.886361,-30.097073],[-64.173645,-30.063036]]]},"properties":{"id":"14175","nombre":"Tulumba","nombre_completo":"Departamento Tulumba","provincia":{"id":"14","nombre":"Córdoba","interseccion":0.057892422571752644},"fuente":"IGN","categoria":"Departamento","centroide":{"lon":-63.82878872,"lat":-30.219516925}}},
{"type":"Feature","geometry":{"type":"Polygon","coordinates":[[[-64.714851,-30.634132],[-64.870824,-30.634534],[-65.033472,-30.475059],[-65.001871,-30.418516],[-64.985964,-29.891056],[-65.15827,-30.047267],[-65.422985,-30.119602],[-65.525245,-30.490816],[-65.599061,-30.65671],[-65.373476,-30.693184],[-65.335021,-30.882484],[-65.158122,-30.874281],[-65.152332,-30.946821],[-65.068391,-31.070214],[-64.940247,-31.16704],[-64.905373,-31.221392],[-64.899794,-31.346004],[-64.90949,-31.399303],[-64.831604,-31.409041],[-64.831684,-31.417912],[-64.763534,-31.42473],[-64.732432,-31.314747],[-64.700515,-31.277615],[-64.677519,-31.137265],[-64.642722,-31.045223],[-64.676111,-30.971892],[-64.644693,-30.856235],[-64.619745,-30.771219],[-64.6243,-30.690109],[-64.714701,-30.689944],[-64.714851,-30.634132]]]},"properties":{"id":"14028","nombre":"Cruz del Eje","nombre_completo":"Departamento Cruz del Eje","provincia":{"id":"14","nombre":"Córdoba","interseccion":0.040816020115574565},"fuente":"IGN","categoria":"Departamento","centroide":{"lon":-65.078206593,"lat":-30.656757655}}},
{"type":"Feature","geometry":{"type":"Polygon","coordinates":[[[-64.514821,-30.703033],[-64.590201,-30.690535],[-64.6243,-30.690109],[-64.619745,-30.771219],[-64.644693,-30.856235],[-64.676111,-30.971892],[-64.643064,-31.045873],[-64.677519,-31.137265],[-64.700515,-31.277615],[-64.721161,-31.289006],[-64.749169,-31.354294],[-64.761382,-31.422426],[-64.792956,-31.424687],[-64.783774,-31.504626],[-64.772442,-31.560105],[-64.727739,-31.676529],[-64.693393,-31.671102],[-64.664012,-31.692375],[-64.548032,-31.690979],[-64.548435,-31.551054],[-64.480019,-31.420215],[-64.432761,-31.384728],[-64.432147,-31.282643],[-64.414317,-31.218093],[-64.41481,-31.173878],[-64.449223,-31.060553],[-64.429648,-30.972589],[-64.447189,-30.833415],[-64.514024,-30.771493],[-64.514821,-30.703033]]]},"properties":{"id":"14091","nombre":"Punilla","nombre_completo":"Departamento Punilla","provincia":{"id":"14","nombre":"Córdoba","interseccion":0.014895324888307193},"fuente":"IGN","categoria":"Departamento","centroide":{"lon":-64.585872218,"lat":-31.218758284}}},
{"type":"Feature","geometry":{"type":"Polygon","coordinates":[[[-60.997214,-27.417701],[-61.529046,-27.054386],[-61.712679,-26.928197],[-61.711868,-27.713971],[-61.569271,-27.714245],[-61.571168,-27.480193],[-60.997282,-27.478115],[-60.997214,-27.417701]]]},"properties":{"id":"22036","nombre":"12 de Octubre","nombre_completo":"Departamento 12 de Octubre","provincia":{"id":"22","nombre":"Chaco","interseccion":0.027926058222724755},"fuente":"IGN","categoria":"Departamento","centroide":{"lon":-61.475806548,"lat":-27.333376077}}},
{"type":"Feature","geometry":{"type":"Polygon","coordinates":[[[-68.289218,-33.232429],[-68.480975,-33.149489],[-68.639262,-33.203863],[-68.728552,-33.340464],[-68.771032,-33.383827],[-68.853297,-33.412165],[-68.990837,-33.495012],[-68.985281,-33.5323],[-69.00337,-33.54648],[-68.564787,-33.734294],[-68.595098,-33.491923],[-68.291291,-33.463182],[-68.289218,-33.232429]]]},"properties":{"id":"50084","nombre":"Rivadavia","nombre_completo":"Departamento Rivadavia","provincia":{"id":"50","nombre":"Mendoza","interseccion":0.013937990431599594},"fuente":"IGN","categoria":"Departamento","centroide":{"lon":-68.604973299,"lat":-33.41707689}}},
{"type":"Feature","geometry":{"type":"Polygon","coordinates":[[[-62.049601,-37.971499],[-62.157986,-37.966556],[-62.346075,-38.136294],[-62.489683,-38.008184],[-62.575304,-38.075172],[-62.734431,-37.948674],[-62.814394,-38.010744],[-62.654714,-38.139112],[-62.735947,-38.202478],[-62.654991,-38.267006],[-62.899669,-38.456661],[-62.737221,-38.585843],[-62.648968,-38.516606],[-62.614458,-38.591618],[-62.387813,-38.408546],[-62.220692,-38.43341],[-62.196342,-38.452023],[-62.08465,-38.362737],[-61.99865,-38.426815],[-61.893041,-38.426141],[-61.81274,-38.485462],[-61.781602,-38.459945],[-61.740866,-38.408559],[-61.69692,-38.285322],[-61.769883,-38.196911],[-61.792692,-38.137492],[-61.799747,-38.109579],[-61.930716,-38.008459],[-62.049601,-37.971499]]]},"properties":{"id":"06819","nombre":"Tornquist","nombre_completo":"Partido de Tornquist","provincia":{"id":"06","nombre":"Buenos Aires","interseccion":0.013864227543794228},"fuente":"IGN","categoria":"Partido","centroide":{"lon":-62.290565998,"lat":-38.257642163}}},
{"type":"Feature","geometry":{"type":"Polygon","coordinates":[[[-61.84537,-34.637413],[-61.983941,-34.518249],[-61.81615,-34.385601],[-62.269083,-34.385821],[-62.348165,-34.653782],[-62.188183,-34.682722],[-62.263804,-34.743064],[-62.28306,-34.856773],[-62.104559,-34.984689],[-61.9832,-34.886031],[-61.902716,-34.952754],[-61.673472,-34.760952],[-61.772899,-34.676405],[-61.769608,-34.576422],[-61.84537,-34.637413]]]},"properties":{"id":"06351","nombre":"General Pinto","nombre_completo":"Partido de General Pinto","provincia":{"id":"06","nombre":"Buenos Aires","interseccion":0.00811763944867901},"fuente":"IGN","categoria":"Partido","centroide":{"lon":-62.039853674,"lat":-34.669621454}}},
{"type":"Feature","geometry":{"type":"Polygon","coordinates":[[[-66.496273,-28.531339],[-66.514028,-28.465432],[-66.57081,-28.288634],[-66.942561,-28.266171],[-67.021797,-28.352661],[-66.987709,-28.479774],[-67.011925,-28.603785],[-66.836624,-28.627951],[-66.734711,-28.852306],[-66.378656,-28.713351],[-66.496217,-28.622294],[-66.496273,-28.531339]]]},"properties":{"id":"46007","nombre":"Arauco","nombre_completo":"Departamento Arauco","provincia":{"id":"46","nombre":"La Rioja","interseccion":0.027319928258448648},"fuente":"IGN","categoria":"Departamento","centroide":{"lon":-66.719102601,"lat":-28.533043666}}},
{"type":"Feature","geometry":{"type":"Polygon","coordinates":[[[-64.601539,-40.438937],[-65.193997,-40.436475],[-65.193202,-39.979758],[-65.29462,-39.918534],[-65.774248,-39.918656],[-65.790074,-41.182415],[-65.757758,-41.244337],[-65.728113,-42],[-65.069254,-42],[-65.015869,-41.832214],[-65.022705,-41.618408],[-65.000305,-41.486084],[-65.073608,-41.415222],[-65.154297,-41.162781],[-65.166687,-40.973999],[-65.128906,-40.856812],[-65.018005,-40.764404],[-64.899902,-40.760803],[-64.875305,-40.828918],[-64.75708,-40.817627],[-64.603179,-40.850198],[-64.601539,-40.438937]]]},"properties":{"id":"62077","nombre":"San Antonio","nombre_completo":"Departamento San Antonio","provincia":{"id":"62","nombre":"Río Negro","interseccion":0.07145916723700026},"fuente":"IGN","categoria":"Departamento","centroide":{"lon":-65.371244333,"lat":-40.952663691}}},
{"type":"Feature","geometry":{"type":"Polygon","coordinates":[[[-67.151553,-34.110537],[-67.564508,-34.101853],[-67.647781,-34.201074],[-68.024844,-34.199802],[-68.170582,-34.211408],[-68.349258,-34.180569],[-68.426408,-34.222665],[-68.513727,-34.210814],[-68.715751,-34.263365],[-68.811378,-34.370627],[-69.005924,-34.320006],[-69.05427,-34.579277],[-69.131296,-34.623407],[-69.430972,-34.701672],[-69.482041,-34.684002],[-69.642919,-34.523195],[-69.772673,-34.467397],[-69.795637,-34.404668],[-69.904931,-34.337892],[-70.03228,-34.291253],[-70.012299,-34.41195],[-70.216984,-34.610737],[-70.182516,-34.706823],[-70.015627,-34.808587],[-69.684878,-34.96685],[-69.569324,-35.110668],[-69.514188,-35.229049],[-69.343671,-35.27509],[-69.275369,-35.257729],[-68.746042,-35.369369],[-68.489119,-35.58256],[-68.272235,-35.997622],[-67.194892,-35.999254],[-67.285389,-35.834122],[-67.396073,-35.730157],[-67.412483,-35.657818],[-67.530473,-35.503922],[-67.647878,-35.391398],[-67.715314,-35.240209],[-67.713886,-35.175946],[-67.710602,-35.118036],[-67.712105,-35.055092],[-67.713533,-35.003999],[-67.709561,-34.982425],[-67.723045,-34.972716],[-67.665143,-34.622294],[-67.63429,-34.56702],[-67.6364,-34.531354],[-67.559914,-34.532815],[-67.426877,-34.558952],[-67.283946,-34.537743],[-67.079026,-34.574653],[-66.92139,-34.515427],[-66.84538,-34.492371],[-66.792953,-34.49162],[-66.756512,-34.511657],[-66.757402,-34.434509],[-66.795312,-34.411367],[-66.786874,-34.377675],[-66.799531,-34.335739],[-66.802799,-34.305715],[-66.775924,-34.297738],[-67.15524,-34.29586],[-67.151553,-34.110537]]]},"properties":{"id":"50105","nombre":"San Rafael","nombre_completo":"Departamento San Rafael","provincia":{"id":"50","nombre":"Mendoza","interseccion":0.21113984997334018},"fuente":"IGN","categoria":"Departamento","centroide":{"lon":-68.384239784,"lat":-34.945449054}}},
{"type":"Feature","geometry":{"type":"Polygon","coordinates":[[[-63.530424,-24.127867],[-63.622533,-24.11262],[-63.644385,-24.223467],[-64.008399,-24.163567],[-64.157975,-24.154824],[-64.180019,-24.263646],[-64.273769,-24.393327],[-64.31834,-24.42716],[-64.421652,-24.402206],[-64.5,-24.506369],[-64.560132,-24.577229],[-64.703633,-24.638594],[-64.727981,-24.704958],[-64.799012,-24.771644],[-64.816388,-24.972164],[-64.905936,-25.039218],[-64.900865,-25.113908],[-64.93674,-25.175043],[-64.841488,-25.32039],[-64.823363,-25.348828],[-64.77649,-25.369003],[-64.704743,-25.379704],[-64.624151,-25.365077],[-64.570888,-25.314885],[-64.464287,-25.222572],[-64.397427,-25.251849],[-64.230615,-25.126692],[-64.15981,-25.108885],[-64.150523,-25.147516],[-64.096431,-25.172002],[-64.063123,-25.252055],[-64.057793,-25.276687],[-64.072351,-25.290636],[-64.055608,-25.32271],[-64.062956,-25.36116],[-63.987913,-25.516643],[-63.941248,-25.551097],[-63.95921,-25.656348],[-63.949671,-25.669892],[-63.908701,-25.683048],[-63.660465,-25.685373],[-63.47552,-25.70995],[-63.070694,-25.243804],[-63.074614,-24.855589],[-63.233513,-24.856568],[-63.234117,-24.718762],[-62.936936,-24.715993],[-62.946539,-24.27423],[-63.026267,-24.234043],[-63.05305,-24.392224],[-63.171883,-24.304539],[-63.376989,-24.304161],[-63.344785,-24.156739],[-63.426997,-24.144923],[-63.530424,-24.127867]]]},"properties":{"id":"66007","nombre":"Anta","nombre_completo":"Departamento Anta","provincia":{"id":"66","nombre":"Salta","interseccion":0.14543611182110333},"fuente":"IGN","categoria":"Departamento","centroide":{"lon":-63.839726329,"lat":-24.875456354}}},
{"type":"Feature","geometry":{"type":"Polygon","coordinates":[[[-63.20373,-36.033076],[-63.385471,-35.883677],[-63.385367,-36.524945],[-63.282763,-36.607562],[-63.048637,-36.415414],[-62.978901,-36.280138],[-62.939103,-36.248324],[-63.20373,-36.033076]]]},"properties":{"id":"06616","nombre":"Pellegrini","nombre_completo":"Partido de Pellegrini","provincia":{"id":"06","nombre":"Buenos Aires","interseccion":0.0059153935505831985},"fuente":"IGN","categoria":"Partido","centroide":{"lon":-63.225752112,"lat":-36.271191706}}},
{"type":"Feature","geometry":{"type":"Polygon","coordinates":[[[-70.624778,-39.062613],[-70.610306,-39.037734],[-70.60282,-38.991622],[-70.660311,-38.923139],[-70.699994,-38.808583],[-70.849029,-38.723661],[-70.9285,-38.763897],[-71.093818,-38.754878],[-71.237836,-38.802516],[-71.296536,-38.873354],[-71.425424,-38.921642],[-71.396008,-39.045635],[-71.421186,-39.151075],[-71.374002,-39.282431],[-71.433572,-39.372116],[-71.390298,-39.455825],[-71.283848,-39.480529],[-71.231012,-39.46603],[-71.174652,-39.521128],[-70.987854,-39.53293],[-70.957896,-39.522636],[-70.92866,-39.540006],[-70.834021,-39.522641],[-70.833781,-39.48319],[-70.799971,-39.465096],[-70.727426,-39.138659],[-70.741992,-39.049669],[-70.624778,-39.062613]]]},"properties":{"id":"58007","nombre":"Aluminé","nombre_completo":"Departamento Aluminé","provincia":{"id":"58","nombre":"Neuquén","interseccion":0.05055567160842173},"fuente":"IGN","categoria":"Departamento","centroide":{"lon":-71.046317963,"lat":-39.131486354}}},
{"type":"Feature","geometry":{"type":"Polygon","coordinates":[[[-64.753304,-22.733214],[-64.794633,-22.512343],[-64.848544,-22.515669],[-64.806408,-22.575806],[-65.15069,-22.60435],[-65.284689,-22.541436],[-65.345414,-22.528412],[-65.349185,-22.604747],[-65.271662,-22.64823],[-65.306061,-22.7304],[-65.274232,-22.790107],[-65.218238,-22.95895],[-65.133765,-23.001884],[-65.067974,-23.044948],[-64.940477,-23.031764],[-64.631523,-23.086631],[-64.497847,-22.907976],[-64.519795,-22.831148],[-64.538519,-22.71013],[-64.600599,-22.66595],[-64.675731,-22.756896],[-64.743273,-22.797542],[-64.795665,-22.80117],[-64.753304,-22.733214]]]},"properties":{"id":"66070","nombre":"Iruya","nombre_completo":"Departamento Iruya","provincia":{"id":"66","nombre":"Salta","interseccion":0.022475236570366923},"fuente":"IGN","categoria":"Departamento","centroide":{"lon":-64.920514125,"lat":-22.815345231}}},
{"type":"Feature","geometry":{"type":"Polygon","coordinates":[[[-71.329373,-40.065494],[-71.362948,-40.030384],[-71.520715,-40.038741],[-71.674652,-40.02406],[-71.690467,-40.115203],[-71.798432,-40.137239],[-71.824487,-40.231686],[-71.671648,-40.311096],[-71.708741,-40.42252],[-71.655306,-40.450462],[-71.605771,-40.461976],[-71.516596,-40.505824],[-71.356233,-40.540261],[-71.276343,-40.59488],[-70.864893,-40.597044],[-70.733127,-40.580054],[-70.670904,-40.594717],[-70.642845,-40.584812],[-70.621399,-40.551514],[-70.532227,-40.504517],[-70.57287,-40.489921],[-70.651029,-40.454446],[-70.693192,-40.357843],[-70.638776,-40.237754],[-70.781879,-40.096974],[-70.876929,-40.066101],[-70.946364,-40.106928],[-70.971163,-40.107072],[-71.022905,-40.090646],[-71.070068,-40.056756],[-71.178821,-40.097727],[-71.329373,-40.065494]]]},"properties":{"id":"58056","nombre":"Lácar","nombre_completo":"Departamento Lácar","provincia":{"id":"58","nombre":"Neuquén","interseccion":0.05394000373125745},"fuente":"IGN","categoria":"Departamento","centroide":{"lon":-71.184263963,"lat":-40.314223089}}},
{"type":"Feature","geometry":{"type":"Polygon","coordinates":[[[-65.664943,-28.335847],[-65.723505,-28.238313],[-65.793045,-28.244263],[-65.814534,-28.263025],[-65.761009,-28.38256],[-65.728521,-28.38715],[-65.664943,-28.335847]]]},"properties":{"id":"10063","nombre":"Fray Mamerto Esquiú","nombre_completo":"Departamento Fray Mamerto Esquiú","provincia":{"id":"10","nombre":"Catamarca","interseccion":0.0018445735978394175},"fuente":"IGN","categoria":"Departamento","centroide":{"lon":-65.731187898,"lat":-28.334338272}}},
{"type":"Feature","geometry":{"type":"Polygon","coordinates":[[[-65.601511,-28.521085],[-65.562274,-28.421726],[-65.665792,-28.42202],[-65.769781,-28.487297],[-65.794178,-28.670333],[-65.84898,-28.749451],[-65.719812,-28.763087],[-65.651573,-28.780242],[-65.675039,-28.688555],[-65.625053,-28.603404],[-65.601511,-28.521085]]]},"properties":{"id":"10112","nombre":"Valle Viejo","nombre_completo":"Departamento Valle Viejo","provincia":{"id":"10","nombre":"Catamarca","interseccion":0.006039175164056665},"fuente":"IGN","categoria":"Departamento","centroide":{"lon":-65.707932416,"lat":-28.600068484}}},
{"type":"Feature","geometry":{"type":"Polygon","coordinates":[[[-58.303726,-27.36228],[-58.362566,-27.284342],[-58.497016,-27.27136],[-58.616488,-27.318632],[-58.668787,-27.359092],[-58.707917,-27.366175],[-58.663376,-27.422672],[-58.636375,-27.474614],[-58.548492,-27.487389],[-58.455436,-27.416787],[-58.413815,-27.408903],[-58.355465,-27.397865],[-58.33744,-27.413374],[-58.324932,-27.359968],[-58.303726,-27.36228]]]},"properties":{"id":"18133","nombre":"San Cosme","nombre_completo":"Departamento San Cosme","provincia":{"id":"18","nombre":"Corrientes","interseccion":0.006562679650685999},"fuente":"IGN","categoria":"Departamento","centroide":{"lon":-58.517474225,"lat":-27.382298677}}},
{"type":"Feature","geometry":{"type":"Polygon","coordinates":[[[-58.375089,-34.580539],[-58.389832,-34.57822],[-58.386831,-34.599311],[-58.392898,-34.599655],[-58.39032,-34.634142],[-58.379012,-34.629351],[-58.370931,-34.626665],[-58.355966,-34.617656],[-58.373872,-34.578714],[-58.375089,-34.580539]]]},"properties":{"id":"02007","nombre":"Comuna 1","nombre_completo":"Comuna 1","provincia":{"id":"02","nombre":"Ciudad Autónoma de Buenos Aires","interseccion":0.08710200540102787},"fuente":"IGN","categoria":"Comuna","centroide":{"lon":-58.371511742,"lat":-34.606443542}}},
{"type":"Feature","geometry":{"type":"Polygon","coordinates":[[[-58.42383,-34.66228],[-58.355966,-34.617656],[-58.370931,-34.626665],[-58.379012,-34.629351],[-58.39032,-34.634142],[-58.391137,-34.627271],[-58.411746,-34.630373],[-58.411227,-34.638117],[-58.43231,-34.641759],[-58.430395,-34.649891],[-58.434399,-34.65313],[-58.42383,-34.66228]]]},"properties":{"id":"02028","nombre":"Comuna 4","nombre_completo":"Comuna 4","provincia":{"id":"02","nombre":"Ciudad Autónoma de Buenos Aires","interseccion":0.11018400460252573},"fuente":"IGN","categoria":"Comuna","centroide":{"lon":-58.387561403,"lat":-34.642112895}}},
{"type":"Feature","geometry":{"type":"Polygon","coordinates":[[[-59.596495,-27.284183],[-60.212945,-27.285073],[-60.2156,-28.000696],[-59.401201,-28.000064],[-59.403777,-27.467582],[-59.582229,-27.468114],[-59.58098,-27.298472],[-59.596495,-27.284183]]]},"properties":{"id":"22161","nombre":"Tapenagá","nombre_completo":"Departamento Tapenagá","provincia":{"id":"22","nombre":"Chaco","interseccion":0.060663271247323285},"fuente":"IGN","categoria":"Departamento","centroide":{"lon":-59.827840211,"lat":-27.659629937}}},
{"type":"Feature","geometry":{"type":"Polygon","coordinates":[[[-68.032832,-32.085743],[-68.073254,-32.098972],[-68.122795,-32.09977],[-68.18817,-32.10918],[-68.247932,-32.091545],[-68.301063,-32.13919],[-68.461208,-32.139189],[-68.461209,-32.238052],[-68.503185,-32.339279],[-68.576282,-32.384426],[-68.621541,-32.440988],[-68.674253,-32.603985],[-68.658012,-32.655867],[-68.697131,-32.800484],[-68.637709,-32.833743],[-68.65114,-32.858402],[-68.60439,-32.838917],[-68.456153,-32.869302],[-68.466721,-32.841828],[-68.444515,-32.802454],[-68.3662,-32.767372],[-68.325375,-32.720803],[-67.958553,-32.738206],[-67.956693,-32.988781],[-67.176964,-33.073209],[-67.197989,-33.044171],[-67.231994,-32.865042],[-67.166335,-32.758716],[-67.224982,-32.682167],[-67.310131,-32.424741],[-67.331891,-32.35055],[-67.472911,-32.306686],[-67.522397,-32.221168],[-67.848616,-32.222933],[-67.962798,-32.11914],[-67.989273,-32.097178],[-68.032832,-32.085743]]]},"properties":{"id":"50056","nombre":"Lavalle","nombre_completo":"Departamento Lavalle","provincia":{"id":"50","nombre":"Mendoza","interseccion":0.066175519874204},"fuente":"IGN","categoria":"Departamento","centroide":{"lon":-67.896691264,"lat":-32.575467562}}},
{"type":"Feature","geometry":{"type":"Polygon","coordinates":[[[-70.182516,-34.706823],[-70.248195,-34.798868],[-70.376346,-35.050919],[-70.37502,-35.170222],[-70.53605,-35.199103],[-70.583686,-35.26716],[-70.452003,-35.391625],[-70.384696,-35.60511],[-70.423798,-35.641065],[-70.311964,-35.813164],[-70.421966,-35.876586],[-70.397378,-36.119489],[-70.394986,-36.194329],[-70.351494,-36.324274],[-70.266651,-36.322405],[-70.225354,-36.32712],[-70.19594,-36.421653],[-70.201588,-36.453906],[-70.182686,-36.491076],[-70.137602,-36.527932],[-70.12257,-36.571048],[-70.075919,-36.606619],[-70.02208,-36.665844],[-69.920033,-36.762267],[-69.873573,-36.811398],[-69.759652,-36.87152],[-69.755634,-37.068641],[-69.529573,-37.174436],[-69.396988,-37.171903],[-69.268318,-37.144501],[-69.219642,-37.17739],[-69.172879,-37.177907],[-69.064131,-37.223647],[-69.038293,-37.255636],[-69.049299,-37.314666],[-69.026041,-37.364793],[-68.766087,-37.366485],[-68.69658,-37.442344],[-68.504908,-37.454093],[-68.436663,-37.544564],[-68.254253,-37.571931],[-68.250183,-36.172485],[-68.296132,-36.172547],[-68.29641,-35.997622],[-68.272235,-35.997622],[-68.489119,-35.58256],[-68.746042,-35.369369],[-69.275369,-35.257729],[-69.343671,-35.27509],[-69.514188,-35.229049],[-69.569324,-35.110668],[-69.684878,-34.96685],[-70.015627,-34.808587],[-70.182516,-34.706823]]]},"properties":{"id":"50077","nombre":"Malargüe","nombre_completo":"Departamento Malargüe","provincia":{"id":"50","nombre":"Mendoza","interseccion":0.2771967479008184},"fuente":"IGN","categoria":"Departamento","centroide":{"lon":-69.313081046,"lat":-36.158940038}}},
{"type":"Feature","geometry":{"type":"Polygon","coordinates":[[[-62.544274,-33.943225],[-63.193193,-33.822581],[-64.034826,-33.832831],[-64.031712,-34.174234],[-64.208543,-34.2391],[-64.165508,-34.257347],[-64.162196,-34.370459],[-63.834941,-34.36424],[-63.82982,-34.545433],[-63.501539,-34.544843],[-63.385298,-34.529637],[-63.385084,-34.385761],[-62.883909,-34.38655],[-62.544274,-33.943225]]]},"properties":{"id":"14084","nombre":"Presidente Roque Sáenz Peña","nombre_completo":"Departamento Presidente Roque Sáenz Peña","provincia":{"id":"14","nombre":"Córdoba","interseccion":0.05118167202855177},"fuente":"IGN","categoria":"Departamento","centroide":{"lon":-63.418865209,"lat":-34.14048937}}},
{"type":"Feature","geometry":{"type":"Polygon","coordinates":[[[-66.825668,-39.910592],[-67.8722,-39.810904],[-68.231467,-40.073122],[-68.008524,-40.158163],[-68.085672,-42],[-66.87689,-42.000001],[-66.825668,-39.910592]]]},"properties":{"id":"62049","nombre":"9 de Julio","nombre_completo":"Departamento 9 de Julio","provincia":{"id":"62","nombre":"Río Negro","interseccion":0.11990465945739102},"fuente":"IGN","categoria":"Departamento","centroide":{"lon":-67.457491656,"lat":-40.925551471}}},
{"type":"Feature","geometry":{"type":"Polygon","coordinates":[[[-62.581433,-37.549222],[-62.706044,-37.468294],[-62.813196,-37.373926],[-63.377337,-37.815126],[-63.385682,-37.808789],[-63.38424,-38.829224],[-62.654991,-38.267006],[-62.735947,-38.202478],[-62.654714,-38.139112],[-62.814394,-38.010744],[-62.73478,-37.947923],[-62.895559,-37.819165],[-62.581433,-37.549222]]]},"properties":{"id":"06651","nombre":"Puán","nombre_completo":"Partido de Puán","provincia":{"id":"06","nombre":"Buenos Aires","interseccion":0.021207510721444413},"fuente":"IGN","categoria":"Partido","centroide":{"lon":-63.05743261,"lat":-38.076076321}}},
{"type":"Feature","geometry":{"type":"MultiPolygon","coordinates":[[[[-68.531285,-54.440567],[-68.608954,-54.424099],[-68.596408,-54.872983],[-68.330267,-54.829791],[-68.263595,-54.79517],[-68.033311,-54.850207],[-67.703463,-54.88603],[-67.50576,-54.853494],[-67.153876,-54.892921],[-66.764473,-54.96074],[-66.718673,-55.005341],[-66.521587,-55.056747],[-66.301297,-54.991216],[-65.971361,-54.968373],[-65.982389,-54.9026],[-65.739113,-54.909853],[-65.636844,-54.970015],[-65.232288,-54.829256],[-65.193473,-54.695254],[-65.234876,-54.618826],[-65.511191,-54.65586],[-65.802782,-54.651905],[-65.977242,-54.59842],[-67.002579,-54.598425],[-67.006266,-54.747967],[-67.38777,-54.744201],[-67.392451,-54.619811],[-68.369767,-54.619811],[-68.368232,-54.457498],[-68.531285,-54.440567]]],[[[-64.329248,-54.733907],[-64.724931,-54.81165],[-64.606147,-54.910849],[-64.234679,-54.781963],[-64.172319,-54.823283],[-63.845678,-54.789197],[-63.876314,-54.716802],[-64.329248,-54.733907]]]]},"properties":{"id":"94015","nombre":"Ushuaia","nombre_completo":"Departamento Ushuaia","provincia":{"id":"94","nombre":"Tierra del Fuego, Antártida e Islas del Atlántico Sur","interseccion":0.0018950196649234773},"fuente":"IGN","categoria":"Departamento","centroide":{"lon":-66.68362006,"lat":-54.770467636}}},
{"type":"Feature","geometry":{"type":"Polygon","coordinates":[[[-58.411885,-34.598021],[-58.429128,-34.598977],[-58.4333,-34.602692],[-58.430635,-34.60596],[-58.429994,-34.615467],[-58.423458,-34.640218],[-58.411227,-34.638117],[-58.414626,-34.608208],[-58.411885,-34.598021]]]},"properties":{"id":"02035","nombre":"Comuna 5","nombre_completo":"Comuna 5","provincia":{"id":"02","nombre":"Ciudad Autónoma de Buenos Aires","interseccion":0.03239188369771232},"fuente":"IGN","categoria":"Comuna","centroide":{"lon":-58.42057219,"lat":-34.617369924}}},
{"type":"Feature","geometry":{"type":"Polygon","coordinates":[[[-58.874287,-29.551758],[-58.859653,-29.478859],[-58.925434,-29.473711],[-58.960247,-29.5327],[-59.056438,-29.580484],[-59.080956,-29.656965],[-59.261703,-29.78327],[-59.307452,-29.800356],[-59.382051,-29.824443],[-59.41087,-29.812675],[-59.487054,-29.86691],[-59.545568,-30.016549],[-59.56948,-30.01901],[-59.636584,-30.237456],[-59.693453,-30.313123],[-59.587769,-30.434822],[-59.57244,-30.408418],[-59.574664,-30.370974],[-59.565845,-30.347612],[-59.556837,-30.352302],[-59.557735,-30.33265],[-59.490212,-30.344331],[-59.44097,-30.329455],[-59.419647,-30.315736],[-59.348586,-30.324131],[-59.323732,-30.354244],[-59.241691,-30.365739],[-59.171678,-30.318092],[-59.136577,-30.286569],[-59.126222,-30.1824],[-59.073513,-30.099573],[-59.025436,-29.851475],[-58.911861,-29.809671],[-58.875225,-29.726542],[-58.717913,-29.644793],[-58.730675,-29.589212],[-58.874287,-29.551758]]]},"properties":{"id":"18049","nombre":"Esquina","nombre_completo":"Departamento Esquina","provincia":{"id":"18","nombre":"Corrientes","interseccion":0.04457147430578928},"fuente":"IGN","categoria":"Departamento","centroide":{"lon":-59.241381842,"lat":-29.985327367}}},
{"type":"Feature","geometry":{"type":"Polygon","coordinates":[[[-57.876953,-34.827722],[-58.016317,-34.780357],[-58.083632,-34.835145],[-57.990868,-34.879684],[-57.974604,-34.872367],[-57.931845,-34.903461],[-57.876953,-34.827722]]]},"properties":{"id":"06245","nombre":"Ensenada","nombre_completo":"Partido de Ensenada","provincia":{"id":"06","nombre":"Buenos Aires","interseccion":0.0003623551073798824},"fuente":"IGN","categoria":"Partido","centroide":{"lon":-57.979109093,"lat":-34.842149742}}},
{"type":"Feature","geometry":{"type":"Polygon","coordinates":[[[-62.269083,-34.385821],[-62.889898,-34.386539],[-63.385084,-34.385761],[-63.385707,-35.369724],[-63.329475,-35.323156],[-63.347169,-35.300041],[-63.310018,-35.267808],[-63.285144,-35.288491],[-63.211173,-35.22897],[-63.115413,-35.188868],[-62.964607,-35.311894],[-62.707517,-35.101156],[-62.676893,-35.126607],[-62.657181,-35.110819],[-62.68835,-35.085097],[-62.610627,-35.022719],[-62.642162,-34.996989],[-62.606722,-34.99671],[-62.622173,-34.632497],[-62.584849,-34.61069],[-62.348166,-34.653785],[-62.269083,-34.385821]]]},"properties":{"id":"06392","nombre":"General Villegas","nombre_completo":"Partido de General Villegas","provincia":{"id":"06","nombre":"Buenos Aires","interseccion":0.023064351719685183},"fuente":"IGN","categoria":"Partido","centroide":{"lon":-62.954198841,"lat":-34.770260502}}},
{"type":"Feature","geometry":{"type":"Polygon","coordinates":[[[-58.515486,-34.581291],[-58.468046,-34.572928],[-58.476084,-34.538431],[-58.500804,-34.549533],[-58.515486,-34.581291]]]},"properties":{"id":"02084","nombre":"Comuna 12","nombre_completo":"Comuna 12","provincia":{"id":"02","nombre":"Ciudad Autónoma de Buenos Aires","interseccion":0.0759370848662675},"fuente":"IGN","categoria":"Comuna","centroide":{"lon":-58.490428041,"lat":-34.566227607}}},
{"type":"Feature","geometry":{"type":"Polygon","coordinates":[[[-60.101138,-26.302762],[-60.201476,-26.301856],[-60.205496,-26.632496],[-60.228711,-26.624283],[-60.413001,-27.045443],[-60.272488,-27.094938],[-60.088585,-26.673782],[-60.005749,-26.702958],[-60.001517,-26.303593],[-60.101138,-26.302762]]]},"properties":{"id":"22133","nombre":"Quitilipi","nombre_completo":"Departamento Quitilipi","provincia":{"id":"22","nombre":"Chaco","interseccion":0.015665623621735014},"fuente":"IGN","categoria":"Departamento","centroide":{"lon":-60.172974276,"lat":-26.666318524}}},
{"type":"Feature","geometry":{"type":"Polygon","coordinates":[[[-57.793517,-27.341484],[-57.862416,-27.278595],[-58.026496,-27.259025],[-58.360749,-27.28336],[-58.303726,-27.36228],[-58.324932,-27.359968],[-58.33744,-27.413374],[-58.22031,-27.443373],[-58.118355,-27.402462],[-57.980827,-27.402863],[-57.875954,-27.43956],[-57.742363,-27.355633],[-57.793517,-27.341484]]]},"properties":{"id":"18077","nombre":"Itatí","nombre_completo":"Departamento Itatí","provincia":{"id":"18","nombre":"Corrientes","interseccion":0.009649138974149424},"fuente":"IGN","categoria":"Departamento","centroide":{"lon":-58.071381791,"lat":-27.346055929}}},
{"type":"Feature","geometry":{"type":"Polygon","coordinates":[[[-69.38953,-42],[-69.755269,-41.505187],[-70.269747,-41.415254],[-70.61638,-41.41339],[-70.813149,-41.522904],[-70.929197,-41.427589],[-71.030404,-41.541884],[-71.229505,-41.499819],[-71.225455,-41.665367],[-71.306414,-41.820942],[-71.225792,-41.855811],[-71.240091,-41.953993],[-71.174853,-42],[-69.38953,-42]]]},"properties":{"id":"62056","nombre":"Ñorquinco","nombre_completo":"Departamento Ñorquinco","provincia":{"id":"62","nombre":"Río Negro","interseccion":0.04158057905453651},"fuente":"IGN","categoria":"Departamento","centroide":{"lon":-70.401145909,"lat":-41.739822928}}},
{"type":"Feature","geometry":{"type":"Polygon","coordinates":[[[-68.823961,-39.374926],[-69,-39.225407],[-69.285972,-38.999886],[-69.620834,-39.253027],[-69.713348,-39.178849],[-70.028095,-39.415426],[-69.528097,-39.814447],[-69.348962,-39.712095],[-69.2771,-39.596375],[-69.112793,-39.514709],[-68.999878,-39.515198],[-68.912504,-39.417872],[-68.823961,-39.374926]]]},"properties":{"id":"58098","nombre":"Picún Leufú","nombre_completo":"Departamento Picún Leufú","provincia":{"id":"58","nombre":"Neuquén","interseccion":0.049204572029573394},"fuente":"IGN","categoria":"Departamento","centroide":{"lon":-69.427190721,"lat":-39.403965224}}},
{"type":"Feature","geometry":{"type":"Polygon","coordinates":[[[-69.538805,-38.491846],[-69.661406,-38.509097],[-69.748891,-38.524352],[-69.778053,-38.604619],[-69.902261,-38.640733],[-70.060524,-38.775752],[-70.140058,-38.782845],[-70.486552,-39.038677],[-70.378126,-39.127888],[-70.317268,-39.131235],[-70.251024,-39.192452],[-70.150027,-39.190773],[-69.944274,-39.283323],[-69.906171,-39.316907],[-69.713348,-39.178849],[-69.620834,-39.253027],[-69.285972,-38.999886],[-69.547513,-38.79324],[-69.317686,-38.614622],[-69.348167,-38.599545],[-69.428269,-38.503524],[-69.538805,-38.491846]]]},"properties":{"id":"58112","nombre":"Zapala","nombre_completo":"Departamento Zapala","provincia":{"id":"58","nombre":"Neuquén","interseccion":0.05548989607030764},"fuente":"IGN","categoria":"Departamento","centroide":{"lon":-69.822368201,"lat":-38.922176526}}},
{"type":"Feature","geometry":{"type":"Polygon","coordinates":[[[-63.385313,-38.252924],[-63.385397,-38.224667],[-63.385488,-37.709886],[-64.520222,-37.705344],[-64.528231,-38.246398],[-63.385313,-38.252924]]]},"properties":{"id":"42077","nombre":"Hucal","nombre_completo":"Departamento Hucal","provincia":{"id":"42","nombre":"La Pampa","interseccion":0.042452279042339024},"fuente":"IGN","categoria":"Departamento","centroide":{"lon":-63.954486428,"lat":-37.979231573}}},
{"type":"Feature","geometry":{"type":"Polygon","coordinates":[[[-54.657898,-26.456334],[-54.800544,-26.536115],[-54.801548,-26.649533],[-54.664549,-26.95507],[-54.565882,-26.914184],[-54.545772,-26.830228],[-54.432739,-26.731805],[-54.262895,-26.641646],[-54.277892,-26.48025],[-54.486267,-26.519984],[-54.536677,-26.47527],[-54.62954,-26.489761],[-54.671029,-26.46957],[-54.657898,-26.456334]]]},"properties":{"id":"54084","nombre":"Montecarlo","nombre_completo":"Departamento Montecarlo","provincia":{"id":"54","nombre":"Misiones","interseccion":0.05885980132878364},"fuente":"IGN","categoria":"Departamento","centroide":{"lon":-54.563177451,"lat":-26.657908187}}},
{"type":"Feature","geometry":{"type":"Polygon","coordinates":[[[-54.320803,-26.142357],[-54.433017,-26.121155],[-54.572614,-26.148546],[-54.618322,-26.148715],[-54.647569,-26.31147],[-54.696645,-26.377714],[-54.657898,-26.456334],[-54.671029,-26.46957],[-54.62954,-26.489761],[-54.536677,-26.47527],[-54.486267,-26.519984],[-54.277892,-26.48025],[-54.263902,-26.290063],[-54.239713,-26.276477],[-54.225816,-26.268092],[-54.16467,-26.268011],[-54.165532,-26.216812],[-54.142696,-26.142655],[-54.320803,-26.142357]]]},"properties":{"id":"54042","nombre":"Eldorado","nombre_completo":"Departamento Eldorado","provincia":{"id":"54","nombre":"Misiones","interseccion":0.05735594350194264},"fuente":"IGN","categoria":"Departamento","centroide":{"lon":-54.440736339,"lat":-26.313844997}}},
{"type":"Feature","geometry":{"type":"Polygon","coordinates":[[[-53.794184,-26.25523],[-53.886702,-26.255269],[-53.986864,-26.268135],[-54.225816,-26.268092],[-54.239713,-26.276477],[-54.263902,-26.290063],[-54.262895,-26.641646],[-54.188296,-26.667199],[-54.25997,-26.739283],[-54.237413,-26.803561],[-54.134838,-26.78728],[-54.022495,-26.90282],[-54.035132,-26.94365],[-53.996802,-27.009179],[-53.97696,-27.018606],[-53.936134,-27.035494],[-53.908243,-27.070149],[-53.885245,-27.058455],[-53.926137,-27.124057],[-53.836696,-27.169661],[-53.802297,-27.040314],[-53.717852,-26.990188],[-53.688414,-26.83777],[-53.742922,-26.680287],[-53.704511,-26.508752],[-53.71969,-26.46672],[-53.79266,-26.332159],[-53.794184,-26.25523]]]},"properties":{"id":"54112","nombre":"San Pedro","nombre_completo":"Departamento San Pedro","provincia":{"id":"54","nombre":"Misiones","interseccion":0.13614655907638},"fuente":"IGN","categoria":"Departamento","centroide":{"lon":-53.962978042,"lat":-26.629960774}}},
{"type":"Feature","geometry":{"type":"MultiPolygon","coordinates":[[[[-25,-75.87687],[-25.524338,-75.880924],[-25.930256,-75.925404],[-26.380673,-76.0359],[-26.591042,-76.049257],[-26.709333,-76.150328],[-27.253771,-76.16094],[-27.675877,-76.253842],[-27.945846,-76.251459],[-28.36372,-76.321494],[-28.860082,-76.350755],[-29.515331,-76.490545],[-29.62978,-76.578118],[-29.98622,-76.599004],[-30.406869,-76.700026],[-30.490451,-76.809333],[-30.930925,-76.887212],[-31.300992,-76.911174],[-31.720617,-76.980858],[-31.877884,-77.136846],[-32.154183,-77.17303],[-32.625225,-77.127527],[-32.924248,-77.172573],[-33.224805,-77.277399],[-33.718477,-77.310169],[-33.952853,-77.411609],[-34.378534,-77.477226],[-34.781248,-77.678045],[-34.661847,-77.793138],[-35.352856,-77.853973],[-35.65269,-78.095029],[-35.907369,-78.191586],[-36.240219,-78.381006],[-36.534389,-78.630081],[-36.270467,-78.84527],[-35.715755,-78.922708],[-34.968667,-78.979116],[-34.151102,-79.109575],[-34.161533,-79.161346],[-33.72257,-79.221561],[-32.642635,-79.257173],[-31.367684,-79.157002],[-31.131319,-79.162269],[-30.265069,-79.043189],[-30.142604,-79.177581],[-29.748932,-79.351042],[-30.746879,-79.578118],[-31.031041,-79.612591],[-31.543158,-79.59625],[-31.992851,-79.631496],[-31.75735,-79.736494],[-32.096515,-79.788427],[-31.980563,-79.848307],[-30.766303,-79.950046],[-30.163138,-80.045955],[-28.755882,-79.96231],[-28.49383,-79.983764],[-27.365169,-79.968342],[-26.202288,-80.015081],[-26.319333,-80.11856],[-27.997952,-80.08753],[-29.795025,-80.162883],[-29.746357,-80.259],[-30.151894,-80.293922],[-30.793788,-80.264321],[-31.233922,-80.292767],[-31.125405,-80.40255],[-31.953444,-80.425496],[-32.728507,-80.522806],[-33.109972,-80.533757],[-33.41073,-80.609131],[-34.497071,-80.662243],[-35.211025,-80.598776],[-35.483371,-80.647571],[-35.183868,-80.72219],[-35.77802,-80.800387],[-36.02839,-80.917477],[-36.490307,-80.934499],[-37.383816,-81.071636],[-37.759881,-80.982967],[-38.777193,-80.89661],[-39.576559,-80.992983],[-40.293075,-81.163162],[-41.109336,-81.219917],[-41.78642,-81.414476],[-41.920224,-81.611186],[-42.222354,-81.638167],[-42.465413,-81.760888],[-43.16926,-81.897064],[-43.274029,-82.039107],[-43.126836,-82.116007],[-44.057814,-82.400037],[-45.000978,-82.414612],[-45.641496,-82.522778],[-46.191165,-82.547711],[-46.674025,-82.416765],[-46.087023,-82.224452],[-45.985403,-82.133739],[-46.278702,-81.973121],[-46.512257,-81.938501],[-47.18509,-82.038114],[-47.596464,-82.031186],[-47.544897,-81.93037],[-48.908487,-81.89654],[-49.512305,-81.955933],[-50.585859,-81.995963],[-52.14448,-82.080718],[-52.701179,-82.162299],[-53.214941,-82.123887],[-54.720934,-82.293524],[-55.152428,-82.393989],[-55.123337,-82.500743],[-55.900441,-82.471603],[-56.061225,-82.56776],[-56.753807,-82.729682],[-57.167402,-82.779259],[-57.745328,-82.920251],[-58.721583,-83.29667],[-58.914239,-83.401858],[-59.593772,-83.467711],[-61.450586,-83.384931],[-61.636354,-83.311055],[-61.196608,-83.196491],[-60.963692,-83.002761],[-61.963299,-82.969543],[-62.127807,-82.836671],[-62.817224,-82.52367],[-62.080124,-82.473771],[-61.561877,-82.374465],[-61.13534,-82.349596],[-60.490823,-82.212132],[-60.723314,-82.154957],[-61.526237,-82.244634],[-62.345967,-82.256097],[-63.766026,-82.320991],[-64.247754,-82.376489],[-65.105522,-82.405527],[-65.221095,-82.27234],[-66.099435,-82.300559],[-66.115398,-82.190215],[-65.634803,-81.990549],[-66.257431,-81.949154],[-65.668446,-81.871859],[-65.276001,-81.911648],[-64.006482,-81.905696],[-63.538834,-81.860713],[-63.524762,-81.775861],[-64.448639,-81.775161],[-64.914098,-81.822483],[-65.180044,-81.739203],[-64.704808,-81.697885],[-64.016594,-81.701333],[-63.523504,-81.64456],[-63.047799,-81.722622],[-62.405809,-81.71498],[-62.093795,-81.651236],[-62.302047,-81.563719],[-63.095226,-81.540196],[-63.930302,-81.577702],[-64.182796,-81.542995],[-65.244444,-81.52905],[-66.499614,-81.347485],[-68.389326,-81.116336],[-68.672949,-81.019894],[-69.158899,-81.036157],[-69.991437,-80.977882],[-70.399911,-80.83299],[-70.38383,-80.701718],[-70.792444,-80.615766],[-71.571041,-80.722982],[-72.557136,-80.792647],[-72.808392,-80.96538],[-74,-80.828779],[-74,-90],[-25,-90],[-25,-75.87687]]],[[[-57.276351,-63.223908],[-57.875773,-63.31327],[-58.15677,-63.473442],[-58.396837,-63.456177],[-58.789894,-63.514905],[-58.949886,-63.595462],[-58.915295,-63.65817],[-59.110306,-63.721245],[-59.35187,-63.732092],[-59.383676,-63.868474],[-59.555461,-63.896872],[-59.826947,-63.83471],[-59.94655,-63.865199],[-59.959201,-63.956616],[-60.225295,-63.910766],[-60.444969,-63.954504],[-60.738712,-64.060282],[-60.88055,-64.045564],[-60.851621,-64.169936],[-60.938877,-64.302459],[-61.108735,-64.306745],[-61.262578,-64.391257],[-61.552858,-64.432988],[-61.616975,-64.534932],[-61.529889,-64.606117],[-61.598517,-64.668446],[-61.830794,-64.564341],[-61.931976,-64.675843],[-62.286178,-64.770379],[-62.303623,-64.655074],[-62.531209,-64.610547],[-62.540855,-64.748766],[-62.820389,-64.804636],[-62.835014,-64.90908],[-63.265175,-64.955238],[-63.041538,-65.052794],[-63.168119,-65.141427],[-63.395538,-65.116693],[-63.705963,-65.042261],[-63.900414,-65.057088],[-64.093547,-65.175825],[-64.098819,-65.305465],[-63.944327,-65.46746],[-63.690163,-65.504963],[-63.894569,-65.603838],[-63.988124,-65.529336],[-64.192219,-65.540738],[-64.279456,-65.633148],[-64.478277,-65.629618],[-64.350295,-65.798732],[-64.561449,-65.770057],[-64.700759,-65.832063],[-64.447703,-65.959462],[-64.70983,-66.013948],[-64.937508,-65.92332],[-65.299082,-65.965538],[-65.291339,-66.14896],[-65.635872,-66.112946],[-65.702387,-66.260886],[-65.550544,-66.400949],[-65.686255,-66.429455],[-65.740834,-66.56944],[-65.634252,-66.66579],[-65.835745,-66.689425],[-66.130534,-66.586824],[-66.351202,-66.588482],[-66.566019,-66.660752],[-66.589873,-66.801521],[-66.432387,-66.849511],[-66.601695,-66.991256],[-66.442354,-67.174824],[-66.469164,-67.25419],[-66.886093,-67.170753],[-66.961859,-66.927204],[-67.246885,-67.029316],[-67.312695,-67.109748],[-67.509733,-67.04905],[-67.593095,-67.154064],[-67.542499,-67.345933],[-67.649203,-67.452202],[-67.364187,-67.535286],[-66.965159,-67.473798],[-66.725968,-67.535731],[-67.099395,-67.773764],[-66.89614,-67.832689],[-66.838141,-67.913347],[-67.293288,-67.95981],[-67.075827,-68.044238],[-67.12582,-68.108991],[-66.877993,-68.228373],[-66.780939,-68.316174],[-66.941774,-68.349429],[-66.951359,-68.460133],[-67.201722,-68.50831],[-67.035729,-68.608622],[-67.003002,-68.788558],[-67.393325,-68.789801],[-67.48981,-68.831269],[-67.246751,-68.949924],[-66.884949,-68.967419],[-66.762207,-69.061358],[-66.968358,-69.115461],[-66.896051,-69.222249],[-67.226788,-69.296313],[-67.461631,-69.456741],[-67.782519,-69.371311],[-68.171516,-69.319405],[-68.30747,-69.403784],[-68.573199,-69.377315],[-68.821801,-69.396505],[-68.612015,-69.525113],[-68.502239,-69.637986],[-68.332177,-69.695455],[-68.384817,-69.876242],[-68.503543,-69.92857],[-68.489134,-70.049111],[-68.29289,-70.116813],[-67.958155,-70.304224],[-67.854276,-70.479159],[-67.701967,-70.607581],[-67.798491,-70.664498],[-67.543369,-70.959347],[-67.387969,-71.007928],[-67.568618,-71.08168],[-67.463818,-71.169432],[-67.495615,-71.272529],[-67.641901,-71.380858],[-67.624535,-71.5317],[-67.529859,-71.616532],[-67.134783,-71.744316],[-66.970993,-71.893193],[-66.777539,-71.956477],[-66.75144,-72.132847],[-66.949762,-72.242063],[-66.963735,-72.339564],[-67.207171,-72.44783],[-67.211632,-72.59352],[-67.530472,-72.736953],[-67.493891,-72.822712],[-67.781209,-72.84801],[-68.663329,-73.093396],[-68.857298,-73.094851],[-69.300154,-73.172804],[-70.228276,-73.229586],[-70.388235,-73.285897],[-70.722588,-73.251981],[-71.066317,-73.261554],[-71.456887,-73.360324],[-71.757463,-73.342214],[-72.303812,-73.387149],[-72.428723,-73.451313],[-72.987683,-73.450651],[-73.369091,-73.547261],[-73.665319,-73.56769],[-73.734983,-73.633195],[-74,-73.642575],[-74,-76.691346],[-73.854438,-76.654896],[-73.369302,-76.691515],[-72.862657,-76.675139],[-72.260261,-76.704159],[-71.618015,-76.765587],[-71.007831,-76.744223],[-70.172462,-76.668416],[-70.002386,-76.525559],[-70.130308,-76.412194],[-69.473681,-76.337756],[-68.88592,-76.294953],[-68.55783,-76.298857],[-67.945144,-76.230114],[-68.038596,-76.1514],[-67.450616,-76.129841],[-66.78064,-76.048869],[-66.265688,-76.01332],[-65.017189,-75.793304],[-64.262084,-75.68239],[-63.589228,-75.528378],[-63.078194,-75.362392],[-63.817636,-75.323516],[-64.316489,-75.374348],[-64.442643,-75.321099],[-64.168257,-75.214081],[-63.365674,-75.176942],[-63.035434,-75.142046],[-63.311823,-75.00994],[-63.780482,-75.04208],[-64.038871,-74.97679],[-63.052778,-74.901555],[-63.29536,-74.716648],[-63.07041,-74.657637],[-62.594799,-74.793417],[-62.563388,-74.974652],[-62.073142,-74.938876],[-61.790372,-74.771257],[-62.110055,-74.462857],[-61.339674,-74.549186],[-61.00344,-74.504316],[-61.034355,-74.404707],[-60.750205,-74.364926],[-60.783116,-74.241672],[-61.385105,-74.33686],[-61.644621,-74.291229],[-61.279091,-74.219516],[-61.034363,-74.086437],[-61.511551,-74.012954],[-61.832397,-73.918948],[-61.411901,-73.870186],[-61.247592,-73.958018],[-60.98276,-73.959925],[-60.729646,-73.696101],[-60.894993,-73.551709],[-61.778325,-73.446498],[-61.884495,-73.360441],[-61.727622,-73.308695],[-62.033191,-73.159215],[-61.660518,-73.163814],[-61.277164,-73.202131],[-61.055034,-73.350957],[-60.805451,-73.318402],[-60.59052,-73.191575],[-60.365843,-73.327524],[-59.977386,-73.24065],[-60.044612,-73.159117],[-59.900784,-73.007378],[-59.943999,-72.897],[-60.094542,-72.876341],[-60.240771,-73.027549],[-60.53483,-72.98094],[-60.603988,-72.910341],[-60.489261,-72.814458],[-60.526435,-72.657783],[-61.02156,-72.693932],[-61.247741,-72.616181],[-61.325426,-72.41749],[-61.035945,-72.473352],[-60.640362,-72.430813],[-60.693622,-72.229647],[-60.885153,-72.182669],[-60.674619,-72.114704],[-60.656455,-72.037014],[-61.394709,-72.064801],[-61.707882,-72.041704],[-61.927157,-72.095359],[-62.09901,-72.015026],[-62.413872,-71.964873],[-62.423213,-71.909732],[-62.040028,-71.910952],[-61.618302,-71.855568],[-61.029492,-71.852268],[-60.766091,-71.755966],[-60.784609,-71.680023],[-61.005258,-71.642447],[-61.157869,-71.532408],[-61.587727,-71.690786],[-62.086647,-71.675803],[-62.074014,-71.62216],[-61.736642,-71.609896],[-61.464405,-71.454918],[-61.132603,-71.416503],[-60.95138,-71.237435],[-60.980573,-71.150799],[-61.357536,-71.030147],[-61.243545,-70.897546],[-61.485315,-70.834977],[-61.682981,-70.849838],[-61.784264,-70.925663],[-62.062502,-70.898309],[-62.005795,-70.794877],[-61.643159,-70.687267],[-61.623002,-70.608498],[-61.354801,-70.578354],[-61.397853,-70.513367],[-61.965194,-70.509728],[-62.134712,-70.429112],[-62.436167,-70.399909],[-62.405316,-70.227019],[-61.958434,-70.272431],[-61.862438,-70.215217],[-61.999602,-70.075608],[-62.31556,-69.990818],[-62.304319,-69.920543],[-62.514942,-69.869361],[-62.426098,-69.781666],[-62.391838,-69.533868],[-62.583445,-69.48221],[-62.770575,-69.346091],[-62.955561,-69.380332],[-63.084355,-69.304683],[-63.150388,-69.171216],[-63.303481,-69.090476],[-63.891092,-69.006013],[-63.475561,-68.900891],[-63.405143,-68.769109],[-63.676011,-68.748194],[-63.856618,-68.697777],[-63.664301,-68.542872],[-63.458565,-68.552652],[-63.290335,-68.454392],[-63.443387,-68.431287],[-63.967369,-68.483635],[-64.260045,-68.594148],[-63.999652,-68.747327],[-64.100908,-68.83343],[-64.601044,-68.747556],[-65.16018,-68.626328],[-65.352328,-68.558791],[-64.976959,-68.403317],[-65.081792,-68.359426],[-65.388878,-68.378699],[-65.418479,-68.309421],[-64.794222,-68.168895],[-64.983207,-68.092688],[-65.264736,-68.176431],[-65.353733,-68.138668],[-65.76129,-68.163015],[-65.612793,-68.043658],[-65.397433,-68.028355],[-65.697367,-67.876899],[-65.525252,-67.843729],[-65.599553,-67.758117],[-65.321476,-67.66556],[-65.596373,-67.55555],[-65.304281,-67.398642],[-64.922695,-67.328407],[-64.759855,-67.268794],[-64.975963,-67.199234],[-64.693401,-67.150093],[-64.979211,-67.033403],[-64.883214,-66.979515],[-64.684977,-66.987953],[-64.747849,-66.841337],[-64.368013,-66.913573],[-64.240913,-66.853368],[-64.101398,-66.937354],[-63.735,-66.899298],[-63.742285,-66.793593],[-63.924766,-66.701285],[-64.145345,-66.64471],[-63.795183,-66.599404],[-63.910215,-66.505556],[-63.768348,-66.281171],[-63.551942,-66.205368],[-63.198721,-66.272631],[-63.146399,-66.357055],[-62.895667,-66.478403],[-62.7872,-66.661111],[-62.626813,-66.743316],[-62.468347,-66.700815],[-62.52052,-66.604561],[-62.715012,-66.520177],[-62.523935,-66.485267],[-62.57367,-66.394071],[-62.757587,-66.322342],[-62.717555,-66.245505],[-62.54618,-66.250043],[-62.229272,-66.174771],[-61.877223,-66.339106],[-61.83514,-66.455258],[-61.700647,-66.465848],[-61.674431,-66.32419],[-61.739707,-66.232392],[-61.502289,-66.226392],[-61.301236,-66.150853],[-60.928691,-66.265333],[-60.879176,-66.189803],[-61.045951,-66.089096],[-60.546153,-66.014199],[-60.575759,-65.939901],[-61.017968,-65.910925],[-61.237312,-65.916431],[-61.317117,-66.089525],[-61.62047,-66.014712],[-61.711636,-66.083397],[-61.918143,-66.131884],[-62.045063,-66.105973],[-62.377851,-65.932742],[-62.416787,-65.855708],[-62.042307,-65.665519],[-62.084412,-65.600936],[-61.93592,-65.497974],[-62.219872,-65.454316],[-62.151493,-65.31145],[-62.009412,-65.260221],[-61.602151,-65.239681],[-61.569952,-65.129766],[-61.701849,-65.082759],[-61.693536,-64.997842],[-61.531201,-64.983022],[-61.324982,-65.044166],[-61.001573,-64.953932],[-60.695478,-64.792465],[-60.691523,-64.727252],[-60.359764,-64.653916],[-60.325843,-64.552471],[-60.080896,-64.49983],[-59.975134,-64.4398],[-59.754797,-64.431301],[-59.801523,-64.559287],[-59.651646,-64.604207],[-59.542761,-64.542693],[-59.649646,-64.403816],[-59.480678,-64.308616],[-59.373174,-64.431149],[-59.17449,-64.474349],[-59.058438,-64.451947],[-58.905388,-64.556688],[-58.760491,-64.507201],[-58.793212,-64.414089],[-58.908077,-64.355042],[-58.756748,-64.287172],[-59.114187,-64.249397],[-59.010672,-64.200731],[-58.803971,-64.216934],[-58.646895,-63.951103],[-58.374391,-63.848924],[-58.276446,-63.728724],[-58.035032,-63.674025],[-57.872637,-63.672584],[-57.723772,-63.558075],[-57.322149,-63.484025],[-57.140554,-63.484257],[-57.174624,-63.604529],[-56.953973,-63.609001],[-56.94176,-63.401909],[-57.037037,-63.356436],[-57.04106,-63.263962],[-57.276351,-63.223908]]],[[[-46.882158,-77.777974],[-47.618904,-77.796162],[-48.60282,-77.979739],[-49.003037,-78.026274],[-49.667936,-78.283067],[-49.914892,-78.482755],[-50.231361,-78.65105],[-50.146636,-78.801024],[-50.360443,-78.92486],[-50.284846,-78.985844],[-50.475228,-79.131513],[-50.310094,-79.158236],[-50.447231,-79.31201],[-50.228808,-79.444308],[-50.301988,-79.566018],[-50.564862,-79.62872],[-51.334433,-79.890392],[-52.182852,-80.137162],[-52.971053,-80.20577],[-53.486726,-80.220632],[-53.705629,-80.294442],[-54.222955,-80.634272],[-54.276959,-80.84471],[-53.933392,-80.879447],[-52.628428,-80.894566],[-51.133167,-80.864213],[-50.154544,-80.820341],[-49.722215,-80.765808],[-49.74535,-80.69813],[-49.372646,-80.629271],[-48.707574,-80.623715],[-48.02863,-80.653185],[-47.067685,-80.610336],[-46.185405,-80.545927],[-44.990657,-80.412924],[-43.736311,-80.218709],[-43.442504,-80.11044],[-43.822219,-79.969813],[-43.136115,-79.95077],[-43.045756,-79.866301],[-42.961557,-79.513318],[-43.136811,-79.320449],[-43.333398,-79.22921],[-43.188503,-79.173075],[-43.432218,-79.050044],[-43.478556,-78.930823],[-43.769639,-78.794813],[-45.133737,-78.807824],[-45.382894,-78.776975],[-45.36373,-78.682078],[-44.987875,-78.627568],[-43.928328,-78.596678],[-43.725085,-78.388058],[-43.757982,-78.279381],[-44.04953,-78.17257],[-44.734458,-77.984667],[-45.625106,-77.846761],[-46.151147,-77.796127],[-46.882158,-77.777974]]],[[[-70.34,-68.816831],[-70.900847,-68.820784],[-71.027598,-68.868363],[-71.595571,-68.85604],[-71.943835,-68.939244],[-72.203483,-69.069252],[-72.105932,-69.254469],[-71.917862,-69.35658],[-71.673405,-69.390389],[-71.63351,-69.448869],[-71.745656,-69.560983],[-71.737725,-69.658021],[-71.58422,-69.739098],[-71.816819,-69.789035],[-71.927168,-69.958055],[-71.601559,-70.098445],[-71.375821,-70.128376],[-70.978153,-70.235823],[-70.742077,-70.121127],[-70.506017,-70.223432],[-70.242963,-70.232707],[-69.889831,-70.302193],[-70.746387,-70.40822],[-70.977155,-70.450933],[-71.064216,-70.567267],[-71.228597,-70.624609],[-71.20841,-70.752013],[-70.934396,-70.768478],[-70.827035,-70.825857],[-70.389427,-70.821535],[-69.957773,-70.88615],[-69.968548,-70.950501],[-70.482498,-70.956816],[-70.734146,-70.995655],[-71.174095,-70.998965],[-71.63169,-71.151986],[-71.906329,-71.14352],[-72.386901,-71.049113],[-72.765861,-71.066376],[-73.126646,-71.144403],[-72.727269,-71.267541],[-72.224071,-71.312761],[-72.246888,-71.376592],[-72.562161,-71.365126],[-72.838002,-71.404776],[-72.947636,-71.355444],[-73.356659,-71.303917],[-73.698857,-71.350012],[-73.420614,-71.595855],[-73.774311,-71.52376],[-74,-71.419569],[-74,-72.163132],[-73.505316,-72.006],[-73.760121,-71.898841],[-73.478921,-71.830964],[-73.178446,-71.925356],[-72.874814,-71.927612],[-72.710595,-71.863421],[-72.671158,-71.722145],[-72.493397,-71.729038],[-72.349002,-71.628556],[-72.182105,-71.661444],[-71.819937,-71.821688],[-71.79473,-71.894299],[-71.379122,-71.834478],[-71.138713,-71.906851],[-70.858721,-71.84302],[-70.706634,-71.872576],[-70.742151,-71.962378],[-70.951804,-72.025102],[-71.486232,-72.063658],[-72.044146,-72.155218],[-71.647877,-72.252472],[-71.126222,-72.274775],[-70.697132,-72.167423],[-70.421268,-72.130447],[-70.214317,-72.289044],[-70.927271,-72.397331],[-71.854456,-72.357021],[-72.338333,-72.28878],[-72.701934,-72.27173],[-73.097395,-72.380028],[-73.162255,-72.449286],[-72.854602,-72.576691],[-72.394664,-72.668925],[-72.021355,-72.632197],[-71.41868,-72.630422],[-70.696381,-72.669471],[-70.104075,-72.617059],[-69.817262,-72.619367],[-69.239588,-72.543486],[-69.119169,-72.373115],[-68.949887,-72.376004],[-68.771456,-72.22903],[-68.464957,-72.246413],[-68.339669,-72.085881],[-68.393717,-71.976752],[-68.209742,-71.867428],[-68.20571,-71.679646],[-68.123059,-71.585749],[-68.248828,-71.450338],[-68.21683,-71.177978],[-68.309213,-71.020995],[-68.333732,-70.791144],[-68.480618,-70.612243],[-68.59631,-70.559338],[-68.731742,-70.346975],[-69.075691,-70.150758],[-69.332758,-69.821116],[-69.323755,-69.629854],[-69.487034,-69.566993],[-69.54314,-69.451811],[-69.748956,-69.278062],[-69.939528,-69.309688],[-70.114499,-69.272679],[-70.028074,-69.198481],[-70.106987,-68.885866],[-70.34,-68.816831]]],[[[-59.804235,-80.346161],[-59.791542,-80.149381],[-59.963897,-80.095539],[-59.88444,-79.837244],[-60.136025,-79.759334],[-60.853334,-79.773486],[-61.221456,-79.875642],[-61.421623,-80.148812],[-61.321726,-80.298573],[-62.098288,-80.404672],[-63.436981,-80.467639],[-63.868613,-80.44058],[-65.732862,-80.398151],[-66.206733,-80.337979],[-66.198842,-80.19843],[-66.630623,-80.238328],[-66.750506,-80.396608],[-65.91881,-80.563469],[-65.154076,-80.674405],[-64.259761,-80.726293],[-64.169027,-80.651558],[-63.615888,-80.593079],[-63.128663,-80.604863],[-62.870283,-80.800014],[-62.307665,-80.886049],[-61.345548,-80.952109],[-60.566988,-80.941502],[-60.184702,-80.850533],[-59.877179,-80.588055],[-59.804235,-80.346161]]],[[[-70.722748,-79.702084],[-69.769576,-79.527175],[-69.829534,-79.44353],[-69.513206,-79.301403],[-68.718872,-79.019346],[-67.633492,-78.736562],[-67.214758,-78.57556],[-67.348584,-78.456757],[-67.987766,-78.475513],[-68.523131,-78.572263],[-69.488222,-78.701094],[-69.887697,-78.805113],[-70.296667,-78.854822],[-71.179994,-79.048101],[-71.608249,-79.25181],[-71.810152,-79.4972],[-71.48366,-79.633178],[-70.722748,-79.702084]]],[[[-67.687715,-66.623563],[-67.856843,-66.621833],[-68.089663,-66.726237],[-68.275639,-66.760275],[-68.462785,-66.869485],[-68.764064,-67.156401],[-68.892192,-67.317059],[-69.127948,-67.434129],[-69.198528,-67.542311],[-68.902264,-67.76661],[-68.551601,-67.742895],[-68.402063,-67.651287],[-68.42375,-67.559116],[-68.128362,-67.572378],[-67.942085,-67.401843],[-68.240326,-67.381484],[-67.983237,-67.302673],[-67.832804,-67.192599],[-67.81046,-67.071832],[-68.021369,-66.943841],[-67.950113,-66.82621],[-67.745197,-66.760802],[-67.687715,-66.623563]]],[[[-73.652636,-77.515035],[-74,-77.485808],[-74,-78.098896],[-73.354489,-77.95672],[-72.795216,-77.713897],[-72.793687,-77.601957],[-72.989884,-77.5522],[-73.652636,-77.515035]]],[[[-57.806447,-63.800537],[-57.966497,-63.806532],[-58.288299,-63.921407],[-58.4573,-64.09097],[-58.218905,-64.104206],[-58.158724,-64.272168],[-58.310598,-64.326354],[-57.917526,-64.439185],[-57.601089,-64.380414],[-57.370825,-64.392457],[-57.402392,-64.285427],[-57.232655,-64.21719],[-57.136051,-64.084566],[-57.511323,-64.021612],[-57.735397,-64.018799],[-57.883001,-63.976401],[-57.767962,-63.897701],[-57.806447,-63.800537]]],[[[-63.344604,-64.246388],[-63.577972,-64.268014],[-63.671426,-64.317124],[-63.708259,-64.444208],[-63.940557,-64.458084],[-63.899688,-64.53566],[-64.113158,-64.554693],[-64.191162,-64.644228],[-64.064974,-64.759044],[-63.784144,-64.788366],[-63.564705,-64.735339],[-63.319345,-64.739535],[-63.185509,-64.650566],[-62.985454,-64.621772],[-62.882299,-64.532564],[-63.322802,-64.448033],[-63.305297,-64.362572],[-63.157519,-64.329897],[-63.344604,-64.246388]]],[[[-55.596284,-63.120817],[-56.132512,-63.155316],[-56.352516,-63.222427],[-56.541384,-63.33231],[-56.433875,-63.437756],[-56.046732,-63.387002],[-55.839461,-63.323704],[-55.55279,-63.346911],[-55.433294,-63.328273],[-55.171142,-63.368036],[-55.038837,-63.308703],[-55.051307,-63.228457],[-55.403331,-63.180738],[-55.596284,-63.120817]]],[[[-61.807603,-69.539453],[-61.733648,-69.48957],[-61.824585,-69.378522],[-62.086722,-69.230407],[-62.433962,-69.143781],[-62.580174,-69.188694],[-62.483583,-69.335457],[-62.203056,-69.506793],[-62.116106,-69.729092],[-61.970059,-69.720865],[-61.807603,-69.539453]]],[[[-57.679813,-61.897356],[-57.856339,-61.946563],[-58.050878,-61.930096],[-58.212805,-61.960544],[-58.357627,-61.931459],[-58.884951,-62.116847],[-58.791322,-62.23107],[-58.615511,-62.261885],[-58.229557,-62.18752],[-58.045355,-62.077469],[-57.679507,-61.979798],[-57.679813,-61.897356]]],[[[-62.460563,-64.009339],[-62.499261,-64.098614],[-62.615683,-64.140285],[-62.464166,-64.233217],[-62.687043,-64.405142],[-62.676612,-64.490413],[-62.462616,-64.496793],[-62.230269,-64.393151],[-61.994532,-64.144164],[-62.285467,-64.097237],[-62.296988,-64.018019],[-62.460563,-64.009339]]],[[[-72.670116,-69.415124],[-72.967957,-69.484704],[-72.769065,-69.662486],[-72.523056,-69.69357],[-72.150455,-69.665366],[-72.384733,-69.46656],[-72.670116,-69.415124]]],[[[-60.124071,-62.464664],[-60.326414,-62.564943],[-60.82988,-62.583794],[-61.04256,-62.656238],[-60.858198,-62.69127],[-60.709316,-62.622548],[-60.359241,-62.66048],[-60.31226,-62.764197],[-60.050293,-62.707059],[-59.994732,-62.631481],[-60.124071,-62.464664]]],[[[-65.767002,-65.521269],[-65.964477,-65.549938],[-65.960588,-65.61786],[-66.09978,-65.697454],[-66.199216,-65.83215],[-66.13859,-65.886236],[-65.85226,-65.827426],[-65.90794,-65.711036],[-65.660637,-65.675525],[-65.686868,-65.546415],[-65.767002,-65.521269]]],[[[-73.595245,-70.674188],[-74,-70.551034],[-74,-70.872896],[-73.563525,-70.74724],[-73.595245,-70.674188]]],[[[-60.522278,-70.511216],[-60.96532,-70.54889],[-60.984788,-70.61576],[-60.798086,-70.722112],[-60.530255,-70.671775],[-60.428337,-70.608095],[-60.522278,-70.511216]]],[[[-67.232471,-67.590079],[-67.579537,-67.602695],[-67.754016,-67.659774],[-67.700438,-67.7675],[-67.439411,-67.787299],[-67.117496,-67.633294],[-67.232471,-67.590079]]],[[[-56.487522,-62.977375],[-56.623733,-63.0532],[-56.331786,-63.186881],[-56.046997,-63.076245],[-56.094354,-63.001506],[-56.307754,-63.008596],[-56.487522,-62.977375]]],[[[-55.351504,-61.058321],[-55.473656,-61.128344],[-55.217387,-61.280944],[-55.039888,-61.161671],[-54.747521,-61.156074],[-54.748588,-61.092353],[-54.984574,-61.115386],[-55.351504,-61.058321]]],[[[-73.578351,-73.181119],[-73.756735,-73.085435],[-74,-73.217196],[-74,-73.371255],[-73.768257,-73.323186],[-73.578351,-73.181119]]],[[[-45.674201,-60.529284],[-45.737854,-60.645392],[-45.539137,-60.642772],[-45.294854,-60.686662],[-45.429397,-60.555667],[-45.674201,-60.529284]]],[[[-56.952866,-64.441282],[-56.983164,-64.361849],[-57.267469,-64.439166],[-57.443932,-64.44278],[-57.453274,-64.533476],[-57.251641,-64.573761],[-56.952866,-64.441282]]],[[[-55.944879,-63.398806],[-56.193807,-63.437174],[-56.148465,-63.542525],[-55.95202,-63.587632],[-55.725064,-63.50347],[-55.737136,-63.438],[-55.944879,-63.398806]]],[[[-71.629525,-70.307018],[-71.703855,-70.420902],[-71.444259,-70.398662],[-71.320729,-70.298832],[-71.629525,-70.307018]]],[[[-60.603628,-71.07026],[-60.506967,-70.978345],[-60.768641,-70.912611],[-60.959061,-70.977403],[-60.603628,-71.07026]]],[[[-57.336373,-63.799055],[-57.5835,-63.797805],[-57.619683,-63.884412],[-57.343978,-63.889271],[-57.336373,-63.799055]]],[[[-67.282696,-66.773716],[-67.496697,-66.736045],[-67.550905,-66.871274],[-67.393358,-66.91104],[-67.226299,-66.836426],[-67.282696,-66.773716]]],[[[-66.622319,-66.066885],[-66.747024,-66.090353],[-66.772724,-66.22573],[-66.60902,-66.21136],[-66.622319,-66.066885]]],[[[-59.469165,-65.256224],[-59.611953,-65.120217],[-59.776051,-65.185433],[-59.469165,-65.256224]]],[[[-61.22376,-69.996772],[-61.111474,-69.942184],[-61.200627,-69.856487],[-61.376723,-69.878109],[-61.38472,-69.955265],[-61.22376,-69.996772]]],[[[-60.783194,-63.675588],[-60.843045,-63.829907],[-60.707775,-63.815749],[-60.557432,-63.701109],[-60.783194,-63.675588]]],[[[-59.03202,-62.237849],[-59.186359,-62.265263],[-59.121803,-62.347844],[-58.826432,-62.313486],[-59.03202,-62.237849]]],[[[-59.785881,-62.440837],[-59.937837,-62.502838],[-59.716233,-62.555815],[-59.551783,-62.501938],[-59.785881,-62.440837]]],[[[-59.618726,-62.326066],[-59.724993,-62.369408],[-59.507476,-62.462964],[-59.377131,-62.367525],[-59.618726,-62.326066]]],[[[-62.2059,-63.23306],[-62.267206,-63.36175],[-61.957003,-63.336912],[-62.047321,-63.251111],[-62.2059,-63.23306]]],[[[-61.245937,-62.721791],[-61.495272,-62.748054],[-61.405282,-62.835823],[-61.245937,-62.721791]]],[[[-53.964963,-61.112328],[-54.087211,-61.166283],[-54.191959,-61.275244],[-54.042658,-61.297731],[-53.964963,-61.112328]]]]},"properties":{"id":"94028","nombre":"Antártida Argentina","nombre_completo":"Departamento Antártida Argentina","provincia":{"id":"94","nombre":"Tierra del Fuego, Antártida e Islas del Atlántico Sur","interseccion":0.9912196290790214},"fuente":"IGN","categoria":"Departamento","centroide":{"lon":-50.648030604,"lat":-82.777676655}}},
{"type":"Feature","geometry":{"type":"Polygon","coordinates":[[[-70.475292,-36.173573],[-70.570909,-36.175553],[-70.706203,-36.272585],[-70.679276,-36.389966],[-70.956368,-36.50358],[-71.03855,-36.477716],[-71.057176,-36.618662],[-71.009206,-36.691237],[-71.111401,-36.728297],[-71.131936,-36.814671],[-71.095621,-36.925336],[-71.167303,-36.996985],[-71.115344,-37.207752],[-71.165814,-37.302829],[-71.144906,-37.336187],[-71.103325,-37.362602],[-71.04921,-37.372314],[-70.881718,-37.342172],[-70.794761,-37.350379],[-70.726089,-37.331474],[-70.712596,-37.344917],[-70.61173,-37.379645],[-70.585726,-37.382905],[-70.557754,-37.364921],[-70.535187,-37.367985],[-70.511776,-37.36528],[-70.475292,-36.173573]]]},"properties":{"id":"58077","nombre":"Minas","nombre_completo":"Departamento Minas","provincia":{"id":"58","nombre":"Neuquén","interseccion":0.06264774353332477},"fuente":"IGN","categoria":"Departamento","centroide":{"lon":-70.78364815,"lat":-36.858557894}}},
{"type":"Feature","geometry":{"type":"Polygon","coordinates":[[[-70.394986,-36.194329],[-70.397378,-36.119489],[-70.475292,-36.173573],[-70.511776,-37.36528],[-70.459221,-37.365292],[-70.411466,-37.386267],[-70.310767,-37.3713],[-70.171906,-37.476582],[-70.083882,-37.474926],[-70.105758,-37.433927],[-70.021455,-37.285391],[-70.057805,-37.257971],[-70.042544,-36.659048],[-70.075919,-36.606619],[-70.122784,-36.570776],[-70.138399,-36.526799],[-70.182854,-36.490786],[-70.201683,-36.453621],[-70.195654,-36.423378],[-70.220129,-36.332172],[-70.266651,-36.322405],[-70.351494,-36.324274],[-70.394986,-36.194329]]]},"properties":{"id":"58042","nombre":"Chos Malal","nombre_completo":"Departamento Chos Malal","provincia":{"id":"58","nombre":"Neuquén","interseccion":0.0474106205664362},"fuente":"IGN","categoria":"Departamento","centroide":{"lon":-70.28637931,"lat":-36.880564189}}},
{"type":"Feature","geometry":{"type":"Polygon","coordinates":[[[-69.428106,-42],[-71.773935,-42],[-71.726088,-42.109669],[-71.781727,-42.14808],[-71.957551,-42.141254],[-72.188262,-42.160969],[-72.131864,-42.384323],[-72.028486,-42.407523],[-72.022884,-42.477251],[-71.62722,-42.485283],[-71.59859,-42.605218],[-71.48022,-42.613172],[-71.437975,-42.708548],[-71.348404,-42.782856],[-71.356194,-42.794006],[-71.291641,-42.858246],[-71.167185,-42.86194],[-71.046548,-42.946801],[-70.9363,-42.863559],[-70.58451,-42.866515],[-70.588524,-42.850605],[-70.516617,-42.737694],[-70.434868,-42.647797],[-70.349319,-42.59602],[-70.308586,-42.603612],[-70.293552,-42.632624],[-70.266319,-42.641312],[-70.210304,-42.623962],[-70.148346,-42.629265],[-70.097839,-42.640221],[-70.041779,-42.673031],[-69.847496,-42.624424],[-69.736427,-42.681358],[-69.595955,-42.693699],[-69.56617,-42.713474],[-69.505287,-42.796757],[-69.428106,-42]]]},"properties":{"id":"26014","nombre":"Cushamen","nombre_completo":"Departamento Cushamen","provincia":{"id":"26","nombre":"Chubut","interseccion":0.07098863797542551},"fuente":"IGN","categoria":"Departamento","centroide":{"lon":-70.711997803,"lat":-42.366397304}}},
{"type":"Feature","geometry":{"type":"Polygon","coordinates":[[[-69.686653,-47.161301],[-69.656198,-46.001314],[-71.644901,-46],[-71.714897,-46.090206],[-71.914554,-46.139819],[-71.777569,-46.198792],[-71.726883,-46.2719],[-71.756522,-46.345629],[-71.669291,-46.527842],[-71.643424,-46.681816],[-71.832889,-46.797755],[-71.955377,-46.814422],[-71.932566,-46.994376],[-71.954054,-47.076058],[-71.850481,-47.164187],[-71.892121,-47.227183],[-71.571472,-47.363857],[-70.768875,-47.319878],[-69.783012,-48.307049],[-69.734406,-48.322083],[-69.707565,-47.234688],[-69.686653,-47.161301]]]},"properties":{"id":"78035","nombre":"Lago Buenos Aires","nombre_completo":"Departamento Lago Buenos Aires","provincia":{"id":"78","nombre":"Santa Cruz","interseccion":0.11236978823093517},"fuente":"IGN","categoria":"Departamento","centroide":{"lon":-70.631399574,"lat":-46.834204371}}},
{"type":"Feature","geometry":{"type":"Polygon","coordinates":[[[-58.451541,-34.630657],[-58.477771,-34.622402],[-58.469206,-34.641414],[-58.466998,-34.651486],[-58.460366,-34.656824],[-58.454601,-34.65084],[-58.443289,-34.651207],[-58.437971,-34.655821],[-58.430395,-34.649891],[-58.43231,-34.641759],[-58.423458,-34.640218],[-58.426722,-34.627016],[-58.451541,-34.630657]]]},"properties":{"id":"02049","nombre":"Comuna 7","nombre_completo":"Comuna 7","provincia":{"id":"02","nombre":"Ciudad Autónoma de Buenos Aires","interseccion":0.060429556347567324},"fuente":"IGN","categoria":"Comuna","centroide":{"lon":-58.451886857,"lat":-34.636554414}}},
{"type":"Feature","geometry":{"type":"Polygon","coordinates":[[[-65.186567,-22.08535],[-65.748264,-22.109145],[-65.825285,-22.187725],[-65.959124,-22.193969],[-65.947101,-22.245944],[-65.986105,-22.403345],[-65.699707,-22.46218],[-65.547583,-22.47944],[-65.50771,-22.525873],[-65.348637,-22.551182],[-65.347124,-22.520101],[-65.281721,-22.413425],[-65.22678,-22.320674],[-65.240295,-22.279248],[-65.186567,-22.08535]]]},"properties":{"id":"38112","nombre":"Yavi","nombre_completo":"Departamento Yavi","provincia":{"id":"38","nombre":"Jujuy","interseccion":0.05603677904877077},"fuente":"IGN","categoria":"Departamento","centroide":{"lon":-65.566739421,"lat":-22.290645261}}},
{"type":"Feature","geometry":{"type":"Polygon","coordinates":[[[-65.825285,-22.187725],[-65.809015,-22.070327],[-65.924778,-21.93355],[-66.048167,-21.919017],[-66.076306,-21.834975],[-66.207661,-21.788354],[-66.274639,-21.94442],[-66.288604,-22.086955],[-66.347753,-22.128027],[-66.68625,-22.209539],[-66.739278,-22.238458],[-66.762596,-22.363838],[-66.734043,-22.380449],[-66.68159,-22.377814],[-66.565865,-22.419575],[-66.491328,-22.374998],[-66.464004,-22.311949],[-66.414029,-22.246449],[-66.349806,-22.282337],[-66.319327,-22.325579],[-66.059483,-22.258443],[-65.986105,-22.403345],[-65.947101,-22.245944],[-65.959124,-22.193969],[-65.825285,-22.187725]]]},"properties":{"id":"38077","nombre":"Santa Catalina","nombre_completo":"Departamento Santa Catalina","provincia":{"id":"38","nombre":"Jujuy","interseccion":0.05469503361838625},"fuente":"IGN","categoria":"Departamento","centroide":{"lon":-66.227261408,"lat":-22.137640685}}},
{"type":"Feature","geometry":{"type":"Polygon","coordinates":[[[-64.721683,-24.097049],[-64.783415,-24.094527],[-64.805849,-24.090474],[-64.851211,-24.073995],[-64.851977,-24.050893],[-64.881109,-24.025541],[-64.945088,-24.011917],[-65.001268,-24.02221],[-65.053876,-24.014425],[-65.048972,-24.180411],[-65.063637,-24.292581],[-65.034814,-24.318778],[-65.02065,-24.36499],[-64.899818,-24.383277],[-64.954036,-24.449699],[-64.842698,-24.467085],[-64.773558,-24.502514],[-64.684053,-24.571148],[-64.674172,-24.603871],[-64.560132,-24.577229],[-64.522645,-24.462331],[-64.547269,-24.421422],[-64.495878,-24.3015],[-64.578961,-24.320586],[-64.691722,-24.335168],[-64.692782,-24.209367],[-64.721683,-24.097049]]]},"properties":{"id":"38063","nombre":"San Pedro","nombre_completo":"Departamento San Pedro","provincia":{"id":"38","nombre":"Jujuy","interseccion":0.038744065154772314},"fuente":"IGN","categoria":"Departamento","centroide":{"lon":-64.810989906,"lat":-24.298508317}}},
{"type":"Feature","geometry":{"type":"Polygon","coordinates":[[[-65.038648,-23.226904],[-65.084494,-23.197085],[-65.178899,-23.319711],[-65.16654,-23.371413],[-65.137437,-23.417315],[-65.131344,-23.530703],[-65.084799,-23.601817],[-65.01789,-23.699953],[-64.920308,-23.73328],[-64.920149,-23.706415],[-64.859555,-23.583328],[-64.868444,-23.447421],[-64.910177,-23.310812],[-65.010115,-23.285114],[-65.038648,-23.226904]]]},"properties":{"id":"38105","nombre":"Valle Grande","nombre_completo":"Departamento Valle Grande","provincia":{"id":"38","nombre":"Jujuy","interseccion":0.022791185956491492},"fuente":"IGN","categoria":"Departamento","centroide":{"lon":-65.012019344,"lat":-23.466614061}}},
{"type":"Feature","geometry":{"type":"Polygon","coordinates":[[[-58.891744,-24.715016],[-58.972971,-24.662056],[-59.129858,-24.616852],[-59.185538,-24.563641],[-59.350488,-24.483049],[-59.475908,-24.331139],[-60.039006,-24.011656],[-60.192253,-24.044894],[-60.365049,-24.020311],[-61.146874,-24.798902],[-61.092683,-24.834913],[-60.953522,-24.972647],[-60.630634,-25.177561],[-60.541002,-25.167448],[-60.354294,-25.322742],[-60.327198,-25.407394],[-60.224521,-25.485083],[-60.226422,-25.586002],[-60.101402,-25.657542],[-60.063374,-25.673913],[-60.011559,-25.729469],[-59.954992,-25.769936],[-59.943108,-25.773379],[-59.877213,-25.84509],[-59.753458,-25.920721],[-59.668182,-26.024916],[-59.649268,-26.119455],[-59.658594,-26.143557],[-59.626247,-26.13434],[-59.639743,-26.126386],[-59.635147,-25.607523],[-58.891178,-25.05196],[-58.891744,-24.715016]]]},"properties":{"id":"34035","nombre":"Patiño","nombre_completo":"Departamento Patiño","provincia":{"id":"34","nombre":"Formosa","interseccion":0.3472235332425387},"fuente":"IGN","categoria":"Departamento","centroide":{"lon":-59.958428013,"lat":-24.875008186}}},
{"type":"Feature","geometry":{"type":"Polygon","coordinates":[[[-60.365049,-24.020311],[-60.477794,-23.950936],[-60.589928,-23.958839],[-60.612822,-23.903819],[-60.847339,-23.871548],[-60.933932,-23.800326],[-60.986809,-23.812867],[-61.095178,-23.666661],[-61.089515,-23.613861],[-61.176573,-23.547538],[-61.246901,-23.540801],[-61.35207,-23.449954],[-61.494122,-23.424436],[-61.572954,-23.30403],[-61.734897,-23.235754],[-61.851766,-23.09446],[-61.834751,-24.314226],[-61.798592,-24.336345],[-61.694488,-24.415154],[-61.597515,-24.438221],[-61.596403,-24.479293],[-61.521751,-24.518061],[-61.477249,-24.57523],[-61.382725,-24.612757],[-61.255731,-24.621735],[-61.150202,-24.74986],[-61.156381,-24.785016],[-61.132915,-24.786903],[-60.365049,-24.020311]]]},"properties":{"id":"34007","nombre":"Bermejo","nombre_completo":"Departamento Bermejo","provincia":{"id":"34","nombre":"Formosa","interseccion":0.18256711006414125},"fuente":"IGN","categoria":"Departamento","centroide":{"lon":-61.282861177,"lat":-24.025499022}}},
{"type":"Feature","geometry":{"type":"Polygon","coordinates":[[[-66.281764,-22.999309],[-66.593584,-22.999308],[-66.991219,-22.999306],[-67.213047,-23.694917],[-66.992836,-23.889907],[-66.941121,-23.984036],[-66.880641,-23.974391],[-66.837372,-24.070739],[-66.797372,-24.09637],[-66.745738,-24.089232],[-66.646276,-24.172513],[-66.543626,-24.207638],[-66.483355,-24.212998],[-66.362287,-24.087357],[-66.368141,-23.971905],[-66.353303,-23.825257],[-66.376856,-23.750218],[-66.36758,-23.694625],[-66.330341,-23.656613],[-66.219331,-23.485261],[-66.198332,-23.391699],[-66.105877,-23.223333],[-66.106143,-23.173246],[-66.281764,-22.999309]]]},"properties":{"id":"38084","nombre":"Susques","nombre_completo":"Departamento Susques","provincia":{"id":"38","nombre":"Jujuy","interseccion":0.1918821556941689},"fuente":"IGN","categoria":"Departamento","centroide":{"lon":-66.66171188,"lat":-23.520671093}}},
{"type":"Feature","geometry":{"type":"Polygon","coordinates":[[[-58.482706,-34.624648],[-58.500156,-34.609144],[-58.516913,-34.620233],[-58.529227,-34.611117],[-58.530367,-34.634814],[-58.520203,-34.632815],[-58.506782,-34.63583],[-58.502262,-34.645836],[-58.478509,-34.637012],[-58.476036,-34.638952],[-58.471267,-34.636673],[-58.477771,-34.622402],[-58.482706,-34.624648]]]},"properties":{"id":"02070","nombre":"Comuna 10","nombre_completo":"Comuna 10","provincia":{"id":"02","nombre":"Ciudad Autónoma de Buenos Aires","interseccion":0.061458024612240675},"fuente":"IGN","categoria":"Comuna","centroide":{"lon":-58.502817847,"lat":-34.627851792}}},
{"type":"Feature","geometry":{"type":"Polygon","coordinates":[[[-66.941121,-23.984036],[-66.983718,-23.906601],[-67.213047,-23.694917],[-67.322617,-24.034158],[-68.259893,-24.402328],[-68.308513,-24.491796],[-68.387758,-24.484054],[-68.434822,-24.606703],[-68.544274,-24.72435],[-68.568755,-24.794125],[-68.519602,-24.873914],[-68.432594,-24.905871],[-68.407016,-25.030332],[-68.344244,-25.11077],[-68.507172,-25.168313],[-67.864601,-25.2384],[-66.879266,-25.241731],[-66.560656,-25.300028],[-66.537045,-25.265645],[-66.537308,-25.203123],[-66.620646,-25.142169],[-66.626505,-25.125263],[-66.609007,-25.063203],[-66.623626,-25.050215],[-66.593334,-24.99694],[-66.536916,-24.85054],[-66.411758,-24.812579],[-66.425666,-24.747335],[-66.408601,-24.69963],[-66.367719,-24.607145],[-66.360639,-24.53866],[-66.411315,-24.417259],[-66.487825,-24.377092],[-66.50996,-24.295203],[-66.502095,-24.242702],[-66.236525,-24.437775],[-66.154788,-24.016113],[-66.359835,-23.912194],[-66.368141,-23.971905],[-66.362287,-24.087357],[-66.483355,-24.212998],[-66.543626,-24.207638],[-66.646276,-24.172513],[-66.745738,-24.089232],[-66.793803,-24.096846],[-66.824363,-24.079949],[-66.87991,-23.993851],[-66.880641,-23.974391],[-66.941121,-23.984036]]]},"properties":{"id":"66105","nombre":"Los Andes","nombre_completo":"Departamento Los Andes","provincia":{"id":"66","nombre":"Salta","interseccion":0.16203188294160006},"fuente":"IGN","categoria":"Departamento","centroide":{"lon":-67.34409569,"lat":-24.642624898}}},
{"type":"Feature","geometry":{"type":"Polygon","coordinates":[[[-64.325086,-22.916284],[-64.339347,-22.754294],[-64.433888,-22.631345],[-64.41208,-22.538378],[-64.503468,-22.521971],[-64.503304,-22.606767],[-64.547039,-22.661683],[-64.515646,-22.763176],[-64.519795,-22.831148],[-64.497847,-22.907976],[-64.631523,-23.086631],[-64.940477,-23.031764],[-65.067974,-23.044948],[-65.06221,-23.11878],[-65.04502,-23.155738],[-65.038648,-23.226904],[-65.010115,-23.285114],[-64.910177,-23.310812],[-64.868444,-23.447421],[-64.787476,-23.496161],[-64.738427,-23.467616],[-64.657688,-23.483167],[-64.532561,-23.521357],[-64.49587,-23.567137],[-64.448334,-23.639416],[-64.393192,-23.610071],[-64.402164,-23.596546],[-64.351539,-23.531639],[-64.157057,-23.518042],[-64.157975,-24.154824],[-64.008399,-24.163567],[-63.644385,-24.223467],[-63.622533,-24.11262],[-63.530424,-24.127867],[-63.45781,-23.706357],[-63.437018,-23.710302],[-63.405991,-23.515259],[-63.499552,-23.451129],[-63.662444,-23.390945],[-63.699796,-23.338303],[-63.726191,-23.322434],[-63.844335,-23.323429],[-63.910014,-23.299718],[-64.007044,-23.332433],[-64.162403,-23.273137],[-64.177626,-23.234533],[-64.214077,-23.182128],[-64.20368,-23.182071],[-64.203406,-23.122796],[-64.2388,-23.096327],[-64.281585,-23.028942],[-64.32722,-22.953351],[-64.325086,-22.916284]]]},"properties":{"id":"66126","nombre":"Orán","nombre_completo":"Departamento Orán","provincia":{"id":"66","nombre":"Salta","interseccion":0.07446797665642879},"fuente":"IGN","categoria":"Departamento","centroide":{"lon":-64.15094565,"lat":-23.498791632}}},
{"type":"Feature","geometry":{"type":"Polygon","coordinates":[[[-65.436049,-23.332132],[-65.531636,-23.312469],[-65.689892,-23.375792],[-65.63494,-23.383065],[-65.559881,-23.520134],[-65.488136,-23.684273],[-65.351938,-23.711975],[-65.375205,-23.784315],[-65.291785,-23.822511],[-65.2708,-23.827985],[-65.23274,-23.790473],[-65.096747,-23.856643],[-65.087896,-23.73797],[-65.017522,-23.694086],[-65.084799,-23.601817],[-65.131344,-23.530703],[-65.137437,-23.417315],[-65.16654,-23.371413],[-65.178899,-23.319711],[-65.338717,-23.39106],[-65.436049,-23.332132]]]},"properties":{"id":"38094","nombre":"Tilcara","nombre_completo":"Departamento Tilcara","provincia":{"id":"38","nombre":"Jujuy","interseccion":0.03989193186902716},"fuente":"IGN","categoria":"Departamento","centroide":{"lon":-65.32001059,"lat":-23.560401518}}},
{"type":"Feature","geometry":{"type":"Polygon","coordinates":[[[-65.048972,-24.180411],[-65.053842,-24.015478],[-65.102649,-24.023392],[-65.120497,-24.04186],[-65.131425,-24.086728],[-65.158354,-24.095359],[-65.209135,-24.108155],[-65.234957,-24.276729],[-65.178695,-24.278348],[-65.138524,-24.334937],[-65.02065,-24.36499],[-65.034814,-24.318778],[-65.063637,-24.292581],[-65.048972,-24.180411]]]},"properties":{"id":"38042","nombre":"Palpalá","nombre_completo":"Departamento Palpalá","provincia":{"id":"38","nombre":"Jujuy","interseccion":0.009220606696386304},"fuente":"IGN","categoria":"Departamento","centroide":{"lon":-65.12644981,"lat":-24.194922517}}},
{"type":"Feature","geometry":{"type":"Polygon","coordinates":[[[-71.232634,-44.653839],[-71.205603,-44.749522],[-71.291816,-44.813948],[-71.474207,-44.737073],[-71.666343,-44.787206],[-71.786484,-44.752264],[-71.852112,-44.800781],[-72.00061,-44.786377],[-72.065593,-44.849996],[-71.924976,-44.944208],[-71.817219,-44.91979],[-71.74211,-44.958352],[-71.55931,-44.97765],[-71.487486,-45.144117],[-71.320053,-45.29212],[-71.529458,-45.392704],[-71.46892,-45.493636],[-71.682135,-45.515076],[-71.795526,-45.664931],[-71.743271,-45.802588],[-71.652519,-45.89039],[-71.644901,-46],[-69.648058,-45.999938],[-69.626785,-44.681366],[-71.232634,-44.653839]]]},"properties":{"id":"26084","nombre":"Río Senguer","nombre_completo":"Departamento Río Senguer","provincia":{"id":"26","nombre":"Chubut","interseccion":0.10466897804455147},"fuente":"IGN","categoria":"Departamento","centroide":{"lon":-70.64008501,"lat":-45.340559189}}},
{"type":"Feature","geometry":{"type":"Polygon","coordinates":[[[-71.621887,-41.034912],[-71.861077,-41.031024],[-71.839364,-41.150405],[-71.91208,-41.34057],[-71.828007,-41.481012],[-71.885494,-41.606258],[-71.784181,-41.734953],[-71.797482,-41.84263],[-71.773935,-42],[-71.174853,-42],[-71.240091,-41.953993],[-71.225792,-41.855811],[-71.306414,-41.820942],[-71.225455,-41.665367],[-71.231433,-41.385483],[-71.224325,-41.336063],[-71.217216,-41.296482],[-71.156315,-41.18218],[-71.143307,-41.108589],[-71.145962,-41.084671],[-71.306213,-41.100098],[-71.456421,-41.041687],[-71.621887,-41.034912]]]},"properties":{"id":"62021","nombre":"Bariloche","nombre_completo":"Departamento Bariloche","provincia":{"id":"62","nombre":"Río Negro","interseccion":0.027252222673663357},"fuente":"IGN","categoria":"Departamento","centroide":{"lon":-71.531086306,"lat":-41.498137665}}},
{"type":"Feature","geometry":{"type":"Polygon","coordinates":[[[-71.231012,-39.46603],[-71.283848,-39.480529],[-71.390298,-39.455825],[-71.46178,-39.454104],[-71.534296,-39.529454],[-71.501742,-39.637683],[-71.671219,-39.692304],[-71.691903,-39.84029],[-71.592495,-39.901158],[-71.674652,-40.02406],[-71.520715,-40.038741],[-71.376999,-40.024086],[-71.329373,-40.065494],[-71.178821,-40.097727],[-71.070068,-40.056756],[-71.018998,-40.092511],[-70.947946,-40.107359],[-70.876929,-40.066101],[-70.839293,-40.026043],[-70.848332,-39.902218],[-70.862122,-39.86119],[-70.922745,-39.778501],[-70.881952,-39.736228],[-70.880704,-39.668027],[-70.935105,-39.594358],[-70.955067,-39.550282],[-70.987854,-39.53293],[-71.174652,-39.521128],[-71.231012,-39.46603]]]},"properties":{"id":"58049","nombre":"Huiliches","nombre_completo":"Departamento Huiliches","provincia":{"id":"58","nombre":"Neuquén","interseccion":0.04336056352285538},"fuente":"IGN","categoria":"Departamento","centroide":{"lon":-71.259002554,"lat":-39.794677678}}},
{"type":"Feature","geometry":{"type":"Polygon","coordinates":[[[-58.476356,-34.600218],[-58.503507,-34.594469],[-58.515486,-34.581291],[-58.529227,-34.611117],[-58.516913,-34.620233],[-58.500156,-34.609144],[-58.482706,-34.624648],[-58.462669,-34.607391],[-58.458439,-34.60451],[-58.468877,-34.601879],[-58.476356,-34.600218]]]},"properties":{"id":"02077","nombre":"Comuna 11","nombre_completo":"Comuna 11","provincia":{"id":"02","nombre":"Ciudad Autónoma de Buenos Aires","interseccion":0.06841390307433007},"fuente":"IGN","categoria":"Comuna","centroide":{"lon":-58.496742008,"lat":-34.606137011}}},
{"type":"Feature","geometry":{"type":"Polygon","coordinates":[[[-67.156049,-38.35332],[-67.102937,-38.379134],[-67.114695,-37.521497],[-67.126857,-36.799484],[-68.246762,-36.802758],[-68.254253,-37.571931],[-68.219311,-37.58824],[-67.870587,-37.612883],[-67.785583,-37.652283],[-67.723761,-37.793523],[-67.781655,-37.89547],[-67.888425,-38.000379],[-67.809299,-38.072358],[-67.73033,-38.075764],[-67.718628,-38.130371],[-67.656494,-38.201782],[-67.528687,-38.25769],[-67.344177,-38.25177],[-67.261108,-38.217102],[-67.153113,-38.291342],[-67.156049,-38.35332]]]},"properties":{"id":"42112","nombre":"Puelén","nombre_completo":"Departamento Puelén","provincia":{"id":"42","nombre":"La Pampa","interseccion":0.0917966551942319},"fuente":"IGN","categoria":"Departamento","centroide":{"lon":-67.604532904,"lat":-37.434521538}}},
{"type":"Feature","geometry":{"type":"Polygon","coordinates":[[[-63.739373,-28.930951],[-63.818406,-28.912579],[-63.83862,-28.894289],[-63.919445,-28.937661],[-63.819433,-28.962508],[-63.835717,-29.036487],[-63.738303,-29.170156],[-63.670601,-29.181853],[-63.642222,-29.439622],[-63.329398,-29.537482],[-63.278525,-29.634957],[-63.270471,-29.779182],[-62.805867,-29.833523],[-62.805775,-29.781894],[-62.848975,-29.748771],[-62.883792,-29.636459],[-62.935108,-29.621942],[-63.128039,-29.405347],[-63.133464,-29.317827],[-63.159373,-29.310802],[-63.158121,-29.29132],[-63.214187,-29.238999],[-63.251252,-29.222448],[-63.28055,-29.225816],[-63.307552,-29.195353],[-63.320073,-29.141154],[-63.361975,-29.128414],[-63.475874,-29.026998],[-63.649933,-28.929705],[-63.682794,-28.946033],[-63.731771,-28.943521],[-63.739373,-28.930951]]]},"properties":{"id":"86140","nombre":"Quebrachos","nombre_completo":"Departamento Quebrachos","provincia":{"id":"86","nombre":"Santiago del Estero","interseccion":0.02971737278658735},"fuente":"IGN","categoria":"Departamento","centroide":{"lon":-63.348416122,"lat":-29.388323402}}},
{"type":"Feature","geometry":{"type":"Polygon","coordinates":[[[-57.842949,-29.93601],[-57.915768,-29.837383],[-57.975395,-29.821497],[-58.070851,-29.859671],[-58.076622,-29.893145],[-57.992395,-29.978565],[-58.05893,-30.106823],[-58.022616,-30.173426],[-58.047894,-30.350441],[-58.082231,-30.401591],[-58.068476,-30.435529],[-58.079519,-30.455125],[-58.073797,-30.481774],[-58.057897,-30.493714],[-58.069126,-30.544908],[-57.97485,-30.64734],[-57.809509,-30.730192],[-57.889609,-30.510684],[-57.64292,-30.341905],[-57.628218,-30.174459],[-57.566921,-30.042349],[-57.609131,-30.020803],[-57.693218,-30.024988],[-57.744267,-29.968199],[-57.842949,-29.93601]]]},"properties":{"id":"18112","nombre":"Monte Caseros","nombre_completo":"Departamento Monte Caseros","provincia":{"id":"18","nombre":"Corrientes","interseccion":0.03077648603381418},"fuente":"IGN","categoria":"Departamento","centroide":{"lon":-57.870301872,"lat":-30.228961235}}},
{"type":"Feature","geometry":{"type":"Polygon","coordinates":[[[-63.734567,-28.00307],[-63.923811,-27.966974],[-63.956498,-28.000898],[-64.109771,-27.972601],[-64.060097,-28.094337],[-64.062539,-28.196029],[-64.083456,-28.264127],[-64.051899,-28.328498],[-64.017115,-28.307711],[-64.008348,-28.328827],[-63.971107,-28.359054],[-63.927064,-28.367457],[-63.875878,-28.37654],[-63.838894,-28.40506],[-63.795885,-28.435543],[-63.694057,-28.379496],[-63.635769,-28.351238],[-63.628522,-28.251809],[-63.606407,-28.149718],[-63.737019,-28.014485],[-63.734567,-28.00307]]]},"properties":{"id":"86175","nombre":"San Martín","nombre_completo":"Departamento San Martín","provincia":{"id":"86","nombre":"Santiago del Estero","interseccion":0.013133506490325185},"fuente":"IGN","categoria":"Departamento","centroide":{"lon":-63.854114579,"lat":-28.187761284}}},
{"type":"Feature","geometry":{"type":"Polygon","coordinates":[[[-60.903808,-30.712209],[-60.892471,-30.669304],[-61.178514,-30.60969],[-61.391599,-31.539274],[-61.499352,-31.588328],[-61.558839,-31.850133],[-61.397582,-31.878353],[-61.390017,-31.84665],[-61.17021,-31.831338],[-60.99311,-31.864302],[-60.94998,-31.729764],[-60.767397,-31.601959],[-60.778141,-31.569023],[-60.768641,-31.473063],[-60.89485,-31.369588],[-60.902902,-31.307581],[-60.893328,-31.243292],[-60.848769,-31.182422],[-60.83054,-31.177341],[-60.791878,-31.118545],[-60.776111,-31.108733],[-60.837176,-31.058402],[-60.825705,-30.980242],[-60.833799,-30.824306],[-60.891425,-30.763084],[-60.903808,-30.712209]]]},"properties":{"id":"82070","nombre":"Las Colonias","nombre_completo":"Departamento Las Colonias","provincia":{"id":"82","nombre":"Santa Fe","interseccion":0.0475450891415189},"fuente":"IGN","categoria":"Departamento","centroide":{"lon":-61.109480802,"lat":-31.315337904}}},
{"type":"Feature","geometry":{"type":"Polygon","coordinates":[[[-60.279628,-29.978878],[-60.720537,-29.910136],[-60.693082,-29.96201],[-60.752072,-30.079677],[-60.701341,-30.142375],[-60.735823,-30.210265],[-60.656813,-30.259029],[-60.682599,-30.379214],[-60.674972,-30.518738],[-60.660998,-30.550125],[-60.609042,-30.63401],[-60.590904,-30.66633],[-60.608211,-30.70327],[-60.626187,-30.731605],[-60.794664,-30.782878],[-60.833799,-30.824306],[-60.825705,-30.980242],[-60.657902,-31.042098],[-60.670258,-31.11194],[-60.573853,-31.188017],[-60.449525,-31.21305],[-60.441108,-31.167413],[-60.356927,-31.124428],[-60.320619,-31.041976],[-60.284595,-30.858082],[-60.255977,-30.768866],[-60.241688,-30.762519],[-60.239543,-30.72082],[-60.21216,-30.688568],[-60.33889,-30.669237],[-60.345331,-30.632268],[-60.350825,-30.509989],[-60.324556,-30.496502],[-60.274333,-30.432186],[-60.225415,-30.374006],[-60.214034,-30.344894],[-60.194649,-30.318675],[-60.215981,-30.307021],[-60.167669,-30.218485],[-60.118725,-30.13375],[-60.154073,-30.163424],[-60.156643,-30.124144],[-60.212132,-30.067661],[-60.279628,-29.978878]]]},"properties":{"id":"82112","nombre":"San Justo","nombre_completo":"Departamento San Justo","provincia":{"id":"82","nombre":"Santa Fe","interseccion":0.04200623212046185},"fuente":"IGN","categoria":"Departamento","centroide":{"lon":-60.488694067,"lat":-30.530424814}}},
{"type":"Feature","geometry":{"type":"Polygon","coordinates":[[[-61.236707,-29.545887],[-61.27887,-29.517166],[-61.353688,-29.839635],[-61.747212,-29.775347],[-61.906989,-29.778501],[-61.991675,-29.661599],[-62.130653,-30.480433],[-61.844051,-30.750383],[-61.666156,-30.782457],[-61.65528,-30.737504],[-61.438066,-30.77608],[-61.42313,-30.711694],[-61.209783,-30.747944],[-61.178514,-30.60969],[-60.892471,-30.669304],[-60.903808,-30.712209],[-60.891425,-30.763084],[-60.794664,-30.782878],[-60.626187,-30.731605],[-60.608211,-30.70327],[-60.590904,-30.66633],[-60.609042,-30.63401],[-60.660998,-30.550125],[-60.674972,-30.518738],[-60.682599,-30.379214],[-60.656813,-30.259029],[-60.735823,-30.210265],[-60.701341,-30.142375],[-60.752072,-30.079677],[-60.693082,-29.96201],[-60.72222,-29.915266],[-60.744309,-29.807707],[-60.766441,-29.790353],[-60.877411,-29.701043],[-61.075407,-29.651227],[-61.103436,-29.619057],[-61.201707,-29.551972],[-61.193022,-29.544713],[-61.236707,-29.545887]]]},"properties":{"id":"82091","nombre":"San Cristóbal","nombre_completo":"Departamento San Cristóbal","provincia":{"id":"82","nombre":"Santa Fe","interseccion":0.10942431471467119},"fuente":"IGN","categoria":"Departamento","centroide":{"lon":-61.359937207,"lat":-30.228389721}}},
{"type":"Feature","geometry":{"type":"Polygon","coordinates":[[[-59.580921,-29.474068],[-59.661833,-29.446604],[-59.719788,-29.48784],[-59.778849,-29.415156],[-60.069291,-29.370634],[-60.081814,-29.380562],[-60.078261,-29.405512],[-60.105286,-29.482983],[-60.084969,-29.634638],[-60.000072,-29.654705],[-59.998575,-29.773035],[-59.876829,-29.813034],[-59.926452,-29.915058],[-60.020674,-29.951781],[-60.045593,-30.02758],[-60.159521,-30.12007],[-60.118725,-30.13375],[-60.167669,-30.218485],[-60.215981,-30.307021],[-60.194649,-30.318675],[-60.214034,-30.344894],[-60.225415,-30.374006],[-60.274333,-30.432186],[-60.324556,-30.496502],[-60.350825,-30.509989],[-60.345331,-30.632268],[-60.33889,-30.669237],[-60.21216,-30.688568],[-60.204937,-30.650665],[-59.636185,-30.702124],[-59.678406,-30.646912],[-59.645856,-30.597037],[-59.65033,-30.500977],[-59.703439,-30.44261],[-59.693453,-30.313123],[-59.636584,-30.237456],[-59.616121,-30.11301],[-59.56639,-30.008076],[-59.6047,-29.902666],[-59.659903,-29.83723],[-59.617549,-29.77584],[-59.613979,-29.668765],[-59.580921,-29.474068]]]},"properties":{"id":"82098","nombre":"San Javier","nombre_completo":"Departamento San Javier","provincia":{"id":"82","nombre":"Santa Fe","interseccion":0.04989356615643195},"fuente":"IGN","categoria":"Departamento","centroide":{"lon":-59.898070474,"lat":-30.104146106}}},
{"type":"Feature","geometry":{"type":"Polygon","coordinates":[[[-61.834751,-24.314226],[-61.843887,-23.492922],[-62.341974,-23.495424],[-62.342157,-24.110249],[-62.182682,-24.155029],[-62.136097,-24.196022],[-62.041025,-24.240489],[-61.989211,-24.250514],[-61.984652,-24.227095],[-61.95451,-24.26141],[-61.839948,-24.301497],[-61.834751,-24.314226]]]},"properties":{"id":"34028","nombre":"Matacos","nombre_completo":"Departamento Matacos","provincia":{"id":"34","nombre":"Formosa","interseccion":0.053298317079343516},"fuente":"IGN","categoria":"Departamento","centroide":{"lon":-62.077065006,"lat":-23.854486543}}},
{"type":"Feature","geometry":{"type":"Polygon","coordinates":[[[-63.934927,-35.007631],[-64.480943,-35.011517],[-64.487673,-35.449911],[-63.9385,-35.452205],[-63.934927,-35.007631]]]},"properties":{"id":"42133","nombre":"Realicó","nombre_completo":"Departamento Realicó","provincia":{"id":"42","nombre":"La Pampa","interseccion":0.01663384378624272},"fuente":"IGN","categoria":"Departamento","centroide":{"lon":-64.209849806,"lat":-35.230662056}}},
{"type":"Feature","geometry":{"type":"Polygon","coordinates":[[[-67.111685,-37.700194],[-65.977724,-37.683217],[-66.005425,-36.781418],[-67.126857,-36.799484],[-67.111685,-37.700194]]]},"properties":{"id":"42091","nombre":"Limay Mahuida","nombre_completo":"Departamento Limay Mahuida","provincia":{"id":"42","nombre":"La Pampa","interseccion":0.07000208065702637},"fuente":"IGN","categoria":"Departamento","centroide":{"lon":-66.555232692,"lat":-37.24190212}}},
{"type":"Feature","geometry":{"type":"Polygon","coordinates":[[[-58.533657,-29.065612],[-58.618732,-29.067238],[-58.673637,-29.103195],[-58.687344,-29.118032],[-58.730232,-29.178719],[-58.76226,-29.217735],[-58.792229,-29.269186],[-58.863468,-29.345491],[-58.87458,-29.389759],[-58.886032,-29.41404],[-58.859653,-29.478859],[-58.874287,-29.551758],[-58.730675,-29.589212],[-58.696831,-29.62921],[-58.716511,-29.727587],[-58.694119,-29.834726],[-58.591015,-29.833307],[-58.537539,-29.881085],[-58.468754,-29.989717],[-58.472617,-30.122943],[-58.539478,-30.15237],[-58.496562,-30.207688],[-58.451527,-30.224856],[-58.437047,-30.221675],[-58.404005,-30.249787],[-58.346454,-30.271261],[-58.295901,-30.246],[-58.262192,-30.255668],[-58.20692,-30.288616],[-58.142282,-30.405238],[-58.072575,-30.425187],[-58.047894,-30.350441],[-58.022616,-30.173426],[-58.05893,-30.106823],[-57.992395,-29.978565],[-58.076622,-29.893145],[-58.070851,-29.859671],[-57.998379,-29.82234],[-57.916595,-29.836919],[-57.842949,-29.93601],[-57.744267,-29.968199],[-57.639626,-29.986542],[-57.700939,-29.937775],[-57.678173,-29.819057],[-57.646957,-29.717011],[-57.80455,-29.71036],[-57.903274,-29.558326],[-58.114979,-29.440615],[-58.193204,-29.40306],[-58.282395,-29.275012],[-58.372089,-29.228919],[-58.533657,-29.065612]]]},"properties":{"id":"18035","nombre":"Curuzú Cuatiá","nombre_completo":"Departamento Curuzú Cuatiá","provincia":{"id":"18","nombre":"Corrientes","interseccion":0.09411214301298676},"fuente":"IGN","categoria":"Departamento","centroide":{"lon":-58.324859904,"lat":-29.695466806}}},
{"type":"Feature","geometry":{"type":"Polygon","coordinates":[[[-69.313959,-32.759718],[-69.346363,-32.693344],[-69.400024,-32.635006],[-69.431484,-32.622034],[-69.490182,-32.639316],[-69.533631,-32.717407],[-69.607103,-32.782923],[-69.731495,-32.835466],[-69.76829,-32.86909],[-69.893916,-32.826802],[-70.083503,-32.812883],[-69.989382,-32.898958],[-70.080917,-33.028295],[-70.064398,-33.205112],[-70.003055,-33.322573],[-69.915865,-33.266766],[-69.799887,-33.28786],[-69.769059,-33.350418],[-69.514667,-33.033308],[-69.215094,-33.11307],[-68.922806,-33.338768],[-68.771032,-33.383827],[-68.728552,-33.340464],[-68.692396,-33.262761],[-68.640887,-33.10268],[-68.701096,-33.115999],[-68.865152,-33.048912],[-68.829727,-32.960285],[-68.866874,-32.959067],[-68.915316,-33.005365],[-68.986238,-33.03953],[-69.093898,-33.049324],[-69.129813,-32.995061],[-69.240065,-32.918165],[-69.313959,-32.759718]]]},"properties":{"id":"50063","nombre":"Luján de Cuyo","nombre_completo":"Departamento Luján de Cuyo","provincia":{"id":"50","nombre":"Mendoza","interseccion":0.031741182850362204},"fuente":"IGN","categoria":"Departamento","centroide":{"lon":-69.451685052,"lat":-33.038494762}}},
{"type":"Feature","geometry":{"type":"Polygon","coordinates":[[[-60.518392,-27.464764],[-60.909284,-27.460028],[-60.909425,-27.399847],[-60.997165,-27.400119],[-60.997282,-27.478115],[-61.02235,-27.478218],[-61.013663,-27.794093],[-60.908656,-27.793855],[-60.909115,-27.998339],[-60.2156,-28.000696],[-60.215359,-27.738101],[-60.521903,-27.737226],[-60.469169,-27.645922],[-60.467814,-27.465212],[-60.518392,-27.464764]]]},"properties":{"id":"22098","nombre":"Mayor Luis J. Fontana","nombre_completo":"Departamento Mayor Luis J. Fontana","provincia":{"id":"22","nombre":"Chaco","interseccion":0.03758629731352258},"fuente":"IGN","categoria":"Departamento","centroide":{"lon":-60.656712882,"lat":-27.74296161}}},
{"type":"Feature","geometry":{"type":"Polygon","coordinates":[[[-64.315208,-25.513292],[-64.449455,-25.511517],[-64.481071,-25.634764],[-64.647923,-25.605523],[-64.835753,-25.651523],[-64.919783,-25.6381],[-65.027702,-25.672196],[-65.123243,-25.645783],[-65.134066,-25.620948],[-65.239472,-25.711998],[-65.278362,-25.80763],[-65.254313,-25.889382],[-65.194625,-26.025163],[-65.108008,-26.007916],[-64.884321,-26.044811],[-64.872917,-26.125312],[-64.917338,-26.199506],[-64.873443,-26.274922],[-64.732152,-26.241556],[-64.579581,-26.218181],[-64.564152,-26.226925],[-64.49492,-26.219497],[-64.416683,-26.114299],[-64.413011,-26.040483],[-64.267966,-25.700569],[-64.197499,-25.709462],[-64.210538,-25.54063],[-64.315208,-25.513292]]]},"properties":{"id":"66140","nombre":"Rosario de la Frontera","nombre_completo":"Departamento Rosario de la Frontera","provincia":{"id":"66","nombre":"Salta","interseccion":0.03537588282228372},"fuente":"IGN","categoria":"Departamento","centroide":{"lon":-64.728808924,"lat":-25.871561301}}},
{"type":"Feature","geometry":{"type":"Polygon","coordinates":[[[-69.528097,-39.814447],[-69.836933,-39.567984],[-70.174336,-39.81789],[-70.347735,-39.678175],[-70.643986,-39.895142],[-70.810101,-39.874161],[-70.848332,-39.902218],[-70.839293,-40.026043],[-70.781879,-40.096974],[-70.638776,-40.237754],[-70.693192,-40.357843],[-70.651029,-40.454446],[-70.57287,-40.489921],[-70.424927,-40.536316],[-70.17883,-40.489812],[-70.174942,-40.42761],[-70.062686,-40.37464],[-70.058823,-40.248955],[-69.950278,-40.178985],[-70.005372,-40.047434],[-69.970888,-39.977742],[-69.865938,-39.910899],[-69.697056,-39.846445],[-69.629985,-39.842906],[-69.558109,-39.809354],[-69.528097,-39.814447]]]},"properties":{"id":"58028","nombre":"Collón Curá","nombre_completo":"Departamento Collón Curá","provincia":{"id":"58","nombre":"Neuquén","interseccion":0.06233051078795909},"fuente":"IGN","categoria":"Departamento","centroide":{"lon":-70.281366776,"lat":-40.052919429}}},
{"type":"Feature","geometry":{"type":"Polygon","coordinates":[[[-68.440281,-27.873656],[-68.539147,-27.785378],[-68.723595,-27.789049],[-68.799011,-27.755676],[-69.094952,-27.796575],[-69.173304,-27.971428],[-69.237064,-27.966534],[-69.307394,-28.128854],[-69.462187,-28.192862],[-68.218796,-28.869127],[-68.012665,-28.902651],[-67.83548,-29.008017],[-67.824707,-28.881281],[-67.877129,-28.761057],[-67.829758,-28.5355],[-67.876312,-28.364771],[-67.861015,-28.295345],[-67.932442,-28.174782],[-68.022364,-28.124684],[-68.107311,-28.173463],[-68.141218,-28.101842],[-68.29541,-28.068604],[-68.396618,-28.004169],[-68.46122,-28.002861],[-68.440281,-27.873656]]]},"properties":{"id":"46098","nombre":"Vinchina","nombre_completo":"Departamento Vinchina","provincia":{"id":"46","nombre":"La Rioja","interseccion":0.12310962382507079},"fuente":"IGN","categoria":"Departamento","centroide":{"lon":-68.52529283,"lat":-28.316697715}}},
{"type":"Feature","geometry":{"type":"Polygon","coordinates":[[[-61.393659,-25.469501],[-62.218558,-25.466682],[-62.218558,-24.830108],[-62.715775,-24.830897],[-63.422412,-25.64922],[-61.711816,-25.654744],[-61.712471,-26.653567],[-60.930051,-26.661774],[-60.900185,-26.676846],[-60.788819,-26.425505],[-60.804517,-26.419904],[-60.799787,-26.11488],[-61.203582,-26.109012],[-61.193568,-25.563501],[-61.393833,-25.560392],[-61.393659,-25.469501]]]},"properties":{"id":"22007","nombre":"Almirante Brown","nombre_completo":"Departamento Almirante Brown","provincia":{"id":"22","nombre":"Chaco","interseccion":0.17648267344304105},"fuente":"IGN","categoria":"Departamento","centroide":{"lon":-61.958981362,"lat":-25.74521191}}},
{"type":"Feature","geometry":{"type":"Polygon","coordinates":[[[-65.492458,-30.371796],[-65.997574,-30.393589],[-66.232361,-30.526628],[-66.371796,-30.509699],[-66.371567,-30.530653],[-66.419563,-30.609549],[-66.418663,-30.635015],[-66.366394,-30.702045],[-66.353279,-30.747721],[-65.642345,-30.753988],[-65.525245,-30.490816],[-65.492458,-30.371796]]]},"properties":{"id":"46063","nombre":"General Belgrano","nombre_completo":"Departamento General Belgrano","provincia":{"id":"46","nombre":"La Rioja","interseccion":0.03106391368068302},"fuente":"IGN","categoria":"Departamento","centroide":{"lon":-65.932473994,"lat":-30.577808117}}},
{"type":"Feature","geometry":{"type":"Polygon","coordinates":[[[-65.719306,-27.816268],[-65.753235,-27.76997],[-65.807393,-27.882348],[-65.783898,-27.926384],[-65.765586,-28.019121],[-65.791236,-28.049119],[-65.755947,-28.10208],[-65.742467,-28.209044],[-65.701018,-28.316375],[-65.664943,-28.335847],[-65.665792,-28.42202],[-65.562274,-28.421726],[-65.573169,-28.287608],[-65.585742,-28.147437],[-65.57652,-28.079594],[-65.576328,-28.014123],[-65.612599,-27.991293],[-65.666266,-27.973235],[-65.719306,-27.816268]]]},"properties":{"id":"10077","nombre":"Paclín","nombre_completo":"Departamento Paclín","provincia":{"id":"10","nombre":"Catamarca","interseccion":0.00980737231272537},"fuente":"IGN","categoria":"Departamento","centroide":{"lon":-65.674318015,"lat":-28.110316742}}},
{"type":"Feature","geometry":{"type":"Polygon","coordinates":[[[-64.798546,-27.150766],[-64.854259,-27.318301],[-64.974365,-27.350918],[-65.008868,-27.483713],[-64.96812,-27.505366],[-64.966216,-27.551289],[-64.991676,-27.571277],[-65.027115,-27.587145],[-64.990972,-27.724142],[-64.91844,-27.694931],[-64.770965,-27.703541],[-64.760371,-27.647449],[-64.626554,-27.666448],[-64.53333,-27.666204],[-64.43815,-27.604274],[-64.463919,-27.549629],[-64.616574,-27.444136],[-64.570414,-27.338507],[-64.680976,-27.233682],[-64.764361,-27.185531],[-64.798546,-27.150766]]]},"properties":{"id":"86147","nombre":"Río Hondo","nombre_completo":"Departamento Río Hondo","provincia":{"id":"86","nombre":"Santiago del Estero","interseccion":0.014899176867877825},"fuente":"IGN","categoria":"Departamento","centroide":{"lon":-64.7601169,"lat":-27.485542425}}},
{"type":"Feature","geometry":{"type":"Polygon","coordinates":[[[-64.899436,-31.276882],[-64.971256,-31.275247],[-65.771038,-31.261412],[-65.770103,-31.743351],[-65.502229,-31.759374],[-65.469263,-31.619853],[-65.273402,-31.649834],[-65.250714,-31.567031],[-65.166517,-31.559577],[-65.171951,-31.453315],[-65.06651,-31.413531],[-64.985921,-31.398996],[-64.90949,-31.399303],[-64.899436,-31.276882]]]},"properties":{"id":"14077","nombre":"Pocho","nombre_completo":"Departamento Pocho","provincia":{"id":"14","nombre":"Córdoba","interseccion":0.01848084775845609},"fuente":"IGN","categoria":"Departamento","centroide":{"lon":-65.435155097,"lat":-31.462741662}}},
{"type":"Feature","geometry":{"type":"Polygon","coordinates":[[[-58.373872,-34.578714],[-58.400094,-34.569368],[-58.415967,-34.597873],[-58.404473,-34.598054],[-58.39869,-34.599778],[-58.386831,-34.599311],[-58.389832,-34.57822],[-58.375089,-34.580539],[-58.373872,-34.578714]]]},"properties":{"id":"02014","nombre":"Comuna 2","nombre_completo":"Comuna 2","provincia":{"id":"02","nombre":"Ciudad Autónoma de Buenos Aires","interseccion":0.03073965553128325},"fuente":"IGN","categoria":"Comuna","centroide":{"lon":-58.394903542,"lat":-34.585788879}}},
{"type":"Feature","geometry":{"type":"Polygon","coordinates":[[[-61.33222,-26.658346],[-61.712471,-26.653567],[-61.7125,-26.755076],[-60.820737,-27.366329],[-60.819882,-27.309903],[-60.905856,-27.252031],[-60.817973,-27.198177],[-60.817034,-27.142401],[-61.215135,-26.870445],[-61.335665,-26.839113],[-61.33222,-26.658346]]]},"properties":{"id":"22105","nombre":"9 de Julio","nombre_completo":"Departamento 9 de Julio","provincia":{"id":"22","nombre":"Chaco","interseccion":0.02180483812908274},"fuente":"IGN","categoria":"Departamento","centroide":{"lon":-61.264612522,"lat":-26.943638302}}},
{"type":"Feature","geometry":{"type":"Polygon","coordinates":[[[-66.949002,-54.188489],[-67.329712,-54.04137],[-67.56604,-53.89965],[-67.544244,-53.8414],[-67.911326,-53.652671],[-68.044176,-53.508036],[-68.082914,-53.389682],[-68.206598,-53.306686],[-68.307868,-53.321249],[-68.548444,-53.247521],[-68.538152,-53.144407],[-68.287671,-52.951427],[-68.606232,-52.658268],[-68.607937,-54.188546],[-66.949002,-54.188489]]]},"properties":{"id":"94008","nombre":"Río Grande","nombre_completo":"Departamento Río Grande","provincia":{"id":"94","nombre":"Tierra del Fuego, Antártida e Islas del Atlántico Sur","interseccion":0.0015795481373491501},"fuente":"IGN","categoria":"Departamento","centroide":{"lon":-68.136104654,"lat":-53.746291987}}},
{"type":"Feature","geometry":{"type":"Polygon","coordinates":[[[-63.457737,-27.882515],[-63.580909,-27.867016],[-63.660508,-27.817632],[-63.689179,-27.983888],[-63.729077,-27.977284],[-63.737019,-28.014485],[-63.606407,-28.149718],[-63.61683,-28.198956],[-63.361578,-28.317031],[-63.230934,-28.349338],[-63.228288,-28.327328],[-63.109666,-28.327234],[-63.115351,-28.307686],[-63.095401,-28.270138],[-63.293759,-28.086729],[-63.398049,-28.028547],[-63.442471,-27.922787],[-63.457737,-27.882515]]]},"properties":{"id":"86182","nombre":"Sarmiento","nombre_completo":"Departamento Sarmiento","provincia":{"id":"86","nombre":"Santiago del Estero","interseccion":0.012326454147720788},"fuente":"IGN","categoria":"Departamento","centroide":{"lon":-63.446175149,"lat":-28.106114741}}},
{"type":"Feature","geometry":{"type":"Polygon","coordinates":[[[-67.171928,-48.483883],[-66.870067,-48.582732],[-66.831052,-48.523036],[-66.641903,-48.430978],[-66.494353,-48.417472],[-66.448039,-48.352313],[-66.117981,-48.122003],[-65.904372,-48.080372],[-65.941219,-47.95428],[-65.84454,-47.893492],[-65.9104,-47.761902],[-65.844895,-47.734623],[-65.739803,-47.510235],[-65.717846,-47.332161],[-65.757721,-47.222059],[-65.867381,-47.092097],[-65.940692,-47.072181],[-66.197696,-47.087402],[-66.497776,-47.038277],[-66.630507,-47.045786],[-66.791934,-46.999144],[-67.121628,-46.707441],[-67.355322,-46.61884],[-67.440279,-46.548541],[-67.567368,-46.349066],[-67.613668,-46.23144],[-67.627245,-46.083633],[-67.595194,-46.004231],[-69.656198,-45.999938],[-69.686653,-47.161301],[-69.707565,-47.234688],[-69.734406,-48.322083],[-69.355339,-48.438316],[-68.335442,-48.379612],[-68.185577,-48.444576],[-67.616119,-48.091663],[-67.553116,-48.112984],[-67.171928,-48.483883]]]},"properties":{"id":"78014","nombre":"Deseado","nombre_completo":"Departamento Deseado","provincia":{"id":"78","nombre":"Santa Cruz","interseccion":0.25090900057502047},"fuente":"IGN","categoria":"Departamento","centroide":{"lon":-68.029054803,"lat":-47.330562996}}},
{"type":"Feature","geometry":{"type":"Polygon","coordinates":[[[-69.505287,-42.796757],[-69.56617,-42.713474],[-69.595955,-42.693699],[-69.736427,-42.681358],[-69.847496,-42.624424],[-70.041779,-42.673031],[-70.109619,-42.637024],[-70.205261,-42.623569],[-70.263923,-42.641732],[-70.292095,-42.633901],[-70.324291,-42.596612],[-70.368225,-42.601479],[-70.439331,-42.652031],[-70.536736,-42.763298],[-70.588524,-42.850605],[-70.573404,-42.881095],[-70.580894,-42.906239],[-70.790886,-43.024078],[-70.824783,-43.222641],[-70.886024,-43.308525],[-70.844994,-43.45145],[-70.909821,-43.538689],[-70.974976,-43.56628],[-71.023544,-43.608524],[-71.108109,-43.633705],[-71.318748,-43.552303],[-71.442879,-43.569935],[-71.519882,-43.526447],[-71.667877,-43.521946],[-71.757414,-43.58423],[-71.607763,-43.62859],[-71.599781,-43.696969],[-71.697763,-43.726909],[-71.763436,-43.839481],[-71.649627,-43.934869],[-71.478348,-43.92012],[-71.118416,-43.93985],[-71.116188,-43.849335],[-70.995857,-43.850662],[-70.99231,-43.760891],[-69.53138,-43.784729],[-69.558548,-43.331963],[-69.505287,-42.796757]]]},"properties":{"id":"26056","nombre":"Languiñeo","nombre_completo":"Departamento Languiñeo","provincia":{"id":"26","nombre":"Chubut","interseccion":0.06541551414919365},"fuente":"IGN","categoria":"Departamento","centroide":{"lon":-70.348407988,"lat":-43.323491879}}},
{"type":"Feature","geometry":{"type":"Polygon","coordinates":[[[-64.057381,-31.419291],[-64.057382,-31.308528],[-64.309786,-31.308532],[-64.309786,-31.524984],[-64.057384,-31.524984],[-64.057381,-31.419291]]]},"properties":{"id":"14014","nombre":"Capital","nombre_completo":"Departamento Capital","provincia":{"id":"14","nombre":"Córdoba","interseccion":0.003469892552406482},"fuente":"IGN","categoria":"Departamento","centroide":{"lon":-64.183583773,"lat":-31.416756877}}},
{"type":"Feature","geometry":{"type":"Polygon","coordinates":[[[-58.443289,-34.651207],[-58.454601,-34.65084],[-58.464394,-34.660066],[-58.50262,-34.674594],[-58.42383,-34.66228],[-58.434399,-34.65313],[-58.437971,-34.655821],[-58.443289,-34.651207]]]},"properties":{"id":"02056","nombre":"Comuna 8","nombre_completo":"Comuna 8","provincia":{"id":"02","nombre":"Ciudad Autónoma de Buenos Aires","interseccion":0.10885862552676105},"fuente":"IGN","categoria":"Comuna","centroide":{"lon":-58.46194806,"lat":-34.674566476}}},
{"type":"Feature","geometry":{"type":"Polygon","coordinates":[[[-64.713506,-27.775966],[-64.703689,-27.656494],[-64.760371,-27.647449],[-64.770965,-27.703541],[-64.91844,-27.694931],[-64.971281,-27.710421],[-64.990972,-27.724142],[-64.986025,-27.741646],[-65.039037,-27.879261],[-65.178132,-27.916417],[-65.109555,-28.24081],[-64.948262,-28.273075],[-64.854453,-28.247287],[-64.832009,-28.152719],[-64.620992,-28.165944],[-64.54586,-27.936114],[-64.659754,-27.887898],[-64.713506,-27.775966]]]},"properties":{"id":"86084","nombre":"Guasayán","nombre_completo":"Departamento Guasayán","provincia":{"id":"86","nombre":"Santiago del Estero","interseccion":0.019473834489901424},"fuente":"IGN","categoria":"Departamento","centroide":{"lon":-64.871224122,"lat":-27.976851196}}},
{"type":"Feature","geometry":{"type":"Polygon","coordinates":[[[-63.873856,-29.630787],[-63.957798,-29.623503],[-63.980802,-29.551029],[-64.275482,-29.498674],[-64.489385,-29.528134],[-64.49218,-29.82076],[-64.405181,-29.827615],[-64.410106,-29.930095],[-64.210689,-29.978071],[-64.173645,-30.063036],[-63.943425,-30.085579],[-63.944549,-30.027272],[-63.834954,-29.876897],[-63.765368,-29.706078],[-63.77921,-29.639345],[-63.756152,-29.621554],[-63.78377,-29.584167],[-63.841912,-29.580767],[-63.873856,-29.630787]]]},"properties":{"id":"14154","nombre":"Sobremonte","nombre_completo":"Departamento Sobremonte","provincia":{"id":"14","nombre":"Córdoba","interseccion":0.019208792343163066},"fuente":"IGN","categoria":"Departamento","centroide":{"lon":-64.142518265,"lat":-29.76430926}}},
{"type":"Feature","geometry":{"type":"Polygon","coordinates":[[[-59.534421,-31.924866],[-59.607134,-31.871774],[-59.762686,-31.928935],[-59.919225,-31.883327],[-60.025991,-32.031074],[-60.140157,-31.982437],[-60.181919,-32.023486],[-60.214162,-32.114773],[-60.181177,-32.19252],[-60.1711,-32.216736],[-60.18922,-32.234519],[-60.189603,-32.269261],[-60.131232,-32.268972],[-59.976817,-32.42167],[-59.942033,-32.521952],[-59.769585,-32.55134],[-59.752674,-32.581773],[-59.607136,-32.632006],[-59.600732,-32.551966],[-59.455266,-32.556833],[-59.441411,-32.355171],[-59.495835,-32.338839],[-59.456606,-32.140536],[-59.341905,-31.941177],[-59.401673,-31.934119],[-59.534421,-31.924866]]]},"properties":{"id":"30077","nombre":"Nogoyá","nombre_completo":"Departamento Nogoyá","provincia":{"id":"30","nombre":"Entre Ríos","interseccion":0.05594614517417836},"fuente":"IGN","categoria":"Departamento","centroide":{"lon":-59.769701915,"lat":-32.218712348}}},
{"type":"Feature","geometry":{"type":"Polygon","coordinates":[[[-63.989981,-27.030282],[-64.176707,-27.10862],[-64.177974,-27.198591],[-64.44518,-27.174764],[-64.487469,-27.352839],[-64.558122,-27.309456],[-64.616574,-27.444136],[-64.463919,-27.549629],[-64.406207,-27.607567],[-64.307257,-27.735965],[-64.207614,-27.811756],[-64.085704,-27.755041],[-63.933906,-27.736425],[-63.915772,-27.674727],[-63.879992,-27.644795],[-63.988654,-27.558675],[-63.96454,-27.396249],[-63.980857,-27.247274],[-63.926788,-27.237746],[-63.939781,-27.030626],[-63.989981,-27.030282]]]},"properties":{"id":"86035","nombre":"Banda","nombre_completo":"Departamento Banda","provincia":{"id":"86","nombre":"Santiago del Estero","interseccion":0.025181773151072315},"fuente":"IGN","categoria":"Departamento","centroide":{"lon":-64.209865807,"lat":-27.434706768}}},
{"type":"Feature","geometry":{"type":"Polygon","coordinates":[[[-67.767601,-43.338791],[-69.558548,-43.331963],[-69.509117,-44.144913],[-69.918686,-44.678032],[-67.748085,-44.684933],[-67.767601,-43.338791]]]},"properties":{"id":"26070","nombre":"Paso de Indios","nombre_completo":"Departamento Paso de Indios","provincia":{"id":"26","nombre":"Chubut","interseccion":0.09944833700307815},"fuente":"IGN","categoria":"Departamento","centroide":{"lon":-68.685862838,"lat":-44.03018438}}},
{"type":"Feature","geometry":{"type":"Polygon","coordinates":[[[-58.557947,-34.424092],[-58.44139,-34.386659],[-58.472022,-34.32351],[-58.649515,-34.266598],[-58.679814,-34.345687],[-58.720619,-34.36329],[-58.734634,-34.40246],[-58.595171,-34.448343],[-58.557947,-34.424092]]]},"properties":{"id":"06805","nombre":"Tigre","nombre_completo":"Partido de Tigre","provincia":{"id":"06","nombre":"Buenos Aires","interseccion":0.0013729352201051154},"fuente":"IGN","categoria":"Partido","centroide":{"lon":-58.588173873,"lat":-34.382019908}}},
{"type":"Feature","geometry":{"type":"Polygon","coordinates":[[[-66.094091,-26.248591],[-66.205349,-26.132573],[-66.301955,-26.2707],[-66.362393,-26.362667],[-66.445314,-26.374411],[-66.45259,-26.441809],[-66.508131,-26.527264],[-66.568913,-26.560363],[-66.591427,-26.670904],[-66.667618,-26.746639],[-66.573705,-26.898509],[-66.59571,-27.061371],[-66.450153,-27.132983],[-66.366967,-27.200951],[-66.254651,-27.153514],[-66.194055,-27.218955],[-66.109951,-27.215521],[-66.078763,-27.209464],[-66.005688,-27.103609],[-65.964306,-27.033103],[-65.913799,-26.982644],[-65.874895,-26.932913],[-65.85779,-26.929196],[-65.900475,-26.86379],[-65.881452,-26.806165],[-65.830161,-26.744222],[-66.04219,-26.600372],[-66.17124,-26.631212],[-66.163891,-26.501811],[-66.154844,-26.443666],[-66.11913,-26.376967],[-66.094091,-26.248591]]]},"properties":{"id":"10091","nombre":"Santa María","nombre_completo":"Departamento Santa María","provincia":{"id":"10","nombre":"Catamarca","interseccion":0.05383966081348193},"fuente":"IGN","categoria":"Departamento","centroide":{"lon":-66.261270525,"lat":-26.773464856}}},
{"type":"Feature","geometry":{"type":"Polygon","coordinates":[[[-65.170798,-27.946465],[-65.362476,-27.846929],[-65.498447,-27.922772],[-65.559637,-27.997221],[-65.57652,-28.079594],[-65.585742,-28.147437],[-65.507252,-28.230801],[-65.470078,-28.18798],[-65.308962,-28.206783],[-65.245925,-28.288044],[-65.10516,-28.322158],[-65.112391,-28.186654],[-65.170798,-27.946465]]]},"properties":{"id":"10098","nombre":"Santa Rosa","nombre_completo":"Departamento Santa Rosa","provincia":{"id":"10","nombre":"Catamarca","interseccion":0.015807130134294176},"fuente":"IGN","categoria":"Departamento","centroide":{"lon":-65.335082466,"lat":-28.082107972}}},
{"type":"Feature","geometry":{"type":"Polygon","coordinates":[[[-65.199875,-28.620899],[-65.282585,-28.640903],[-65.380895,-28.798423],[-65.306131,-28.827444],[-65.366778,-28.935003],[-65.383447,-29.103463],[-65.41671,-29.145643],[-65.505331,-29.247152],[-65.506053,-29.396647],[-65.536222,-29.515703],[-65.519397,-29.604812],[-65.59054,-29.718241],[-65.422985,-30.119602],[-65.15827,-30.047267],[-64.937932,-29.847511],[-64.964052,-29.596091],[-64.824628,-29.574305],[-64.825937,-29.473654],[-64.785969,-29.405497],[-64.842593,-29.333741],[-64.830215,-29.278633],[-64.837596,-29.228569],[-64.859844,-29.035],[-64.906601,-28.932445],[-64.901128,-28.841312],[-65.016627,-28.737805],[-65.126835,-28.716219],[-65.170609,-28.618386],[-65.199875,-28.620899]]]},"properties":{"id":"10070","nombre":"La Paz","nombre_completo":"Departamento La Paz","provincia":{"id":"10","nombre":"Catamarca","interseccion":0.08317107781537994},"fuente":"IGN","categoria":"Departamento","centroide":{"lon":-65.192033875,"lat":-29.395503622}}},
{"type":"Feature","geometry":{"type":"Polygon","coordinates":[[[-59.967868,-34.691848],[-60.006599,-34.641007],[-60.106846,-34.657499],[-60.172989,-34.770245],[-60.304147,-34.881095],[-60.118753,-35.035158],[-60.132718,-35.082419],[-60.046944,-35.092521],[-59.973643,-35.132792],[-59.905571,-35.114872],[-59.835731,-35.157783],[-59.822241,-35.176824],[-59.605175,-34.997713],[-59.798118,-34.82566],[-59.790053,-34.788481],[-59.944678,-34.671979],[-59.967868,-34.691848]]]},"properties":{"id":"06224","nombre":"Chivilcoy","nombre_completo":"Partido de Chivilcoy","provincia":{"id":"06","nombre":"Buenos Aires","interseccion":0.0065781774178823565},"fuente":"IGN","categoria":"Partido","centroide":{"lon":-59.958419488,"lat":-34.915487328}}},
{"type":"Feature","geometry":{"type":"Polygon","coordinates":[[[-69.38953,-42],[-68.085653,-41.999674],[-68.008524,-40.158163],[-68.231467,-40.073122],[-68.594784,-40.132606],[-68.786251,-40.428447],[-69.386675,-40.468816],[-69.807944,-40.665131],[-69.888488,-40.848026],[-70.179498,-41.026344],[-69.95332,-41.135094],[-70.269747,-41.415254],[-69.755269,-41.505187],[-69.38953,-42]]]},"properties":{"id":"62091","nombre":"25 de Mayo","nombre_completo":"Departamento 25 de Mayo","provincia":{"id":"62","nombre":"Río Negro","interseccion":0.1381586027527178},"fuente":"IGN","categoria":"Departamento","centroide":{"lon":-68.906326204,"lat":-41.133045037}}},
{"type":"Feature","geometry":{"type":"Polygon","coordinates":[[[-66.459299,-43.782024],[-66.524628,-43.783035],[-66.529945,-43.335266],[-67.148163,-43.340305],[-67.153625,-42.878983],[-67.773872,-42.882572],[-67.748085,-44.684933],[-67.094162,-44.678928],[-67.092657,-44.721024],[-67.080498,-44.716652],[-66.974312,-44.592419],[-66.931267,-44.480919],[-66.83461,-44.387577],[-66.798882,-44.262852],[-66.694481,-44.191696],[-66.628487,-44.019592],[-66.485252,-43.965725],[-66.43261,-43.859138],[-66.459299,-43.782024]]]},"properties":{"id":"26063","nombre":"Mártires","nombre_completo":"Departamento Mártires","provincia":{"id":"26","nombre":"Chubut","interseccion":0.06973017339537117},"fuente":"IGN","categoria":"Departamento","centroide":{"lon":-67.239981103,"lat":-43.81384795}}},
{"type":"Feature","geometry":{"type":"Polygon","coordinates":[[[-68.453482,-34.212553],[-68.456095,-34.041501],[-68.29314,-34.019798],[-68.291291,-33.463182],[-68.595098,-33.491923],[-68.564787,-33.734294],[-69.00337,-33.54648],[-69.001842,-33.611978],[-69.217068,-33.763919],[-69.301865,-33.784337],[-69.360255,-33.862926],[-69.4484,-33.847775],[-69.80246,-33.869228],[-69.890056,-33.919476],[-69.83924,-34.006947],[-69.807199,-34.248351],[-69.89698,-34.265863],[-69.904931,-34.337892],[-69.795637,-34.404668],[-69.772673,-34.467397],[-69.642919,-34.523195],[-69.482041,-34.684002],[-69.430972,-34.701672],[-69.131296,-34.623407],[-69.05427,-34.579277],[-69.005924,-34.320006],[-68.811378,-34.370627],[-68.715751,-34.263365],[-68.513727,-34.210814],[-68.453482,-34.212553]]]},"properties":{"id":"50091","nombre":"San Carlos","nombre_completo":"Departamento San Carlos","provincia":{"id":"50","nombre":"Mendoza","interseccion":0.07703476158629413},"fuente":"IGN","categoria":"Departamento","centroide":{"lon":-69.097309051,"lat":-34.075524877}}},
{"type":"Feature","geometry":{"type":"Polygon","coordinates":[[[-71.892121,-47.227183],[-71.996445,-47.294954],[-72.128084,-47.328119],[-72.161339,-47.394485],[-72.293431,-47.446242],[-72.29114,-47.511889],[-72.450507,-47.705284],[-72.527417,-47.937784],[-72.425973,-47.966986],[-72.299081,-48.158634],[-72.316699,-48.23401],[-72.226414,-48.320563],[-72.406407,-48.416075],[-72.502421,-48.518548],[-71.400177,-49.193275],[-69.758247,-49.208672],[-69.734406,-48.322083],[-69.783012,-48.307049],[-70.768875,-47.319878],[-71.571472,-47.363857],[-71.892121,-47.227183]]]},"properties":{"id":"78049","nombre":"Río Chico","nombre_completo":"Departamento Río Chico","provincia":{"id":"78","nombre":"Santa Cruz","interseccion":0.13747643993969397},"fuente":"IGN","categoria":"Departamento","centroide":{"lon":-71.113837499,"lat":-48.28732902}}},
{"type":"Feature","geometry":{"type":"MultiPolygon","coordinates":[[[[-58.344989,-34.038397],[-58.463196,-34.001892],[-58.60717,-34.037871],[-58.6753,-34.025467],[-58.80475,-34.087515],[-58.712152,-34.248902],[-58.459577,-34.324787],[-58.354147,-34.216467],[-58.344989,-34.038397]]],[[[-58.600303,-34.490354],[-58.557947,-34.424092],[-58.595171,-34.448343],[-58.600303,-34.490354]]]]},"properties":{"id":"06749","nombre":"San Fernando","nombre_completo":"Partido de San Fernando","provincia":{"id":"06","nombre":"Buenos Aires","interseccion":0.003416195055596615},"fuente":"IGN","categoria":"Partido","centroide":{"lon":-58.534581657,"lat":-34.155836112}}},
{"type":"Feature","geometry":{"type":"Polygon","coordinates":[[[-58.392898,-34.599655],[-58.410261,-34.598111],[-58.411885,-34.598021],[-58.414626,-34.608208],[-58.411746,-34.630373],[-58.391137,-34.627271],[-58.392898,-34.599655]]]},"properties":{"id":"02021","nombre":"Comuna 3","nombre_completo":"Comuna 3","provincia":{"id":"02","nombre":"Ciudad Autónoma de Buenos Aires","interseccion":0.03105544131404657},"fuente":"IGN","categoria":"Comuna","centroide":{"lon":-58.402651451,"lat":-34.613843082}}},
{"type":"Feature","geometry":{"type":"Polygon","coordinates":[[[-59.905571,-35.114872],[-59.989283,-35.129811],[-60.021089,-35.108035],[-60.235044,-35.295857],[-60.323097,-35.22972],[-60.528049,-35.410299],[-60.444882,-35.473321],[-60.867915,-35.840008],[-60.695447,-35.968815],[-60.638071,-35.921069],[-60.531063,-36.000561],[-60.515754,-35.984973],[-60.494871,-35.99499],[-60.462439,-35.972723],[-60.461554,-35.949308],[-60.417136,-35.928244],[-60.116733,-35.664442],[-60.00544,-35.661698],[-60.039969,-35.624195],[-60.010605,-35.597099],[-60.009792,-35.575656],[-60.028733,-35.555252],[-60.004894,-35.528916],[-59.906036,-35.48093],[-59.830348,-35.496935],[-59.775005,-35.478474],[-59.768671,-35.451043],[-59.825442,-35.407354],[-59.585763,-35.35996],[-59.506062,-35.289257],[-59.549982,-35.267531],[-59.543009,-35.204349],[-59.663883,-35.210011],[-59.699119,-35.210947],[-59.721389,-35.222676],[-59.774162,-35.173967],[-59.822374,-35.176815],[-59.835731,-35.157783],[-59.905571,-35.114872]]]},"properties":{"id":"06854","nombre":"25 de Mayo","nombre_completo":"Partido de 25 de Mayo","provincia":{"id":"06","nombre":"Buenos Aires","interseccion":0.015414615843042306},"fuente":"IGN","categoria":"Partido","centroide":{"lon":-60.230283789,"lat":-35.527208972}}},
{"type":"Feature","geometry":{"type":"Polygon","coordinates":[[[-60.444882,-35.473321],[-60.868635,-35.145431],[-60.984631,-35.2466],[-61.062511,-35.186779],[-61.155019,-35.264171],[-61.278178,-35.165851],[-61.531934,-35.378534],[-61.288021,-35.572824],[-61.031898,-35.765554],[-61.101731,-35.824756],[-60.969673,-35.926616],[-60.444882,-35.473321]]]},"properties":{"id":"06588","nombre":"9 de Julio","nombre_completo":"Partido de 9 de Julio","provincia":{"id":"06","nombre":"Buenos Aires","interseccion":0.013803209604185362},"fuente":"IGN","categoria":"Partido","centroide":{"lon":-60.975425442,"lat":-35.481227148}}},
{"type":"Feature","geometry":{"type":"Polygon","coordinates":[[[-61.724739,-35.537384],[-61.783275,-35.585449],[-61.906309,-35.485611],[-62.098286,-35.591606],[-62.431086,-35.858839],[-62.082437,-36.152301],[-62.178949,-36.271882],[-62.144315,-36.245472],[-62.014961,-36.300641],[-61.974442,-36.333632],[-61.921176,-36.288428],[-61.772554,-36.138559],[-61.742437,-36.16208],[-61.491487,-36.019098],[-61.436136,-36.039237],[-61.560046,-35.942756],[-61.636117,-35.852744],[-61.502767,-35.745416],[-61.574373,-35.643079],[-61.724739,-35.537384]]]},"properties":{"id":"06609","nombre":"Pehuajó","nombre_completo":"Partido de Pehuajó","provincia":{"id":"06","nombre":"Buenos Aires","interseccion":0.014622883704722561},"fuente":"IGN","categoria":"Partido","centroide":{"lon":-61.928125734,"lat":-35.883620834}}},
{"type":"Feature","geometry":{"type":"Polygon","coordinates":[[[-65.973601,-42],[-67.750569,-41.999988],[-68.389397,-41.999998],[-68.381599,-42.882832],[-65.942741,-42.862286],[-65.973601,-42]]]},"properties":{"id":"26105","nombre":"Telsen","nombre_completo":"Departamento Telsen","provincia":{"id":"26","nombre":"Chubut","interseccion":0.08478371793692786},"fuente":"IGN","categoria":"Departamento","centroide":{"lon":-67.176877305,"lat":-42.438851941}}},
{"type":"Feature","geometry":{"type":"Polygon","coordinates":[[[-69.807944,-40.665131],[-69.75504,-39.87796],[-69.865938,-39.910899],[-69.970888,-39.977742],[-70.005372,-40.047434],[-69.950278,-40.178985],[-70.058823,-40.248955],[-70.062686,-40.37464],[-70.174942,-40.42761],[-70.17883,-40.489812],[-70.424927,-40.536316],[-70.549683,-40.520996],[-70.649737,-40.589703],[-70.694026,-40.594361],[-70.733127,-40.580054],[-70.879089,-40.620422],[-70.976501,-40.648682],[-71.029724,-40.724426],[-71.119334,-40.804063],[-71.038995,-40.889019],[-71.060329,-40.980819],[-71.088577,-40.997206],[-71.174881,-41.056203],[-71.145962,-41.084671],[-71.143307,-41.108589],[-71.156315,-41.18218],[-71.217216,-41.296482],[-71.224325,-41.336063],[-71.229505,-41.499819],[-71.030404,-41.541884],[-70.929197,-41.427589],[-70.813149,-41.522904],[-70.61638,-41.41339],[-70.269747,-41.415254],[-69.95332,-41.135094],[-70.179498,-41.026344],[-69.888488,-40.848026],[-69.807944,-40.665131]]]},"properties":{"id":"62070","nombre":"Pilcaniyeu","nombre_completo":"Departamento Pilcaniyeu","provincia":{"id":"62","nombre":"Río Negro","interseccion":0.05469615720173515},"fuente":"IGN","categoria":"Departamento","centroide":{"lon":-70.462710536,"lat":-40.887552358}}},
{"type":"Feature","geometry":{"type":"Polygon","coordinates":[[[-63.660508,-27.817632],[-63.674286,-27.751628],[-63.833324,-27.733279],[-63.879814,-27.655762],[-63.915772,-27.674727],[-63.933906,-27.736425],[-64.085704,-27.755041],[-64.207614,-27.811756],[-64.142059,-27.918502],[-64.109771,-27.972601],[-63.956498,-28.000898],[-63.923811,-27.966974],[-63.734567,-28.00307],[-63.729077,-27.977284],[-63.689179,-27.983888],[-63.660508,-27.817632]]]},"properties":{"id":"86161","nombre":"Robles","nombre_completo":"Departamento Robles","provincia":{"id":"86","nombre":"Santiago del Estero","interseccion":0.00989756982231073},"fuente":"IGN","categoria":"Departamento","centroide":{"lon":-63.90750926,"lat":-27.853944073}}},
{"type":"Feature","geometry":{"type":"Polygon","coordinates":[[[-63.282763,-36.607562],[-63.385367,-36.524945],[-63.377659,-37.815182],[-62.813196,-37.373926],[-62.642151,-37.519813],[-62.425401,-37.348682],[-62.538814,-37.257424],[-62.51102,-37.196019],[-62.59499,-37.096394],[-62.647306,-37.123047],[-63.282763,-36.607562]]]},"properties":{"id":"06007","nombre":"Adolfo Alsina","nombre_completo":"Partido de Adolfo Alsina","provincia":{"id":"06","nombre":"Buenos Aires","interseccion":0.019334419382703243},"fuente":"IGN","categoria":"Partido","centroide":{"lon":-63.056055153,"lat":-37.196762082}}},
{"type":"Feature","geometry":{"type":"Polygon","coordinates":[[[-66.756512,-34.511657],[-66.812552,-34.49195],[-66.92139,-34.515427],[-67.079026,-34.574653],[-67.283946,-34.537743],[-67.426877,-34.558952],[-67.626592,-34.5279],[-67.63928,-34.534244],[-67.63429,-34.56702],[-67.665143,-34.622294],[-67.709561,-34.982425],[-67.713533,-35.003999],[-67.712105,-35.055092],[-67.710602,-35.118036],[-67.713886,-35.175946],[-67.715314,-35.240209],[-67.647878,-35.391398],[-67.530473,-35.503922],[-67.412483,-35.657818],[-67.396073,-35.730157],[-67.285389,-35.834122],[-67.194892,-35.999254],[-66.637848,-36.000593],[-66.619716,-35.971015],[-66.622895,-35.851665],[-66.589446,-35.794422],[-66.525153,-35.540197],[-66.484156,-35.240807],[-66.496831,-35.172857],[-66.497841,-35.107648],[-66.545675,-34.969295],[-66.544524,-34.88212],[-66.602525,-34.802116],[-66.606685,-34.774076],[-66.651428,-34.755933],[-66.639306,-34.720321],[-66.691239,-34.688866],[-66.712036,-34.628376],[-66.765167,-34.550917],[-66.756512,-34.511657]]]},"properties":{"id":"50014","nombre":"General Alvear","nombre_completo":"Departamento General Alvear","provincia":{"id":"50","nombre":"Mendoza","interseccion":0.0994853305721355},"fuente":"IGN","categoria":"Departamento","centroide":{"lon":-67.080588174,"lat":-35.21884569}}},
{"type":"Feature","geometry":{"type":"Polygon","coordinates":[[[-65.600152,-24.41704],[-65.660772,-24.528912],[-65.582332,-24.573743],[-65.581356,-24.644548],[-65.450487,-24.712469],[-65.220124,-24.71597],[-65.2747,-24.677425],[-65.210172,-24.543632],[-65.229272,-24.486217],[-65.343371,-24.497727],[-65.358843,-24.461322],[-65.425286,-24.450446],[-65.464285,-24.430577],[-65.506331,-24.455422],[-65.600152,-24.41704]]]},"properties":{"id":"66077","nombre":"La Caldera","nombre_completo":"Departamento La Caldera","provincia":{"id":"66","nombre":"Salta","interseccion":0.00704116329537909},"fuente":"IGN","categoria":"Departamento","centroide":{"lon":-65.429099444,"lat":-24.562399624}}},
{"type":"Feature","geometry":{"type":"Polygon","coordinates":[[[-63.851277,-28.391108],[-63.875878,-28.37654],[-63.927064,-28.367457],[-63.971107,-28.359054],[-64.008348,-28.328827],[-64.017115,-28.307711],[-64.054957,-28.304509],[-64.081952,-28.278227],[-64.08257,-28.248904],[-64.178114,-28.282591],[-64.263101,-28.340789],[-64.490714,-28.371333],[-64.448644,-28.383514],[-64.557605,-28.385824],[-64.545945,-28.47761],[-64.566792,-28.672791],[-64.5133,-28.71708],[-64.559023,-29.01582],[-64.511834,-29.024096],[-64.513644,-29.034437],[-64.266086,-29.037323],[-64.194029,-28.759608],[-64.23441,-28.682425],[-64.206275,-28.596173],[-64.043499,-28.593775],[-64.019708,-28.488065],[-63.851277,-28.391108]]]},"properties":{"id":"86105","nombre":"Loreto","nombre_completo":"Departamento Loreto","provincia":{"id":"86","nombre":"Santiago del Estero","interseccion":0.02292635387436273},"fuente":"IGN","categoria":"Departamento","centroide":{"lon":-64.310727431,"lat":-28.624480437}}},
{"type":"Feature","geometry":{"type":"Polygon","coordinates":[[[-63.943343,-36.35557],[-63.945801,-36.806208],[-63.385171,-36.807848],[-63.385555,-36.356316],[-63.943343,-36.35557]]]},"properties":{"id":"42028","nombre":"Catriló","nombre_completo":"Departamento Catriló","provincia":{"id":"42","nombre":"La Pampa","interseccion":0.017370779963721564},"fuente":"IGN","categoria":"Departamento","centroide":{"lon":-63.664868534,"lat":-36.581670209}}},
{"type":"Feature","geometry":{"type":"Polygon","coordinates":[[[-60.196307,-34.051445],[-60.3124,-34.001454],[-60.496387,-34.17646],[-60.46989,-34.199868],[-60.549166,-34.275661],[-60.578268,-34.392173],[-60.488998,-34.41514],[-60.319126,-34.497194],[-60.211227,-34.45956],[-60.08409,-34.367516],[-60.06503,-34.382654],[-60.004434,-34.328914],[-60.012141,-34.322914],[-59.970773,-34.28642],[-60.202878,-34.203902],[-60.196307,-34.051445]]]},"properties":{"id":"06714","nombre":"Salto","nombre_completo":"Partido de Salto","provincia":{"id":"06","nombre":"Buenos Aires","interseccion":0.005108208012561209},"fuente":"IGN","categoria":"Partido","centroide":{"lon":-60.305287869,"lat":-34.271077787}}},
{"type":"Feature","geometry":{"type":"Polygon","coordinates":[[[-59.057152,-34.241501],[-59.091502,-34.228217],[-59.103065,-34.200094],[-59.305387,-34.162043],[-59.3666,-34.198921],[-59.298677,-34.26429],[-59.310353,-34.289433],[-59.129594,-34.42061],[-59.097653,-34.464318],[-59.075912,-34.435339],[-58.992981,-34.379286],[-58.980257,-34.350643],[-59.057152,-34.241501]]]},"properties":{"id":"06266","nombre":"Exaltación de la Cruz","nombre_completo":"Partido de Exaltación de la Cruz","provincia":{"id":"06","nombre":"Buenos Aires","interseccion":0.0020188004887221607},"fuente":"IGN","categoria":"Partido","centroide":{"lon":-59.155946132,"lat":-34.295134224}}},
{"type":"Feature","geometry":{"type":"Polygon","coordinates":[[[-58.713374,-34.605638],[-58.646591,-34.501384],[-58.720899,-34.518234],[-58.77694,-34.557917],[-58.713374,-34.605638]]]},"properties":{"id":"06760","nombre":"San Miguel","nombre_completo":"Partido de San Miguel","provincia":{"id":"06","nombre":"Buenos Aires","interseccion":0.000263265258351352},"fuente":"IGN","categoria":"Partido","centroide":{"lon":-58.691783523,"lat":-34.552134349}}},
{"type":"Feature","geometry":{"type":"Polygon","coordinates":[[[-59.298677,-34.26429],[-59.419483,-34.268607],[-59.644583,-34.417529],[-59.767615,-34.452814],[-59.768409,-34.507296],[-59.63243,-34.615017],[-59.523664,-34.596894],[-59.217716,-34.446564],[-59.239323,-34.413704],[-59.192601,-34.370541],[-59.310353,-34.289433],[-59.298677,-34.26429]]]},"properties":{"id":"06728","nombre":"San Andrés de Giles","nombre_completo":"Partido de San Andrés de Giles","provincia":{"id":"06","nombre":"Buenos Aires","interseccion":0.0035874433628563423},"fuente":"IGN","categoria":"Partido","centroide":{"lon":-59.473198591,"lat":-34.437731429}}},
{"type":"Feature","geometry":{"type":"Polygon","coordinates":[[[-64.207614,-27.811756],[-64.307257,-27.735965],[-64.406207,-27.607567],[-64.43815,-27.604274],[-64.53333,-27.666204],[-64.626554,-27.666448],[-64.703405,-27.652146],[-64.713506,-27.775966],[-64.659754,-27.887898],[-64.54586,-27.936114],[-64.620992,-28.165944],[-64.451506,-28.195959],[-64.414355,-28.062522],[-64.245306,-28.093531],[-64.221793,-27.990761],[-64.142059,-27.918502],[-64.207614,-27.811756]]]},"properties":{"id":"86049","nombre":"Capital","nombre_completo":"Departamento Capital","provincia":{"id":"86","nombre":"Santiago del Estero","interseccion":0.015520267473599065},"fuente":"IGN","categoria":"Departamento","centroide":{"lon":-64.43566754,"lat":-27.884765228}}},
{"type":"Feature","geometry":{"type":"Polygon","coordinates":[[[-58.400094,-34.569368],[-58.43095,-34.551138],[-58.441128,-34.562153],[-58.439904,-34.578566],[-58.415967,-34.597873],[-58.400094,-34.569368]]]},"properties":{"id":"02098","nombre":"Comuna 14","nombre_completo":"Comuna 14","provincia":{"id":"02","nombre":"Ciudad Autónoma de Buenos Aires","interseccion":0.07705273121249688},"fuente":"IGN","categoria":"Comuna","centroide":{"lon":-58.422294081,"lat":-34.573874741}}},
{"type":"Feature","geometry":{"type":"Polygon","coordinates":[[[-58.816989,-34.415404],[-58.907739,-34.359949],[-58.980257,-34.350643],[-58.992981,-34.379286],[-59.056272,-34.428206],[-58.96189,-34.533741],[-58.92842,-34.516204],[-58.847501,-34.549171],[-58.821687,-34.451956],[-58.784689,-34.476157],[-58.737313,-34.456416],[-58.777666,-34.404272],[-58.816989,-34.415404]]]},"properties":{"id":"06638","nombre":"Pilar","nombre_completo":"Partido de Pilar","provincia":{"id":"06","nombre":"Buenos Aires","interseccion":0.0012222709309169584},"fuente":"IGN","categoria":"Partido","centroide":{"lon":-58.90333273,"lat":-34.448164005}}},
{"type":"Feature","geometry":{"type":"Polygon","coordinates":[[[-59.129594,-34.42061],[-59.239323,-34.413704],[-59.217716,-34.446564],[-59.338525,-34.508444],[-59.262446,-34.620116],[-59.255899,-34.685583],[-59.164978,-34.803469],[-59.091209,-34.719233],[-59.136081,-34.65886],[-59.056377,-34.616464],[-58.954201,-34.543725],[-59.056272,-34.428206],[-59.097653,-34.464318],[-59.129594,-34.42061]]]},"properties":{"id":"06497","nombre":"Luján","nombre_completo":"Partido de Luján","provincia":{"id":"06","nombre":"Buenos Aires","interseccion":0.0024540482876441046},"fuente":"IGN","categoria":"Partido","centroide":{"lon":-59.15845644,"lat":-34.56732242}}},
{"type":"Feature","geometry":{"type":"Polygon","coordinates":[[[-58.309779,-34.793387],[-58.447753,-34.825989],[-58.396445,-34.909881],[-58.292471,-34.854868],[-58.309779,-34.793387]]]},"properties":{"id":"06028","nombre":"Almirante Brown","nombre_completo":"Partido de Almirante Brown","provincia":{"id":"06","nombre":"Buenos Aires","interseccion":0.00041262012347550515},"fuente":"IGN","categoria":"Partido","centroide":{"lon":-58.367372933,"lat":-34.835619113}}},
{"type":"Feature","geometry":{"type":"Polygon","coordinates":[[[-58.396445,-34.909881],[-58.413042,-34.873576],[-58.49186,-34.927632],[-58.463054,-34.951454],[-58.468702,-35.011275],[-58.37762,-34.950493],[-58.274607,-34.91706],[-58.396445,-34.909881]]]},"properties":{"id":"06648","nombre":"Presidente Perón","nombre_completo":"Partido de Presidente Perón","provincia":{"id":"06","nombre":"Buenos Aires","interseccion":0.0003897990422797196},"fuente":"IGN","categoria":"Partido","centroide":{"lon":-58.398084211,"lat":-34.929847841}}},
{"type":"Feature","geometry":{"type":"Polygon","coordinates":[[[-58.177251,-35.057152],[-58.161419,-34.971845],[-58.338844,-35.148527],[-58.35271,-35.137863],[-58.446903,-35.214031],[-58.246816,-35.365325],[-58.18685,-35.382581],[-58.138618,-35.420373],[-58.044821,-35.334563],[-57.890143,-35.222141],[-57.968108,-35.159689],[-58.054086,-35.236827],[-58.018072,-35.168111],[-58.177251,-35.057152]]]},"properties":{"id":"06119","nombre":"Brandsen","nombre_completo":"Partido de Brandsen","provincia":{"id":"06","nombre":"Buenos Aires","interseccion":0.0035731250374631427},"fuente":"IGN","categoria":"Partido","centroide":{"lon":-58.175233904,"lat":-35.222519799}}},
{"type":"Feature","geometry":{"type":"Polygon","coordinates":[[[-60.304147,-34.881095],[-60.239549,-34.826527],[-60.281463,-34.79361],[-60.32251,-34.761526],[-60.460279,-34.862375],[-60.453038,-34.930413],[-60.474599,-34.939912],[-60.434912,-35.016392],[-60.328936,-35.127661],[-60.353836,-35.193833],[-60.235044,-35.295857],[-60.021089,-35.108035],[-60.132718,-35.082419],[-60.118753,-35.035158],[-60.304147,-34.881095]]]},"properties":{"id":"06021","nombre":"Alberti","nombre_completo":"Partido de Alberti","provincia":{"id":"06","nombre":"Buenos Aires","interseccion":0.003591994395848953},"fuente":"IGN","categoria":"Partido","centroide":{"lon":-60.281976592,"lat":-35.036968511}}},
{"type":"Feature","geometry":{"type":"Polygon","coordinates":[[[-60.685321,-34.657039],[-60.795509,-34.717472],[-60.764489,-34.741034],[-60.815683,-34.789652],[-60.723956,-34.861231],[-60.847692,-34.968081],[-60.754227,-35.041402],[-60.872663,-35.14367],[-60.528049,-35.410299],[-60.315787,-35.223135],[-60.353836,-35.193833],[-60.328936,-35.127661],[-60.434912,-35.016392],[-60.474599,-34.939912],[-60.453038,-34.930413],[-60.494684,-34.838491],[-60.588055,-34.816749],[-60.685321,-34.657039]]]},"properties":{"id":"06112","nombre":"Bragado","nombre_completo":"Partido de Bragado","provincia":{"id":"06","nombre":"Buenos Aires","interseccion":0.00703640109962811},"fuente":"IGN","categoria":"Partido","centroide":{"lon":-60.604046653,"lat":-35.061412271}}},
{"type":"Feature","geometry":{"type":"Polygon","coordinates":[[[-59.03175,-34.763825],[-59.089806,-34.71714],[-59.218728,-34.852572],[-58.992581,-35.021429],[-59.014807,-35.041293],[-58.934096,-35.103508],[-58.777483,-34.964965],[-58.859086,-34.904052],[-58.84527,-34.891708],[-58.936187,-34.817828],[-58.951498,-34.831176],[-59.03175,-34.763825]]]},"properties":{"id":"06329","nombre":"General Las Heras","nombre_completo":"Partido de General Las Heras","provincia":{"id":"06","nombre":"Buenos Aires","interseccion":0.0024001238563297893},"fuente":"IGN","categoria":"Partido","centroide":{"lon":-58.995446621,"lat":-34.909424378}}},
{"type":"Feature","geometry":{"type":"Polygon","coordinates":[[[-58.520507,-34.741056],[-58.537507,-34.756953],[-58.615506,-34.818527],[-58.650331,-34.891087],[-58.599054,-34.942952],[-58.620151,-34.960741],[-58.55317,-34.976277],[-58.510333,-34.901681],[-58.502852,-34.854959],[-58.524458,-34.779966],[-58.520507,-34.741056]]]},"properties":{"id":"06270","nombre":"Ezeiza","nombre_completo":"Partido de Ezeiza","provincia":{"id":"06","nombre":"Buenos Aires","interseccion":0.0007606075779109093},"fuente":"IGN","categoria":"Partido","centroide":{"lon":-58.564701373,"lat":-34.876096844}}},
{"type":"Feature","geometry":{"type":"Polygon","coordinates":[[[-66.366967,-27.200951],[-66.450153,-27.132983],[-66.585856,-27.097294],[-66.536647,-27.254392],[-66.623179,-27.281586],[-66.603153,-27.408677],[-66.648699,-27.495169],[-66.735243,-27.551873],[-66.714368,-27.672802],[-66.738805,-27.789456],[-66.740247,-28.019106],[-66.491635,-28.020494],[-66.385114,-27.869118],[-66.265626,-27.869426],[-66.18411,-27.829683],[-66.10618,-27.804475],[-66.080161,-27.772342],[-66.044158,-27.757289],[-66.033246,-27.778893],[-65.982405,-27.75303],[-65.974343,-27.638689],[-65.97573,-27.493506],[-65.971974,-27.332926],[-66.029273,-27.298152],[-66.194055,-27.218955],[-66.254651,-27.153514],[-66.366967,-27.200951]]]},"properties":{"id":"10021","nombre":"Andalgalá","nombre_completo":"Departamento Andalgalá","provincia":{"id":"10","nombre":"Catamarca","interseccion":0.05359830092791762},"fuente":"IGN","categoria":"Departamento","centroide":{"lon":-66.373102494,"lat":-27.57284591}}},
{"type":"Feature","geometry":{"type":"Polygon","coordinates":[[[-61.288021,-35.572824],[-61.53188,-35.378576],[-61.724739,-35.537384],[-61.574373,-35.643079],[-61.502767,-35.745416],[-61.636117,-35.852744],[-61.560046,-35.942756],[-61.393404,-36.071812],[-61.269755,-36.071098],[-61.035297,-35.876663],[-61.101731,-35.824756],[-61.031898,-35.765554],[-61.288021,-35.572824]]]},"properties":{"id":"06147","nombre":"Carlos Casares","nombre_completo":"Partido de Carlos Casares","provincia":{"id":"06","nombre":"Buenos Aires","interseccion":0.00817124414045041},"fuente":"IGN","categoria":"Partido","centroide":{"lon":-61.374377787,"lat":-35.749922214}}},
{"type":"Feature","geometry":{"type":"Polygon","coordinates":[[[-58.860294,-34.685206],[-58.935344,-34.703731],[-58.998289,-34.762792],[-58.951498,-34.831176],[-58.936187,-34.817828],[-58.84527,-34.891708],[-58.859086,-34.904052],[-58.765341,-34.958997],[-58.694106,-34.912195],[-58.749862,-34.847367],[-58.707051,-34.811268],[-58.860894,-34.701334],[-58.860294,-34.685206]]]},"properties":{"id":"06525","nombre":"Marcos Paz","nombre_completo":"Partido de Marcos Paz","provincia":{"id":"06","nombre":"Buenos Aires","interseccion":0.0013471428784673197},"fuente":"IGN","categoria":"Partido","centroide":{"lon":-58.847831205,"lat":-34.814002965}}},
{"type":"Feature","geometry":{"type":"Polygon","coordinates":[[[-58.213064,-36.615489],[-58.43724,-36.452101],[-58.720954,-36.700227],[-58.719956,-36.752577],[-59.021495,-36.960095],[-59.040746,-37.026078],[-59.09013,-37.062779],[-58.610899,-37.411263],[-58.577112,-37.383977],[-58.426401,-37.501187],[-58.354633,-37.439849],[-58.282658,-37.492092],[-58.16358,-37.38824],[-58.09451,-37.437404],[-57.768972,-37.135971],[-57.944419,-37.007576],[-58.019866,-37.075971],[-58.286543,-36.88103],[-58.114422,-36.728124],[-58.226176,-36.627666],[-58.213064,-36.615489]]]},"properties":{"id":"06042","nombre":"Ayacucho","nombre_completo":"Partido de Ayacucho","provincia":{"id":"06","nombre":"Buenos Aires","interseccion":0.022162694133517465},"fuente":"IGN","categoria":"Partido","centroide":{"lon":-58.442556524,"lat":-37.035430912}}},
{"type":"Feature","geometry":{"type":"Polygon","coordinates":[[[-62.473292,-36.457208],[-62.970025,-36.863033],[-62.647306,-37.123047],[-62.59499,-37.096394],[-62.51102,-37.196019],[-62.538814,-37.257424],[-62.425401,-37.348682],[-61.974843,-37.016773],[-61.892052,-37.022529],[-61.8565,-36.995369],[-62.019701,-36.849688],[-61.993256,-36.854244],[-62.000052,-36.811648],[-62.384667,-36.488435],[-62.473292,-36.457208]]]},"properties":{"id":"06399","nombre":"Guaminí","nombre_completo":"Partido de Guaminí","provincia":{"id":"06","nombre":"Buenos Aires","interseccion":0.015795883333214182},"fuente":"IGN","categoria":"Partido","centroide":{"lon":-62.418531061,"lat":-36.890675511}}},
{"type":"Feature","geometry":{"type":"Polygon","coordinates":[[[-62.970025,-36.863033],[-62.813186,-36.734267],[-63.01261,-36.57265],[-63.127556,-36.479504],[-63.282763,-36.607562],[-62.970025,-36.863033]]]},"properties":{"id":"06721","nombre":"Salliqueló","nombre_completo":"Partido de Salliqueló","provincia":{"id":"06","nombre":"Buenos Aires","interseccion":0.0026002100509897753},"fuente":"IGN","categoria":"Partido","centroide":{"lon":-63.047973527,"lat":-36.671777535}}},
{"type":"Feature","geometry":{"type":"Polygon","coordinates":[[[-64.180019,-24.263646],[-64.161001,-24.070614],[-64.157057,-23.518042],[-64.351539,-23.531639],[-64.402164,-23.596546],[-64.393192,-23.610071],[-64.462014,-23.652982],[-64.484765,-23.700613],[-64.572274,-23.788499],[-64.644745,-23.877323],[-64.664027,-23.992413],[-64.693555,-24.013995],[-64.715697,-24.051111],[-64.705716,-24.064191],[-64.721683,-24.097049],[-64.692782,-24.209367],[-64.691722,-24.335168],[-64.578961,-24.320586],[-64.495878,-24.3015],[-64.547269,-24.421422],[-64.52267,-24.460182],[-64.533387,-24.505319],[-64.5,-24.506369],[-64.421652,-24.402206],[-64.273769,-24.393327],[-64.180019,-24.263646]]]},"properties":{"id":"38070","nombre":"Santa Bárbara","nombre_completo":"Departamento Santa Bárbara","provincia":{"id":"38","nombre":"Jujuy","interseccion":0.08290764301300975},"fuente":"IGN","categoria":"Departamento","centroide":{"lon":-64.402311674,"lat":-24.007640145}}},
{"type":"Feature","geometry":{"type":"Polygon","coordinates":[[[-59.811998,-34.015164],[-60.024354,-33.826632],[-60.10961,-33.813544],[-60.156379,-33.745477],[-60.231469,-33.869787],[-60.2376,-34.01112],[-60.196307,-34.051445],[-60.202878,-34.203902],[-60.039614,-34.268608],[-59.983602,-34.197571],[-59.984788,-34.084642],[-59.896256,-34.078189],[-59.811998,-34.015164]]]},"properties":{"id":"06077","nombre":"Arrecifes","nombre_completo":"Partido de Arrecifes","provincia":{"id":"06","nombre":"Buenos Aires","interseccion":0.003931738525977651},"fuente":"IGN","categoria":"Partido","centroide":{"lon":-60.062664148,"lat":-34.011811918}}},
{"type":"Feature","geometry":{"type":"Polygon","coordinates":[[[-59.754392,-34.013563],[-59.811998,-34.015164],[-59.896256,-34.078189],[-59.984788,-34.084642],[-59.983602,-34.197571],[-60.039614,-34.268608],[-59.970569,-34.286546],[-59.895237,-34.236438],[-59.873943,-34.264301],[-59.675182,-34.167755],[-59.722274,-34.13107],[-59.707232,-34.09359],[-59.754392,-34.013563]]]},"properties":{"id":"06140","nombre":"Capitán Sarmiento","nombre_completo":"Partido de Capitán Sarmiento","provincia":{"id":"06","nombre":"Buenos Aires","interseccion":0.001738012460504643},"fuente":"IGN","categoria":"Partido","centroide":{"lon":-59.854014785,"lat":-34.149844527}}},
{"type":"Feature","geometry":{"type":"Polygon","coordinates":[[[-65.547059,-24.021267],[-65.597554,-23.993222],[-65.594587,-23.886364],[-65.688173,-23.863836],[-65.705044,-23.983854],[-65.720861,-24.109339],[-65.73077,-24.144211],[-65.725017,-24.186],[-65.628354,-24.277777],[-65.488099,-24.295716],[-65.379627,-24.277696],[-65.345795,-24.254992],[-65.234957,-24.276729],[-65.209135,-24.108155],[-65.158354,-24.095359],[-65.131154,-24.086569],[-65.109873,-24.032541],[-65.136601,-23.974286],[-65.18209,-23.951091],[-65.305531,-23.864253],[-65.353235,-23.856679],[-65.345084,-23.927245],[-65.547059,-24.021267]]]},"properties":{"id":"38021","nombre":"Dr. Manuel Belgrano","nombre_completo":"Departamento Dr. Manuel Belgrano","provincia":{"id":"38","nombre":"Jujuy","interseccion":0.03916432196870735},"fuente":"IGN","categoria":"Departamento","centroide":{"lon":-65.447878246,"lat":-24.089118376}}},
{"type":"Feature","geometry":{"type":"Polygon","coordinates":[[[-58.864113,-34.616882],[-58.92842,-34.516204],[-58.96189,-34.533741],[-58.954201,-34.543725],[-59.056377,-34.616464],[-59.133682,-34.664055],[-59.091209,-34.719233],[-59.03175,-34.763825],[-58.998289,-34.762792],[-58.935344,-34.703731],[-58.884468,-34.668796],[-58.864113,-34.616882]]]},"properties":{"id":"06364","nombre":"General Rodríguez","nombre_completo":"Partido de General Rodríguez","provincia":{"id":"06","nombre":"Buenos Aires","interseccion":0.001167153082300707},"fuente":"IGN","categoria":"Partido","centroide":{"lon":-58.987846798,"lat":-34.65061569}}},
{"type":"Feature","geometry":{"type":"Polygon","coordinates":[[[-59.672959,-34.582629],[-59.754879,-34.518276],[-59.944678,-34.671979],[-59.790053,-34.788481],[-59.798118,-34.82566],[-59.635369,-34.957987],[-59.466512,-34.87259],[-59.522594,-34.828793],[-59.525921,-34.764767],[-59.71641,-34.620022],[-59.672959,-34.582629]]]},"properties":{"id":"06784","nombre":"Suipacha","nombre_completo":"Partido de Suipacha","provincia":{"id":"06","nombre":"Buenos Aires","interseccion":0.003006782866003582},"fuente":"IGN","categoria":"Partido","centroide":{"lon":-59.703386049,"lat":-34.748574135}}},
{"type":"Feature","geometry":{"type":"Polygon","coordinates":[[[-58.562314,-34.591405],[-58.619897,-34.546574],[-58.646336,-34.562968],[-58.529211,-34.65464],[-58.522972,-34.597563],[-58.562314,-34.591405]]]},"properties":{"id":"06840","nombre":"Tres de Febrero","nombre_completo":"Partido de Tres de Febrero","provincia":{"id":"06","nombre":"Buenos Aires","interseccion":0.00014438916833130807},"fuente":"IGN","categoria":"Partido","centroide":{"lon":-58.579188386,"lat":-34.596010074}}},
{"type":"Feature","geometry":{"type":"Polygon","coordinates":[[[-68.245308,-29.224319],[-68.930368,-28.982312],[-68.908508,-29.044922],[-68.91189,-29.128584],[-69.001239,-29.186642],[-68.974589,-29.36415],[-69.033718,-29.532973],[-69.012988,-29.652045],[-68.93479,-29.620129],[-68.887262,-29.620371],[-68.68251,-29.646533],[-68.520203,-29.637512],[-68.441284,-29.650513],[-68.258484,-29.746887],[-68.26777,-29.758605],[-68.199003,-29.781091],[-68.15879,-29.885431],[-68.054332,-29.900302],[-67.99199,-29.979241],[-67.817039,-29.801329],[-67.612526,-29.656038],[-67.722733,-29.441338],[-67.767906,-29.354204],[-67.830444,-29.273819],[-67.856422,-29.170639],[-67.853439,-29.077093],[-68.245308,-29.224319]]]},"properties":{"id":"46028","nombre":"General Felipe Varela","nombre_completo":"Departamento General Felipe Varela","provincia":{"id":"46","nombre":"La Rioja","interseccion":0.09030161099671448},"fuente":"IGN","categoria":"Departamento","centroide":{"lon":-68.328556648,"lat":-29.449905472}}},
{"type":"Feature","geometry":{"type":"Polygon","coordinates":[[[-59.218728,-34.852572],[-59.204517,-34.796227],[-59.408729,-34.842423],[-59.635369,-34.957987],[-59.605175,-34.997713],[-59.822241,-35.176824],[-59.721389,-35.222676],[-59.699119,-35.210947],[-59.663883,-35.210011],[-59.543009,-35.204349],[-59.552533,-35.254941],[-59.251455,-35.098279],[-59.221344,-35.085086],[-59.071107,-34.961328],[-59.218728,-34.852572]]]},"properties":{"id":"06574","nombre":"Navarro","nombre_completo":"Partido de Navarro","provincia":{"id":"06","nombre":"Buenos Aires","interseccion":0.005181258794310687},"fuente":"IGN","categoria":"Partido","centroide":{"lon":-59.429358554,"lat":-35.030484482}}},
{"type":"Feature","geometry":{"type":"Polygon","coordinates":[[[-58.599054,-34.942952],[-58.650331,-34.891087],[-58.765341,-34.958997],[-58.777483,-34.964965],[-58.934096,-35.103508],[-58.868975,-35.15357],[-58.894852,-35.176187],[-58.746748,-35.252702],[-58.663133,-35.354955],[-58.582098,-35.421437],[-58.525111,-35.366574],[-58.571654,-35.328204],[-58.46797,-35.238425],[-58.577919,-35.151662],[-58.600439,-35.052424],[-58.620151,-34.960741],[-58.599054,-34.942952]]]},"properties":{"id":"06134","nombre":"Cañuelas","nombre_completo":"Partido de Cañuelas","provincia":{"id":"06","nombre":"Buenos Aires","interseccion":0.0038003588122904673},"fuente":"IGN","categoria":"Partido","centroide":{"lon":-58.691094185,"lat":-35.144804496}}},
{"type":"Feature","geometry":{"type":"Polygon","coordinates":[[[-68.601521,-31.570886],[-68.694881,-31.621206],[-68.663814,-31.736642],[-68.688909,-31.907167],[-68.541482,-31.872758],[-68.454126,-31.817666],[-68.49089,-31.790024],[-68.516219,-31.596179],[-68.601521,-31.570886]]]},"properties":{"id":"70070","nombre":"Pocito","nombre_completo":"Departamento Pocito","provincia":{"id":"70","nombre":"San Juan","interseccion":0.006552517813927233},"fuente":"IGN","categoria":"Departamento","centroide":{"lon":-68.584679819,"lat":-31.747253905}}},
{"type":"Feature","geometry":{"type":"Polygon","coordinates":[[[-58.992581,-35.021429],[-59.071037,-34.961245],[-59.221344,-35.085086],[-59.251455,-35.098279],[-59.552533,-35.254941],[-59.549982,-35.267531],[-59.480334,-35.287301],[-59.468508,-35.307371],[-59.393378,-35.290948],[-59.322525,-35.374677],[-59.26286,-35.390682],[-59.167243,-35.405904],[-59.02541,-35.352275],[-58.925107,-35.341701],[-58.808586,-35.23932],[-58.894852,-35.176187],[-58.868975,-35.15357],[-59.014807,-35.041293],[-58.992581,-35.021429]]]},"properties":{"id":"06483","nombre":"Lobos","nombre_completo":"Partido de Lobos","provincia":{"id":"06","nombre":"Buenos Aires","interseccion":0.0055331760361311405},"fuente":"IGN","categoria":"Partido","centroide":{"lon":-59.145741883,"lat":-35.219585786}}},
{"type":"Feature","geometry":{"type":"Polygon","coordinates":[[[-60.215359,-27.738101],[-60.21229,-27.116055],[-60.513374,-27.009848],[-60.518392,-27.464764],[-60.467814,-27.465212],[-60.469169,-27.645922],[-60.521903,-27.737226],[-60.215359,-27.738101]]]},"properties":{"id":"22147","nombre":"San Lorenzo","nombre_completo":"Departamento San Lorenzo","provincia":{"id":"22","nombre":"Chaco","interseccion":0.021719210532300748},"fuente":"IGN","categoria":"Departamento","centroide":{"lon":-60.363730212,"lat":-27.393373477}}},
{"type":"Feature","geometry":{"type":"Polygon","coordinates":[[[-60.849248,-34.763019],[-60.904151,-34.810719],[-61.048176,-34.692906],[-61.182368,-34.802214],[-61.127689,-34.847407],[-61.419742,-35.087908],[-61.300941,-35.185202],[-61.278178,-35.165851],[-61.155019,-35.264171],[-61.062511,-35.186779],[-60.984631,-35.2466],[-60.754227,-35.041402],[-60.847692,-34.968081],[-60.723956,-34.861231],[-60.849248,-34.763019]]]},"properties":{"id":"06385","nombre":"General Viamonte","nombre_completo":"Partido de General Viamonte","provincia":{"id":"06","nombre":"Buenos Aires","interseccion":0.00684444207281809},"fuente":"IGN","categoria":"Partido","centroide":{"lon":-61.049657234,"lat":-34.997778891}}},
{"type":"Feature","geometry":{"type":"Polygon","coordinates":[[[-65.915396,-27.66914],[-65.974343,-27.638689],[-65.970457,-27.683252],[-65.983163,-27.706909],[-65.971978,-27.720346],[-65.988507,-27.725185],[-65.984275,-27.755339],[-66.033246,-27.778893],[-66.043475,-27.75718],[-66.075155,-27.7693],[-66.088892,-27.804953],[-66.049947,-27.905538],[-66.096367,-27.9765],[-66.029116,-28.13619],[-66.056519,-28.310871],[-66.04445,-28.352826],[-65.984917,-28.351578],[-65.893345,-28.329864],[-65.876028,-28.333461],[-65.810101,-28.250119],[-65.753195,-28.248407],[-65.72932,-28.232922],[-65.755947,-28.10208],[-65.791236,-28.049119],[-65.7659,-28.009628],[-65.784376,-27.924888],[-65.807393,-27.882348],[-65.820693,-27.820355],[-65.828908,-27.812795],[-65.865487,-27.689008],[-65.915396,-27.66914]]]},"properties":{"id":"10007","nombre":"Ambato","nombre_completo":"Departamento Ambato","provincia":{"id":"10","nombre":"Catamarca","interseccion":0.018072649703038422},"fuente":"IGN","categoria":"Departamento","centroide":{"lon":-65.922787884,"lat":-28.019974166}}},
{"type":"Feature","geometry":{"type":"Polygon","coordinates":[[[-62.285185,-35.163819],[-62.471445,-35.010657],[-62.548554,-35.073872],[-62.610627,-35.022719],[-62.68835,-35.085097],[-62.657181,-35.110819],[-62.676893,-35.126607],[-62.707517,-35.101156],[-62.899558,-35.259279],[-62.864144,-35.288502],[-62.873097,-35.371607],[-62.777689,-35.408695],[-62.69389,-35.49264],[-62.338553,-35.784075],[-62.098286,-35.591606],[-61.906309,-35.485611],[-62.225018,-35.214139],[-62.210043,-35.201858],[-62.224186,-35.189879],[-62.270612,-35.151768],[-62.285185,-35.163819]]]},"properties":{"id":"06154","nombre":"Carlos Tejedor","nombre_completo":"Partido de Carlos Tejedor","provincia":{"id":"06","nombre":"Buenos Aires","interseccion":0.012569716800361562},"fuente":"IGN","categoria":"Partido","centroide":{"lon":-62.429789579,"lat":-35.379744937}}},
{"type":"Feature","geometry":{"type":"Polygon","coordinates":[[[-62.431086,-35.858839],[-62.338416,-35.784199],[-62.623811,-35.550743],[-63.20373,-36.033076],[-62.625748,-36.50236],[-62.607583,-36.561423],[-62.082437,-36.152301],[-62.431086,-35.858839]]]},"properties":{"id":"06826","nombre":"Trenque Lauquen","nombre_completo":"Partido de Trenque Lauquen","provincia":{"id":"06","nombre":"Buenos Aires","interseccion":0.017813542102003175},"fuente":"IGN","categoria":"Partido","centroide":{"lon":-62.635079783,"lat":-36.056766272}}},
{"type":"Feature","geometry":{"type":"Polygon","coordinates":[[[-59.229713,-36.42085],[-59.487573,-36.227528],[-59.634577,-36.35887],[-59.727204,-36.288222],[-59.931181,-36.466614],[-60.023689,-36.531839],[-59.918892,-36.614812],[-60.062826,-36.731805],[-60.135004,-36.674827],[-60.161412,-36.719657],[-60.001358,-36.835483],[-60.023421,-36.915576],[-60.106737,-36.980813],[-60.126382,-37.096824],[-60.207603,-37.172768],[-59.986742,-37.339941],[-59.953258,-37.447512],[-59.826494,-37.31093],[-59.806436,-37.251132],[-59.69936,-37.216611],[-59.436834,-37.021329],[-59.359664,-36.897223],[-59.365012,-36.85126],[-59.352794,-36.825044],[-59.281526,-36.764637],[-59.255322,-36.646878],[-59.13842,-36.542876],[-59.249996,-36.437525],[-59.229713,-36.42085]]]},"properties":{"id":"06049","nombre":"Azul","nombre_completo":"Partido de Azul","provincia":{"id":"06","nombre":"Buenos Aires","interseccion":0.021378003205517533},"fuente":"IGN","categoria":"Partido","centroide":{"lon":-59.696478338,"lat":-36.785935217}}},
{"type":"Feature","geometry":{"type":"Polygon","coordinates":[[[-62.048248,-36.325905],[-62.144315,-36.245472],[-62.178949,-36.271882],[-62.205482,-36.249592],[-62.473292,-36.457208],[-62.384667,-36.488435],[-62.000052,-36.811648],[-61.993256,-36.854244],[-62.019701,-36.849688],[-61.859765,-36.992546],[-61.778158,-36.930425],[-61.70785,-36.907189],[-61.599035,-36.998985],[-61.254822,-36.734982],[-61.36885,-36.640992],[-61.497217,-36.744068],[-61.664098,-36.606887],[-61.616876,-36.569896],[-61.685623,-36.535906],[-61.724667,-36.494265],[-61.763409,-36.524946],[-61.912066,-36.385782],[-62.048248,-36.325905]]]},"properties":{"id":"06231","nombre":"Daireaux","nombre_completo":"Partido de Daireaux","provincia":{"id":"06","nombre":"Buenos Aires","interseccion":0.012476845428857885},"fuente":"IGN","categoria":"Partido","centroide":{"lon":-61.891249553,"lat":-36.640869217}}},
{"type":"Feature","geometry":{"type":"Polygon","coordinates":[[[-68.837605,-32.904557],[-69.003214,-32.904597],[-69.009927,-32.960512],[-68.829727,-32.960285],[-68.839026,-32.929283],[-68.837605,-32.904557]]]},"properties":{"id":"50021","nombre":"Godoy Cruz","nombre_completo":"Departamento Godoy Cruz","provincia":{"id":"50","nombre":"Mendoza","interseccion":0.000691771875965058},"fuente":"IGN","categoria":"Departamento","centroide":{"lon":-68.914136225,"lat":-32.93207444}}},
{"type":"Feature","geometry":{"type":"Polygon","coordinates":[[[-58.500797,-34.722992],[-58.520507,-34.741056],[-58.502852,-34.854959],[-58.510333,-34.901681],[-58.49186,-34.927632],[-58.413042,-34.873576],[-58.447753,-34.825989],[-58.430528,-34.817248],[-58.500797,-34.722992]]]},"properties":{"id":"06260","nombre":"Esteban Echeverría","nombre_completo":"Partido de Esteban Echeverría","provincia":{"id":"06","nombre":"Buenos Aires","interseccion":0.0003871562169975328},"fuente":"IGN","categoria":"Partido","centroide":{"lon":-58.476947929,"lat":-34.831213566}}},
{"type":"Feature","geometry":{"type":"Polygon","coordinates":[[[-62.383878,-37.393046],[-62.425401,-37.348682],[-62.629893,-37.510153],[-62.581433,-37.549222],[-62.895559,-37.819165],[-62.575304,-38.075172],[-62.489683,-38.008184],[-62.346075,-38.136294],[-62.157986,-37.966556],[-62.098933,-37.935484],[-62.04469,-37.752474],[-62.211065,-37.577799],[-62.283399,-37.453408],[-62.383878,-37.393046]]]},"properties":{"id":"06700","nombre":"Saavedra","nombre_completo":"Partido de Saavedra","provincia":{"id":"06","nombre":"Buenos Aires","interseccion":0.011745707392202496},"fuente":"IGN","categoria":"Partido","centroide":{"lon":-62.434382914,"lat":-37.770638133}}},
{"type":"Feature","geometry":{"type":"Polygon","coordinates":[[[-61.314896,-38.946281],[-61.342026,-38.915846],[-61.45268,-38.924034],[-61.45573,-38.995401],[-61.110167,-38.99589],[-61.13784,-38.929388],[-61.314896,-38.946281]]]},"properties":{"id":"06553","nombre":"Monte Hermoso","nombre_completo":"Partido de Monte Hermoso","provincia":{"id":"06","nombre":"Buenos Aires","interseccion":0.000674275114875116},"fuente":"IGN","categoria":"Partido","centroide":{"lon":-61.292146695,"lat":-38.961623789}}},
{"type":"Feature","geometry":{"type":"Polygon","coordinates":[[[-58.507343,-37.805742],[-58.809127,-37.578725],[-59.162361,-37.876616],[-59.167908,-37.936657],[-59.127687,-37.973595],[-58.808984,-38.328818],[-58.752001,-38.488722],[-58.708025,-38.495017],[-58.619452,-38.561874],[-58.497551,-38.537471],[-58.238084,-38.445795],[-58.256504,-38.43595],[-58.284854,-38.385569],[-58.343611,-38.15957],[-58.329126,-38.074098],[-58.591233,-37.877994],[-58.507343,-37.805742]]]},"properties":{"id":"06476","nombre":"Lobería","nombre_completo":"Partido de Lobería","provincia":{"id":"06","nombre":"Buenos Aires","interseccion":0.015701606237385715},"fuente":"IGN","categoria":"Partido","centroide":{"lon":-58.693549779,"lat":-38.090052819}}},
{"type":"Feature","geometry":{"type":"Polygon","coordinates":[[[-57.752355,-34.970663],[-57.751025,-34.914931],[-57.876953,-34.827722],[-57.931845,-34.903461],[-57.895903,-34.930436],[-57.752355,-34.970663]]]},"properties":{"id":"06098","nombre":"Berisso","nombre_completo":"Partido de Berisso","provincia":{"id":"06","nombre":"Buenos Aires","interseccion":0.000461516287049348},"fuente":"IGN","categoria":"Partido","centroide":{"lon":-57.828379772,"lat":-34.909355114}}},
{"type":"Feature","geometry":{"type":"Polygon","coordinates":[[[-57.209226,-36.196221],[-57.417854,-36.157623],[-57.473263,-36.340341],[-57.342985,-36.366172],[-57.443662,-36.479428],[-57.464357,-36.570926],[-57.328779,-36.669157],[-57.164769,-36.521001],[-57.064657,-36.385595],[-57.018512,-36.322275],[-57.209226,-36.196221]]]},"properties":{"id":"06812","nombre":"Tordillo","nombre_completo":"Partido de Tordillo","provincia":{"id":"06","nombre":"Buenos Aires","interseccion":0.004341533979901007},"fuente":"IGN","categoria":"Partido","centroide":{"lon":-57.273811645,"lat":-36.390515122}}},
{"type":"Feature","geometry":{"type":"Polygon","coordinates":[[[-59.168091,-33.809387],[-59.276361,-33.820257],[-59.30209,-33.846625],[-59.240136,-33.896258],[-59.260541,-33.941577],[-59.309814,-33.924122],[-59.347137,-33.935033],[-59.308491,-34.019271],[-59.302504,-34.064062],[-59.279567,-34.145967],[-59.102904,-34.200122],[-58.973315,-34.129096],[-59.009521,-34.099071],[-58.966046,-33.960581],[-58.89978,-33.890991],[-59.055481,-33.832397],[-59.168091,-33.809387]]]},"properties":{"id":"06882","nombre":"Zárate","nombre_completo":"Partido de Zárate","provincia":{"id":"06","nombre":"Buenos Aires","interseccion":0.003745597657876218},"fuente":"IGN","categoria":"Partido","centroide":{"lon":-59.1282153,"lat":-33.997089798}}},
{"type":"Feature","geometry":{"type":"Polygon","coordinates":[[[-60.04484,-33.447527],[-60.098816,-33.383118],[-60.138123,-33.35907],[-60.168068,-33.352751],[-60.189845,-33.40878],[-60.193732,-33.450409],[-60.159961,-33.473895],[-60.172126,-33.510936],[-60.199045,-33.534505],[-60.244439,-33.615686],[-60.280919,-33.62046],[-60.313175,-33.651123],[-60.17224,-33.661924],[-60.141242,-33.693094],[-60.156379,-33.745477],[-60.072709,-33.778856],[-60.041144,-33.768819],[-59.80953,-33.551657],[-59.894744,-33.510284],[-60.04484,-33.447527]]]},"properties":{"id":"06665","nombre":"Ramallo","nombre_completo":"Partido de Ramallo","provincia":{"id":"06","nombre":"Buenos Aires","interseccion":0.0032935602867275714},"fuente":"IGN","categoria":"Partido","centroide":{"lon":-60.057506441,"lat":-33.587186147}}},
{"type":"Feature","geometry":{"type":"Polygon","coordinates":[[[-59.67533,-34.404053],[-59.692234,-34.287045],[-59.730865,-34.257214],[-59.78158,-34.219316],[-59.873943,-34.264301],[-59.895237,-34.236438],[-60.06503,-34.382654],[-60.08409,-34.367516],[-60.083631,-34.469779],[-59.974745,-34.510428],[-59.884567,-34.61943],[-59.768409,-34.507296],[-59.767615,-34.452814],[-59.67533,-34.404053]]]},"properties":{"id":"06161","nombre":"Carmen de Areco","nombre_completo":"Partido de Carmen de Areco","provincia":{"id":"06","nombre":"Buenos Aires","interseccion":0.0033708899120034825},"fuente":"IGN","categoria":"Partido","centroide":{"lon":-59.884413488,"lat":-34.406797788}}},
{"type":"Feature","geometry":{"type":"Polygon","coordinates":[[[-63.55025,-32.822659],[-63.721518,-32.79069],[-63.699917,-32.709768],[-63.907448,-32.700379],[-63.977397,-32.737687],[-64.048031,-33.001873],[-63.976576,-33.054285],[-64.04883,-33.109682],[-64.047937,-33.192644],[-63.890153,-33.199488],[-63.88538,-33.643289],[-64.039213,-33.643104],[-64.035989,-33.832822],[-63.22851,-33.830576],[-63.08166,-33.272762],[-63.218448,-33.247014],[-63.190967,-33.1006],[-63.30033,-33.081448],[-63.316603,-33.143264],[-63.481338,-33.118902],[-63.393004,-33.045808],[-63.420808,-32.909828],[-63.55025,-32.822659]]]},"properties":{"id":"14056","nombre":"Juárez Celman","nombre_completo":"Departamento Juárez Celman","provincia":{"id":"14","nombre":"Córdoba","interseccion":0.04876614388647456},"fuente":"IGN","categoria":"Departamento","centroide":{"lon":-63.606385855,"lat":-33.329574481}}},
{"type":"Feature","geometry":{"type":"Polygon","coordinates":[[[-65.094195,-24.715499],[-65.342592,-24.721616],[-65.445186,-24.713418],[-65.563512,-24.655432],[-65.581356,-24.644548],[-65.599435,-24.806455],[-65.514989,-24.857543],[-65.342764,-24.862338],[-65.305691,-25.060156],[-65.244553,-25.115387],[-65.228726,-25.155459],[-65.271177,-25.221772],[-65.27842,-25.258065],[-65.298592,-25.298822],[-65.214248,-25.239397],[-65.156152,-25.112276],[-65.076388,-25.095323],[-65.065473,-24.999102],[-65.096125,-24.914314],[-65.053285,-24.865612],[-65.018887,-24.805503],[-65.094195,-24.715499]]]},"properties":{"id":"66028","nombre":"Capital","nombre_completo":"Departamento Capital","provincia":{"id":"66","nombre":"Salta","interseccion":0.011094384855261897},"fuente":"IGN","categoria":"Departamento","centroide":{"lon":-65.271322401,"lat":-24.889794923}}},
{"type":"Feature","geometry":{"type":"Polygon","coordinates":[[[-65.254313,-25.889382],[-65.350984,-25.875752],[-65.442243,-25.957733],[-65.47033,-26.014959],[-65.527314,-26.04121],[-65.563372,-26.088893],[-65.465396,-26.091277],[-65.367336,-26.060913],[-65.347059,-26.060438],[-65.297906,-26.081736],[-65.275338,-26.171237],[-65.040725,-26.229933],[-65.039509,-26.290334],[-64.972518,-26.274381],[-64.917338,-26.199506],[-64.872917,-26.125312],[-64.884321,-26.044811],[-65.108008,-26.007916],[-65.194625,-26.025163],[-65.254313,-25.889382]]]},"properties":{"id":"66084","nombre":"La Candelaria","nombre_completo":"Departamento La Candelaria","provincia":{"id":"66","nombre":"Salta","interseccion":0.008795748280513821},"fuente":"IGN","categoria":"Departamento","centroide":{"lon":-65.176022047,"lat":-26.084873179}}},
{"type":"Feature","geometry":{"type":"Polygon","coordinates":[[[-60.820796,-27.370182],[-61.7125,-26.755076],[-61.712679,-26.928197],[-60.997214,-27.417701],[-60.997165,-27.400119],[-60.909425,-27.399847],[-60.820796,-27.370182]]]},"properties":{"id":"22028","nombre":"Chacabuco","nombre_completo":"Departamento Chacabuco","provincia":{"id":"22","nombre":"Chaco","interseccion":0.01529451034679844},"fuente":"IGN","categoria":"Departamento","centroide":{"lon":-61.308834951,"lat":-27.115350264}}},
{"type":"Feature","geometry":{"type":"Polygon","coordinates":[[[-65.186565,-25.409541],[-65.335634,-25.42692],[-65.340118,-25.297454],[-65.395067,-25.284752],[-65.475033,-25.398101],[-65.491744,-25.475563],[-65.619142,-25.630062],[-65.648778,-25.631332],[-65.679096,-25.670375],[-65.700221,-25.709343],[-65.683276,-25.764266],[-65.704275,-25.827474],[-65.723063,-25.935045],[-65.75486,-25.955604],[-65.619804,-25.971039],[-65.617324,-26.002101],[-65.661828,-26.057727],[-65.688515,-26.117262],[-65.587305,-26.114487],[-65.552128,-26.089172],[-65.563372,-26.088893],[-65.527314,-26.04121],[-65.47033,-26.014959],[-65.442243,-25.957733],[-65.278362,-25.80763],[-65.239472,-25.711998],[-65.134066,-25.620948],[-65.149327,-25.537793],[-65.163652,-25.4433],[-65.186565,-25.409541]]]},"properties":{"id":"66063","nombre":"Guachipas","nombre_completo":"Departamento Guachipas","provincia":{"id":"66","nombre":"Salta","interseccion":0.018153913588050876},"fuente":"IGN","categoria":"Departamento","centroide":{"lon":-65.444540624,"lat":-25.70295843}}},
{"type":"Feature","geometry":{"type":"Polygon","coordinates":[[[-68.43066,-31.5082],[-68.518741,-31.457704],[-68.642091,-31.502473],[-68.471723,-31.497277],[-68.43066,-31.5082]]]},"properties":{"id":"70042","nombre":"Chimbas","nombre_completo":"Departamento Chimbas","provincia":{"id":"70","nombre":"San Juan","interseccion":0.0007622551122698675},"fuente":"IGN","categoria":"Departamento","centroide":{"lon":-68.523928966,"lat":-31.487419695}}},
{"type":"Feature","geometry":{"type":"Polygon","coordinates":[[[-59.262446,-34.620116],[-59.338524,-34.508458],[-59.523664,-34.596894],[-59.63243,-34.615017],[-59.672959,-34.582629],[-59.71641,-34.620022],[-59.525921,-34.764767],[-59.522594,-34.828793],[-59.496825,-34.849386],[-59.466512,-34.87259],[-59.408729,-34.842423],[-59.204517,-34.796227],[-59.255899,-34.685583],[-59.262446,-34.620116]]]},"properties":{"id":"06532","nombre":"Mercedes","nombre_completo":"Partido de Mercedes","provincia":{"id":"06","nombre":"Buenos Aires","interseccion":0.0033442817350346193},"fuente":"IGN","categoria":"Partido","centroide":{"lon":-59.420481139,"lat":-34.697321326}}},
{"type":"Feature","geometry":{"type":"Polygon","coordinates":[[[-65.466172,-26.882512],[-65.628707,-26.87629],[-65.663151,-26.910211],[-65.656217,-26.927838],[-65.592359,-26.933541],[-65.490398,-27.019647],[-65.421944,-27.112146],[-65.389996,-27.088708],[-65.351351,-27.087395],[-65.364846,-27.00096],[-65.466172,-26.882512]]]},"properties":{"id":"90028","nombre":"Famaillá","nombre_completo":"Departamento Famaillá","provincia":{"id":"90","nombre":"Tucumán","interseccion":0.020367630987711563},"fuente":"IGN","categoria":"Departamento","centroide":{"lon":-65.478908498,"lat":-26.975968978}}},
{"type":"Feature","geometry":{"type":"Polygon","coordinates":[[[-60.117957,-35.833675],[-60.213913,-35.756165],[-60.417136,-35.928244],[-60.461554,-35.949308],[-60.470953,-35.981062],[-60.495405,-35.995126],[-60.519003,-35.985802],[-60.57241,-36.028751],[-60.634758,-36.110023],[-60.698885,-36.135771],[-60.565185,-36.236201],[-60.523546,-36.214032],[-60.35968,-36.326405],[-60.245918,-36.303369],[-60.090175,-36.16134],[-59.966942,-36.248596],[-59.797111,-36.043748],[-59.718057,-36.105853],[-59.592439,-36.040529],[-59.516484,-35.975994],[-59.70006,-35.831667],[-59.872342,-35.876673],[-60.05608,-35.780529],[-60.117957,-35.833675]]]},"properties":{"id":"06287","nombre":"General Alvear","nombre_completo":"Partido de General Alvear","provincia":{"id":"06","nombre":"Buenos Aires","interseccion":0.010903606337675552},"fuente":"IGN","categoria":"Partido","centroide":{"lon":-60.133153104,"lat":-36.03471065}}},
{"type":"Feature","geometry":{"type":"Polygon","coordinates":[[[-58.298454,-34.783439],[-58.194645,-34.735695],[-58.279639,-34.678642],[-58.346962,-34.739344],[-58.304114,-34.801165],[-58.298454,-34.783439]]]},"properties":{"id":"06658","nombre":"Quilmes","nombre_completo":"Partido de Quilmes","provincia":{"id":"06","nombre":"Buenos Aires","interseccion":0.00029213178834089967},"fuente":"IGN","categoria":"Partido","centroide":{"lon":-58.276858021,"lat":-34.734970799}}},
{"type":"Feature","geometry":{"type":"Polygon","coordinates":[[[-58.616028,-34.588705],[-58.693934,-34.593742],[-58.653486,-34.631612],[-58.616028,-34.588705]]]},"properties":{"id":"06408","nombre":"Hurlingham","nombre_completo":"Partido de Hurlingham","provincia":{"id":"06","nombre":"Buenos Aires","interseccion":0.00011387176849289681},"fuente":"IGN","categoria":"Partido","centroide":{"lon":-58.649525387,"lat":-34.599283055}}},
{"type":"Feature","geometry":{"type":"Polygon","coordinates":[[[-58.616028,-34.588705],[-58.653486,-34.631612],[-58.667381,-34.685988],[-58.581876,-34.64317],[-58.616028,-34.588705]]]},"properties":{"id":"06568","nombre":"Morón","nombre_completo":"Partido de Morón","provincia":{"id":"06","nombre":"Buenos Aires","interseccion":0.00017537699310798263},"fuente":"IGN","categoria":"Partido","centroide":{"lon":-58.619831711,"lat":-34.649386163}}},
{"type":"Feature","geometry":{"type":"Polygon","coordinates":[[[-60.488998,-34.41514],[-60.559846,-34.406436],[-60.677205,-34.509355],[-60.646701,-34.53305],[-60.741446,-34.649115],[-60.685321,-34.657039],[-60.588055,-34.816749],[-60.494684,-34.838491],[-60.460279,-34.862375],[-60.32251,-34.761526],[-60.243552,-34.829956],[-60.172989,-34.770245],[-60.106846,-34.657499],[-60.006599,-34.641007],[-59.967868,-34.691848],[-59.884567,-34.61943],[-59.974745,-34.510428],[-60.083631,-34.469779],[-60.211227,-34.45956],[-60.319126,-34.497194],[-60.488998,-34.41514]]]},"properties":{"id":"06210","nombre":"Chacabuco","nombre_completo":"Partido de Chacabuco","provincia":{"id":"06","nombre":"Buenos Aires","interseccion":0.00729103246694234},"fuente":"IGN","categoria":"Partido","centroide":{"lon":-60.354308113,"lat":-34.618200295}}},
{"type":"Feature","geometry":{"type":"Polygon","coordinates":[[[-68.490287,-33.123024],[-68.576882,-33.072175],[-68.599052,-33.091674],[-68.640887,-33.10268],[-68.685705,-33.248949],[-68.639262,-33.203863],[-68.480975,-33.149489],[-68.289218,-33.232429],[-68.287805,-33.188638],[-68.447926,-33.1],[-68.490287,-33.123024]]]},"properties":{"id":"50035","nombre":"Junín","nombre_completo":"Departamento Junín","provincia":{"id":"50","nombre":"Mendoza","interseccion":0.001795508205970697},"fuente":"IGN","categoria":"Departamento","centroide":{"lon":-68.497360654,"lat":-33.150394088}}},
{"type":"Feature","geometry":{"type":"Polygon","coordinates":[[[-58.646591,-34.501384],[-58.705563,-34.439311],[-58.784541,-34.476066],[-58.701269,-34.532748],[-58.646591,-34.501384]]]},"properties":{"id":"06515","nombre":"Malvinas Argentinas","nombre_completo":"Partido de Malvinas Argentinas","provincia":{"id":"06","nombre":"Buenos Aires","interseccion":0.00019985069859517355},"fuente":"IGN","categoria":"Partido","centroide":{"lon":-58.712137242,"lat":-34.487311344}}},
{"type":"Feature","geometry":{"type":"Polygon","coordinates":[[[-65.723063,-25.935045],[-65.797369,-25.882005],[-65.806841,-25.913304],[-65.857204,-26.027246],[-66.047483,-26.016299],[-66.159838,-26.043647],[-66.181224,-26.135193],[-66.099757,-26.220486],[-65.716851,-26.352001],[-65.72303,-26.312712],[-65.722753,-26.2798],[-65.711897,-26.208357],[-65.696882,-26.141425],[-65.661828,-26.057727],[-65.636556,-26.038451],[-65.616597,-25.997992],[-65.629279,-25.967175],[-65.75486,-25.955604],[-65.723063,-25.935045]]]},"properties":{"id":"66021","nombre":"Cafayate","nombre_completo":"Departamento Cafayate","provincia":{"id":"66","nombre":"Salta","interseccion":0.010128259065045976},"fuente":"IGN","categoria":"Departamento","centroide":{"lon":-65.876723058,"lat":-26.125748999}}},
{"type":"Feature","geometry":{"type":"Polygon","coordinates":[[[-64.344229,-30.938237],[-64.37487,-30.911384],[-64.438753,-30.913773],[-64.429648,-30.972589],[-64.449223,-31.060553],[-64.414736,-31.175595],[-64.433363,-31.372285],[-64.41823,-31.367366],[-64.419847,-31.355237],[-64.351087,-31.371337],[-64.309786,-31.363288],[-64.309786,-31.308532],[-64.057382,-31.308528],[-64.055635,-31.42196],[-63.975044,-31.452108],[-63.952104,-31.439694],[-63.953326,-31.346072],[-63.863346,-31.272767],[-63.864404,-31.111935],[-63.823204,-31.073393],[-63.8957,-31.018725],[-63.887989,-30.952974],[-63.991177,-30.918199],[-64.039374,-30.960103],[-64.179288,-30.976253],[-64.344229,-30.938237]]]},"properties":{"id":"14021","nombre":"Colón","nombre_completo":"Departamento Colón","provincia":{"id":"14","nombre":"Córdoba","interseccion":0.014226582829670577},"fuente":"IGN","categoria":"Departamento","centroide":{"lon":-64.149086868,"lat":-31.146180944}}},
{"type":"Feature","geometry":{"type":"MultiPolygon","coordinates":[[[[-56.028888,-27.382855],[-56.032419,-27.316387],[-56.151922,-27.328739],[-56.284233,-27.408492],[-56.293688,-27.494141],[-56.356158,-27.58589],[-56.487046,-27.563677],[-56.60355,-27.431417],[-56.718782,-27.464558],[-56.677355,-27.560018],[-56.737386,-27.603732],[-56.853279,-27.605231],[-56.931914,-27.5666],[-57.096832,-27.665062],[-57.194695,-27.807371],[-57.354622,-27.934608],[-57.412785,-28.069336],[-57.398335,-28.1483],[-57.442059,-28.269846],[-57.517944,-28.345589],[-57.644291,-28.419729],[-57.690651,-28.501316],[-57.612274,-28.595654],[-57.366116,-28.579321],[-57.302959,-28.564119],[-56.87529,-28.229994],[-56.779537,-28.080662],[-56.663376,-27.952679],[-56.622433,-27.849346],[-56.467884,-27.939465],[-56.425632,-27.880533],[-56.321867,-27.878542],[-56.239689,-27.81897],[-56.22932,-27.769571],[-56.152083,-27.798644],[-55.874653,-27.958235],[-55.827123,-27.854597],[-55.825537,-27.791656],[-55.9789,-27.5402],[-56.026635,-27.507277],[-56.055421,-27.420687],[-56.028888,-27.382855]]],[[[-56.914826,-27.42354],[-56.970105,-27.492732],[-56.840421,-27.596181],[-56.764027,-27.502565],[-56.914826,-27.42354]]]]},"properties":{"id":"18084","nombre":"Ituzaingó","nombre_completo":"Departamento Ituzaingó","provincia":{"id":"18","nombre":"Corrientes","interseccion":0.10768881685810541},"fuente":"IGN","categoria":"Departamento","centroide":{"lon":-56.790098224,"lat":-27.911308576}}},
{"type":"Feature","geometry":{"type":"Polygon","coordinates":[[[-67.813209,-28.37168],[-67.861015,-28.295345],[-67.876312,-28.364771],[-67.829758,-28.5355],[-67.877129,-28.761057],[-67.824707,-28.881281],[-67.835197,-29.014641],[-67.215881,-29.013229],[-67.209137,-28.970999],[-67.174805,-28.905529],[-67.225487,-28.850174],[-67.257011,-28.74227],[-67.264908,-28.687328],[-67.253647,-28.571543],[-67.273682,-28.520773],[-67.437355,-28.417009],[-67.446399,-28.368021],[-67.695747,-28.311834],[-67.760398,-28.329361],[-67.813209,-28.37168]]]},"properties":{"id":"46049","nombre":"Famatina","nombre_completo":"Departamento Famatina","provincia":{"id":"46","nombre":"La Rioja","interseccion":0.04517736786502132},"fuente":"IGN","categoria":"Departamento","centroide":{"lon":-67.559254312,"lat":-28.697353621}}},
{"type":"Feature","geometry":{"type":"Polygon","coordinates":[[[-63.233593,-26.794241],[-63.378395,-26.764093],[-63.37839,-26.887997],[-63.548504,-26.925532],[-63.823954,-26.924318],[-63.989021,-26.904399],[-63.989981,-27.030282],[-63.939781,-27.030626],[-63.926788,-27.237746],[-63.980857,-27.247274],[-63.96454,-27.396249],[-63.988654,-27.558675],[-63.879992,-27.644795],[-63.879814,-27.655762],[-63.833324,-27.733279],[-63.674286,-27.751628],[-63.660508,-27.817632],[-63.580909,-27.867016],[-63.495502,-27.824068],[-63.499339,-27.781372],[-63.275245,-27.766111],[-63.223496,-27.728033],[-63.183905,-27.547459],[-63.208,-27.321496],[-63.255199,-27.312091],[-63.222201,-27.149493],[-63.240822,-27.108496],[-63.233593,-26.794241]]]},"properties":{"id":"86070","nombre":"Figueroa","nombre_completo":"Departamento Figueroa","provincia":{"id":"86","nombre":"Santiago del Estero","interseccion":0.05172071328949762},"fuente":"IGN","categoria":"Departamento","centroide":{"lon":-63.579632022,"lat":-27.32185675}}},
{"type":"Feature","geometry":{"type":"Polygon","coordinates":[[[-60.200684,-33.292175],[-60.272714,-33.263863],[-60.264612,-33.281316],[-60.323963,-33.350753],[-60.410217,-33.467886],[-60.418494,-33.55853],[-60.458415,-33.587507],[-60.429335,-33.619387],[-60.326792,-33.68327],[-60.286591,-33.624462],[-60.242323,-33.613425],[-60.160214,-33.47861],[-60.194469,-33.444784],[-60.165553,-33.350769],[-60.200684,-33.292175]]]},"properties":{"id":"06763","nombre":"San Nicolás","nombre_completo":"Partido de San Nicolás","provincia":{"id":"06","nombre":"Buenos Aires","interseccion":0.002138598612141002},"fuente":"IGN","categoria":"Partido","centroide":{"lon":-60.29314878,"lat":-33.482987331}}},
{"type":"Feature","geometry":{"type":"Polygon","coordinates":[[[-63.06807,-28.891836],[-63.110833,-28.765397],[-63.24243,-28.740576],[-63.22701,-28.637161],[-63.313403,-28.636989],[-63.475132,-28.57644],[-63.601377,-28.626493],[-63.581536,-28.648223],[-63.58399,-28.724242],[-63.658616,-28.793683],[-63.592891,-28.876249],[-63.649933,-28.929705],[-63.475874,-29.026998],[-63.361975,-29.128414],[-63.295638,-29.210153],[-63.279332,-29.226888],[-63.263938,-29.220068],[-63.214187,-29.238999],[-63.158121,-29.29132],[-63.157838,-29.312376],[-62.980707,-29.20199],[-62.980219,-28.966661],[-63.068116,-28.970097],[-63.06807,-28.891836]]]},"properties":{"id":"86168","nombre":"Salavina","nombre_completo":"Departamento Salavina","provincia":{"id":"86","nombre":"Santiago del Estero","interseccion":0.023392530914520804},"fuente":"IGN","categoria":"Departamento","centroide":{"lon":-63.303594954,"lat":-28.91874359}}},
{"type":"Feature","geometry":{"type":"Polygon","coordinates":[[[-63.918406,-25.682139],[-64.007837,-25.673766],[-64.025547,-25.753939],[-64.196277,-25.728002],[-64.197499,-25.709462],[-64.267966,-25.700569],[-64.413011,-26.040483],[-64.416683,-26.114299],[-64.502102,-26.239475],[-64.481788,-26.307587],[-64.531548,-26.378662],[-64.5208,-26.54796],[-64.417194,-26.553966],[-64.417084,-26.565949],[-64.282071,-26.568611],[-64.263575,-26.634451],[-64.162415,-26.697073],[-63.877283,-26.721246],[-63.801772,-26.641291],[-63.768156,-26.478281],[-63.692344,-26.478669],[-63.720735,-26.376258],[-63.773703,-26.264563],[-63.764161,-26.197516],[-63.705095,-26.10987],[-63.690187,-26.034136],[-63.747992,-25.951263],[-63.746026,-25.937674],[-63.830305,-25.846839],[-63.918406,-25.682139]]]},"properties":{"id":"86133","nombre":"Pellegrini","nombre_completo":"Departamento Pellegrini","provincia":{"id":"86","nombre":"Santiago del Estero","interseccion":0.049964647733620735},"fuente":"IGN","categoria":"Departamento","centroide":{"lon":-64.091749828,"lat":-26.219901837}}},
{"type":"Feature","geometry":{"type":"Polygon","coordinates":[[[-63.109666,-28.327234],[-63.228288,-28.327328],[-63.230934,-28.349338],[-63.361578,-28.317031],[-63.61683,-28.198956],[-63.628522,-28.251809],[-63.635769,-28.351238],[-63.694057,-28.379496],[-63.78646,-28.435725],[-63.68985,-28.518852],[-63.601377,-28.626493],[-63.475132,-28.57644],[-63.313403,-28.636989],[-63.22701,-28.637161],[-63.24243,-28.740576],[-63.110833,-28.765397],[-63.06807,-28.891836],[-62.894551,-28.862979],[-62.655158,-28.847073],[-62.753373,-28.632442],[-62.882227,-28.565129],[-62.914354,-28.460493],[-63.040787,-28.407598],[-63.109666,-28.327234]]]},"properties":{"id":"86028","nombre":"Avellaneda","nombre_completo":"Departamento Avellaneda","provincia":{"id":"86","nombre":"Santiago del Estero","interseccion":0.028015536920242},"fuente":"IGN","categoria":"Departamento","centroide":{"lon":-63.203766588,"lat":-28.555362665}}},
{"type":"Feature","geometry":{"type":"Polygon","coordinates":[[[-65.406417,-32.617787],[-65.435956,-32.52393],[-65.375961,-32.36587],[-65.475097,-32.276754],[-65.698277,-32.203686],[-65.780288,-32.239871],[-65.836568,-32.382347],[-65.956975,-32.430478],[-66.020988,-32.637547],[-66.100552,-32.632055],[-66.135322,-32.75748],[-66.085096,-32.797213],[-66.02566,-32.790102],[-65.864233,-32.851079],[-65.772658,-32.827928],[-65.717763,-32.925727],[-65.619973,-32.919511],[-65.611691,-32.872226],[-65.512734,-32.85707],[-65.468099,-32.707108],[-65.406417,-32.617787]]]},"properties":{"id":"74063","nombre":"Libertador General San Martín","nombre_completo":"Departamento Libertador General San Martín","provincia":{"id":"74","nombre":"San Luis","interseccion":0.045386425965813895},"fuente":"IGN","categoria":"Departamento","centroide":{"lon":-65.709588772,"lat":-32.578419238}}},
{"type":"Feature","geometry":{"type":"Polygon","coordinates":[[[-66.185493,-32.651066],[-66.183484,-32.60197],[-66.201614,-32.58215],[-66.202883,-32.572438],[-66.222972,-32.584692],[-66.236169,-32.614411],[-66.211294,-32.731077],[-66.216972,-32.912584],[-66.186607,-32.990805],[-66.2048,-33.002429],[-66.204144,-33.077017],[-66.215246,-33.084328],[-66.228309,-33.168576],[-66.102543,-33.277293],[-66.110121,-33.383434],[-66.047873,-33.375881],[-65.792911,-33.507467],[-65.735469,-33.469994],[-65.557004,-33.469822],[-65.563708,-33.411776],[-65.607786,-33.285603],[-65.616629,-33.075557],[-65.559996,-33.006407],[-65.578013,-33.012176],[-65.565871,-32.942925],[-65.611691,-32.872226],[-65.619973,-32.919511],[-65.717763,-32.925727],[-65.772658,-32.827928],[-65.864233,-32.851079],[-66.02566,-32.790102],[-66.085096,-32.797213],[-66.166681,-32.740281],[-66.153821,-32.649479],[-66.185493,-32.651066]]]},"properties":{"id":"74021","nombre":"Coronel Pringles","nombre_completo":"Departamento Coronel Pringles","provincia":{"id":"74","nombre":"San Luis","interseccion":0.050618231516981194},"fuente":"IGN","categoria":"Departamento","centroide":{"lon":-65.900790206,"lat":-33.106882057}}},
{"type":"Feature","geometry":{"type":"Polygon","coordinates":[[[-64.919446,-32.479363],[-64.999499,-32.482521],[-65.00728,-32.4732],[-65.014108,-32.483044],[-65.084797,-32.498862],[-65.238861,-32.493277],[-65.300141,-32.527542],[-65.348567,-32.552602],[-65.406417,-32.617787],[-65.468099,-32.707108],[-65.512734,-32.85707],[-65.565871,-32.942925],[-65.578013,-33.012176],[-65.479039,-32.95984],[-65.283225,-32.906557],[-65.17005,-32.926011],[-65.013894,-32.961802],[-64.99278,-32.945166],[-64.944619,-32.767336],[-64.909919,-32.642167],[-64.91909,-32.614218],[-64.882753,-32.570792],[-64.884571,-32.524239],[-64.919446,-32.479363]]]},"properties":{"id":"74028","nombre":"Chacabuco","nombre_completo":"Departamento Chacabuco","provincia":{"id":"74","nombre":"San Luis","interseccion":0.031606845354005625},"fuente":"IGN","categoria":"Departamento","centroide":{"lon":-65.198209788,"lat":-32.727076866}}},
{"type":"Feature","geometry":{"type":"Polygon","coordinates":[[[-68.558915,-31.510888],[-68.566172,-31.54587],[-68.502184,-31.554445],[-68.508818,-31.506463],[-68.558915,-31.510888]]]},"properties":{"id":"70028","nombre":"Capital","nombre_completo":"Departamento Capital","provincia":{"id":"70","nombre":"San Juan","interseccion":0.0003041455767172703},"fuente":"IGN","categoria":"Departamento","centroide":{"lon":-68.534285628,"lat":-31.533074848}}},
{"type":"Feature","geometry":{"type":"Polygon","coordinates":[[[-58.553764,-34.530205],[-58.600303,-34.490354],[-58.562314,-34.591405],[-58.522972,-34.597563],[-58.50996,-34.569205],[-58.553764,-34.530205]]]},"properties":{"id":"06371","nombre":"General San Martín","nombre_completo":"Partido General San Martín","provincia":{"id":"06","nombre":"Buenos Aires","interseccion":0.00017974328420499743},"fuente":"IGN","categoria":"Partido","centroide":{"lon":-58.564282176,"lat":-34.552771918}}},
{"type":"Feature","geometry":{"type":"Polygon","coordinates":[[[-65.488099,-24.295716],[-65.682687,-24.307724],[-65.600152,-24.41704],[-65.506331,-24.455422],[-65.464285,-24.430577],[-65.425286,-24.450446],[-65.350647,-24.429042],[-65.357192,-24.383036],[-65.181417,-24.330855],[-65.137568,-24.326402],[-65.178695,-24.278348],[-65.203972,-24.286453],[-65.345795,-24.254992],[-65.379627,-24.277696],[-65.488099,-24.295716]]]},"properties":{"id":"38056","nombre":"San Antonio","nombre_completo":"Departamento San Antonio","provincia":{"id":"38","nombre":"Jujuy","interseccion":0.013103975157265671},"fuente":"IGN","categoria":"Departamento","centroide":{"lon":-65.446503451,"lat":-24.346665529}}},
{"type":"Feature","geometry":{"type":"Polygon","coordinates":[[[-66.349806,-22.282337],[-66.414029,-22.246449],[-66.464004,-22.311949],[-66.492618,-22.376444],[-66.565594,-22.419494],[-66.68159,-22.377814],[-66.734316,-22.380372],[-66.766398,-22.357745],[-66.782472,-22.438075],[-67.02725,-22.540883],[-67.014083,-22.654814],[-67.12775,-22.722114],[-67.1805,-22.814128],[-66.991219,-22.999306],[-66.584886,-22.999308],[-66.59148,-22.852128],[-66.356664,-22.767515],[-66.312329,-22.694952],[-66.223233,-22.710308],[-66.039493,-22.648058],[-65.999455,-22.589581],[-65.92132,-22.620704],[-65.838585,-22.537606],[-65.828482,-22.438667],[-65.986105,-22.403345],[-66.059483,-22.258443],[-66.319041,-22.325586],[-66.349806,-22.282337]]]},"properties":{"id":"38049","nombre":"Rinconada","nombre_completo":"Departamento Rinconada","provincia":{"id":"38","nombre":"Jujuy","interseccion":0.11525552057465105},"fuente":"IGN","categoria":"Departamento","centroide":{"lon":-66.54156322,"lat":-22.621441999}}},
{"type":"Feature","geometry":{"type":"Polygon","coordinates":[[[-61.851766,-23.09446],[-61.934727,-23.067687],[-62.010376,-22.975686],[-62.040548,-22.869415],[-62.108199,-22.819527],[-62.26421,-22.600209],[-62.252286,-22.5153],[-62.342256,-22.460941],[-62.341974,-23.495424],[-61.843887,-23.492922],[-61.851766,-23.09446]]]},"properties":{"id":"34063","nombre":"Ramón Lista","nombre_completo":"Departamento Ramón Lista","provincia":{"id":"34","nombre":"Formosa","interseccion":0.05015435342911912},"fuente":"IGN","categoria":"Departamento","centroide":{"lon":-62.137889214,"lat":-23.120377015}}},
{"type":"Feature","geometry":{"type":"Polygon","coordinates":[[[-66.011199,-23.508777],[-66.160238,-23.416337],[-66.219331,-23.485261],[-66.330341,-23.656613],[-66.357407,-23.673805],[-66.376856,-23.748909],[-66.353303,-23.825257],[-66.361693,-23.911129],[-66.154788,-24.016113],[-66.236525,-24.437775],[-66.502095,-24.242702],[-66.50996,-24.295203],[-66.487825,-24.377092],[-66.411315,-24.417259],[-66.360639,-24.53866],[-66.367719,-24.607145],[-66.408601,-24.69963],[-66.426189,-24.731549],[-66.401618,-24.833847],[-66.329833,-24.862694],[-66.260708,-24.857007],[-66.18911,-24.937279],[-66.128687,-24.929725],[-66.107618,-24.863221],[-66.09717,-24.793776],[-66.126703,-24.708067],[-66.137313,-24.527457],[-66.141579,-24.271227],[-66.105937,-24.147705],[-66.007818,-24.002153],[-66.021926,-23.861713],[-65.987219,-23.509654],[-66.011199,-23.508777]]]},"properties":{"id":"66091","nombre":"La Poma","nombre_completo":"Departamento La Poma","provincia":{"id":"66","nombre":"Salta","interseccion":0.025736399263753058},"fuente":"IGN","categoria":"Departamento","centroide":{"lon":-66.207297364,"lat":-24.146976524}}},
{"type":"Feature","geometry":{"type":"Polygon","coordinates":[[[-65.973601,-42],[-65.942741,-42.862286],[-64.857255,-42.836409],[-65.036071,-42.730562],[-64.985036,-42.653649],[-64.833611,-42.610548],[-64.685561,-42.512586],[-64.580198,-42.490838],[-64.339896,-42.532835],[-64.213825,-42.621938],[-64.260038,-42.746995],[-64.128927,-42.877264],[-63.732851,-42.812788],[-63.629964,-42.764628],[-63.582803,-42.607346],[-63.604123,-42.547193],[-63.603028,-42.315433],[-63.759454,-42.076107],[-63.876143,-42.08415],[-64.075113,-42.178329],[-64.134915,-42.239326],[-64.044369,-42.31285],[-64.120292,-42.428267],[-64.289353,-42.41509],[-64.475932,-42.438623],[-64.620096,-42.402986],[-64.557381,-42.306135],[-64.464209,-42.239523],[-64.739996,-42.214097],[-64.880279,-42.180798],[-65.013988,-42.093375],[-65.069254,-42],[-65.973601,-42]]]},"properties":{"id":"26007","nombre":"Biedma","nombre_completo":"Departamento Biedma","provincia":{"id":"26","nombre":"Chubut","interseccion":0.05624439666663986},"fuente":"IGN","categoria":"Departamento","centroide":{"lon":-64.93334799,"lat":-42.443591381}}},
{"type":"Feature","geometry":{"type":"Polygon","coordinates":[[[-58.663376,-27.422672],[-58.694978,-27.382996],[-58.707917,-27.366175],[-58.781012,-27.381778],[-58.881402,-27.497892],[-58.882746,-27.608523],[-58.804003,-27.654654],[-58.727235,-27.627213],[-58.668322,-27.612259],[-58.636375,-27.474614],[-58.663376,-27.422672]]]},"properties":{"id":"18021","nombre":"Capital","nombre_completo":"Departamento Capital","provincia":{"id":"18","nombre":"Corrientes","interseccion":0.006161921171936439},"fuente":"IGN","categoria":"Departamento","centroide":{"lon":-58.762484236,"lat":-27.522336712}}},
{"type":"Feature","geometry":{"type":"Polygon","coordinates":[[[-58.22031,-27.443373],[-58.343173,-27.407808],[-58.355465,-27.397865],[-58.413815,-27.408903],[-58.455436,-27.416787],[-58.548492,-27.487389],[-58.646171,-27.517385],[-58.668322,-27.612259],[-58.596397,-27.647038],[-58.601025,-27.718502],[-58.49754,-27.728188],[-58.385864,-27.784874],[-58.328262,-27.85288],[-58.303917,-27.953382],[-58.194675,-27.901176],[-58.147911,-27.857052],[-58.16853,-27.829624],[-58.242813,-27.83758],[-58.304054,-27.795339],[-58.145527,-27.697081],[-57.954086,-27.625614],[-57.831104,-27.485617],[-57.875954,-27.43956],[-57.980827,-27.402863],[-58.128517,-27.403355],[-58.22031,-27.443373]]]},"properties":{"id":"18140","nombre":"San Luis del Palmar","nombre_completo":"Departamento San Luis del Palmar","provincia":{"id":"18","nombre":"Corrientes","interseccion":0.02860577132904612},"fuente":"IGN","categoria":"Departamento","centroide":{"lon":-58.268350823,"lat":-27.602053078}}},
{"type":"Feature","geometry":{"type":"Polygon","coordinates":[[[-58.653486,-34.631612],[-58.693934,-34.593742],[-58.729025,-34.634784],[-58.667381,-34.685988],[-58.653486,-34.631612]]]},"properties":{"id":"06410","nombre":"Ituzaingó","nombre_completo":"Partido de Ituzaingó","provincia":{"id":"06","nombre":"Buenos Aires","interseccion":0.0001212200483927756},"fuente":"IGN","categoria":"Partido","centroide":{"lon":-58.688759516,"lat":-34.636071612}}},
{"type":"Feature","geometry":{"type":"Polygon","coordinates":[[[-58.267461,-34.773646],[-58.298454,-34.783439],[-58.304114,-34.801165],[-58.309779,-34.793387],[-58.292471,-34.854868],[-58.274607,-34.91706],[-58.316317,-34.926331],[-58.288205,-34.965044],[-58.300786,-34.971682],[-58.277172,-35.009418],[-58.211085,-34.951783],[-58.247414,-34.923592],[-58.179871,-34.866004],[-58.267461,-34.773646]]]},"properties":{"id":"06274","nombre":"Florencio Varela","nombre_completo":"Partido de Florencio Varela","provincia":{"id":"06","nombre":"Buenos Aires","interseccion":0.0006051197787241239},"fuente":"IGN","categoria":"Partido","centroide":{"lon":-58.258554886,"lat":-34.877744824}}},
{"type":"Feature","geometry":{"type":"Polygon","coordinates":[[[-60.063374,-25.673913],[-60.098617,-25.669407],[-60.101138,-26.302762],[-59.853503,-26.304214],[-59.803496,-26.319286],[-59.803646,-26.530884],[-59.703234,-26.531703],[-59.703002,-26.621873],[-59.503547,-26.622081],[-59.503241,-26.712477],[-59.452225,-26.802761],[-59.201337,-26.801492],[-59.154594,-26.869838],[-58.953268,-26.868704],[-58.953739,-26.785787],[-58.898378,-26.791815],[-58.688445,-26.603981],[-58.744377,-26.602646],[-58.845614,-26.519216],[-58.909809,-26.462557],[-59.024081,-26.38122],[-59.140226,-26.299443],[-59.192587,-26.329734],[-59.357506,-26.33797],[-59.396067,-26.273781],[-59.397935,-26.258624],[-59.410298,-26.207102],[-59.420658,-26.1783],[-59.535484,-26.141322],[-59.597208,-26.130961],[-59.626247,-26.13434],[-59.660456,-26.143402],[-59.649268,-26.119455],[-59.668182,-26.024916],[-59.753458,-25.920721],[-59.877213,-25.84509],[-59.943108,-25.773379],[-59.954992,-25.769936],[-60.011559,-25.729469],[-60.063374,-25.673913]]]},"properties":{"id":"22084","nombre":"Libertador General San Martín","nombre_completo":"Departamento Libertador General San Martín","provincia":{"id":"22","nombre":"Chaco","interseccion":0.07212126664937418},"fuente":"IGN","categoria":"Departamento","centroide":{"lon":-59.487718157,"lat":-26.37754549}}},
{"type":"Feature","geometry":{"type":"Polygon","coordinates":[[[-68.389397,-41.999998],[-69.428106,-42],[-69.558548,-43.331963],[-67.767601,-43.338791],[-67.773872,-42.882572],[-68.381599,-42.882832],[-68.389397,-41.999998]]]},"properties":{"id":"26049","nombre":"Gastre","nombre_completo":"Departamento Gastre","provincia":{"id":"26","nombre":"Chubut","interseccion":0.07003759565162991},"fuente":"IGN","categoria":"Departamento","centroide":{"lon":-68.802324804,"lat":-42.749029613}}},
{"type":"Feature","geometry":{"type":"Polygon","coordinates":[[[-58.970466,-32.522806],[-59.105647,-32.533385],[-59.087649,-32.574298],[-59.093727,-32.592217],[-59.102171,-32.615328],[-59.105041,-32.633847],[-59.107224,-32.665474],[-59.134586,-32.70733],[-59.125552,-32.707664],[-59.134516,-32.74966],[-59.121989,-32.767709],[-59.112082,-32.805579],[-59.125461,-32.848213],[-59.199663,-32.985871],[-59.233423,-33.034889],[-59.265463,-33.06002],[-59.252446,-33.105329],[-59.250511,-33.1171],[-59.291095,-33.153787],[-59.271309,-33.164181],[-59.251852,-33.206646],[-59.222751,-33.323493],[-59.146955,-33.409715],[-58.947772,-33.481994],[-58.842559,-33.498856],[-58.861261,-33.481302],[-58.683377,-33.436833],[-58.601986,-33.459838],[-58.438407,-33.517614],[-58.431714,-33.363329],[-58.39047,-33.279121],[-58.402716,-33.176333],[-58.360793,-33.120466],[-58.178162,-33.077742],[-58.114053,-33.030174],[-58.262689,-33.027644],[-58.262235,-32.875935],[-58.484329,-32.864323],[-58.530646,-32.610656],[-58.511051,-32.596774],[-58.581669,-32.553772],[-58.640018,-32.511532],[-58.725458,-32.55247],[-58.802587,-32.558457],[-58.911338,-32.510467],[-58.970466,-32.522806]]]},"properties":{"id":"30056","nombre":"Gualeguaychú","nombre_completo":"Departamento Gualeguaychú","provincia":{"id":"30","nombre":"Entre Ríos","interseccion":0.0970757725759832},"fuente":"IGN","categoria":"Departamento","centroide":{"lon":-58.785805171,"lat":-33.022349041}}},
{"type":"Feature","geometry":{"type":"Polygon","coordinates":[[[-58.438407,-33.517614],[-58.601986,-33.459838],[-58.683377,-33.436833],[-58.861261,-33.481302],[-58.834341,-33.497215],[-58.845122,-33.498984],[-58.952482,-33.480759],[-59.146955,-33.409715],[-59.222751,-33.323493],[-59.251852,-33.206646],[-59.271309,-33.164181],[-59.291095,-33.153787],[-59.308311,-33.178561],[-59.314285,-33.209377],[-59.352691,-33.202904],[-59.394692,-33.232973],[-59.522445,-33.199355],[-59.606584,-33.325642],[-59.522247,-33.432301],[-59.427543,-33.460417],[-59.25358,-33.63971],[-59.168091,-33.809387],[-59.055481,-33.832397],[-58.89978,-33.890991],[-58.854872,-33.947214],[-58.830601,-33.955304],[-58.763739,-33.94531],[-58.684021,-34.019287],[-58.637865,-34.039299],[-58.463196,-34.001892],[-58.344989,-34.038397],[-58.423586,-33.916318],[-58.434369,-33.721887],[-58.494642,-33.587188],[-58.438407,-33.517614]]]},"properties":{"id":"30063","nombre":"Islas del Ibicuy","nombre_completo":"Departamento Islas del Ibicuy","provincia":{"id":"30","nombre":"Entre Ríos","interseccion":0.06413729273576091},"fuente":"IGN","categoria":"Departamento","centroide":{"lon":-58.933895854,"lat":-33.624996155}}},
{"type":"Feature","geometry":{"type":"Polygon","coordinates":[[[-60.131232,-32.268972],[-60.189603,-32.269261],[-60.18922,-32.234519],[-60.173321,-32.219063],[-60.199169,-32.222087],[-60.278828,-32.232608],[-60.277799,-32.246457],[-60.374831,-32.290499],[-60.421521,-32.302738],[-60.397904,-32.401423],[-60.415724,-32.442914],[-60.447395,-32.458421],[-60.477209,-32.491488],[-60.516915,-32.552097],[-60.557198,-32.601677],[-60.66913,-32.630388],[-60.725894,-32.663599],[-60.716003,-32.773621],[-60.658875,-32.831177],[-60.681398,-32.871564],[-60.513184,-33.112915],[-60.398004,-33.186843],[-60.329475,-33.176849],[-60.234274,-33.212008],[-60.11663,-33.219698],[-60.013328,-33.283924],[-59.909697,-33.277456],[-59.88639,-33.23572],[-59.792222,-33.239513],[-59.818312,-33.200515],[-59.804679,-33.125747],[-59.892958,-33.037218],[-59.922951,-33.027705],[-59.963796,-33.029601],[-59.982708,-32.99521],[-59.903761,-32.93124],[-59.810094,-32.797547],[-59.775849,-32.662581],[-59.779786,-32.613674],[-59.782584,-32.590107],[-59.769585,-32.55134],[-59.942033,-32.521952],[-59.976817,-32.42167],[-60.131232,-32.268972]]]},"properties":{"id":"30105","nombre":"Victoria","nombre_completo":"Departamento Victoria","provincia":{"id":"30","nombre":"Entre Ríos","interseccion":0.08535097955251018},"fuente":"IGN","categoria":"Departamento","centroide":{"lon":-60.218070031,"lat":-32.78394246}}},
{"type":"Feature","geometry":{"type":"Polygon","coordinates":[[[-60.561431,-31.829402],[-60.570759,-31.808917],[-60.603142,-31.825191],[-60.674486,-31.809722],[-60.652893,-31.897095],[-60.671875,-31.930176],[-60.719707,-31.958803],[-60.723514,-31.977601],[-60.658081,-32.05072],[-60.700382,-32.149769],[-60.672607,-32.232605],[-60.718993,-32.334044],[-60.723816,-32.456116],[-60.747375,-32.554321],[-60.725894,-32.663599],[-60.66913,-32.630388],[-60.557198,-32.601677],[-60.516915,-32.552097],[-60.477209,-32.491488],[-60.447395,-32.458421],[-60.415724,-32.442914],[-60.397904,-32.401423],[-60.421521,-32.302738],[-60.374831,-32.290499],[-60.277799,-32.246457],[-60.278828,-32.232608],[-60.173321,-32.219063],[-60.181177,-32.19252],[-60.214162,-32.114773],[-60.286025,-32.045173],[-60.302967,-32.082885],[-60.353084,-32.039219],[-60.416544,-31.959608],[-60.51688,-31.925731],[-60.561431,-31.829402]]]},"properties":{"id":"30021","nombre":"Diamante","nombre_completo":"Departamento Diamante","provincia":{"id":"30","nombre":"Entre Ríos","interseccion":0.034224464647090024},"fuente":"IGN","categoria":"Departamento","centroide":{"lon":-60.523933589,"lat":-32.228040549}}},
{"type":"Feature","geometry":{"type":"Polygon","coordinates":[[[-58.697342,-32.028799],[-58.707505,-31.964822],[-58.773108,-32.01457],[-59.003156,-32.083612],[-59.070815,-32.119376],[-59.076921,-32.177828],[-59.083446,-32.385897],[-59.086826,-32.425874],[-59.077478,-32.478977],[-58.970466,-32.522806],[-58.911338,-32.510467],[-58.725458,-32.55247],[-58.640018,-32.511532],[-58.581669,-32.553772],[-58.511051,-32.596774],[-58.530646,-32.610656],[-58.484329,-32.864323],[-58.262235,-32.875935],[-58.262689,-33.027644],[-58.114053,-33.030174],[-58.119798,-32.815234],[-58.160583,-32.57078],[-58.224329,-32.366999],[-58.411753,-32.184262],[-58.528946,-32.190713],[-58.586271,-32.196261],[-58.62679,-32.194043],[-58.647459,-32.173424],[-58.656435,-32.086028],[-58.697342,-32.028799]]]},"properties":{"id":"30098","nombre":"Uruguay","nombre_completo":"Departamento Uruguay","provincia":{"id":"30","nombre":"Entre Ríos","interseccion":0.06566939545978732},"fuente":"IGN","categoria":"Departamento","centroide":{"lon":-58.58422521,"lat":-32.44775994}}},
{"type":"Feature","geometry":{"type":"Polygon","coordinates":[[[-59.952663,-31.204774],[-59.983959,-31.18739],[-60.013428,-31.250671],[-60.105591,-31.289917],[-60.138428,-31.413391],[-60.143494,-31.443604],[-60.325668,-31.586655],[-60.46759,-31.698303],[-60.638794,-31.742004],[-60.638567,-31.787482],[-60.674486,-31.809722],[-60.603142,-31.825191],[-60.570759,-31.808917],[-60.561431,-31.829402],[-60.51688,-31.925731],[-60.416544,-31.959608],[-60.353084,-32.039219],[-60.302967,-32.082885],[-60.286025,-32.045173],[-60.181919,-32.023486],[-60.140157,-31.982437],[-60.025991,-32.031074],[-59.919225,-31.883327],[-59.762686,-31.928935],[-59.614592,-31.873883],[-59.580412,-31.784954],[-59.520479,-31.692031],[-59.565097,-31.622782],[-59.583705,-31.599329],[-59.573124,-31.473132],[-59.625041,-31.504941],[-59.612692,-31.45143],[-59.758716,-31.421765],[-59.862395,-31.493932],[-59.9288,-31.281496],[-59.952663,-31.204774]]]},"properties":{"id":"30084","nombre":"Paraná","nombre_completo":"Departamento Paraná","provincia":{"id":"30","nombre":"Entre Ríos","interseccion":0.0648976911507347},"fuente":"IGN","categoria":"Departamento","centroide":{"lon":-60.041174482,"lat":-31.695229449}}},
{"type":"Feature","geometry":{"type":"Polygon","coordinates":[[[-58.316317,-34.926331],[-58.394616,-34.958878],[-58.430381,-34.978061],[-58.468702,-35.011275],[-58.463054,-34.951454],[-58.55317,-34.976277],[-58.600439,-35.052424],[-58.577919,-35.151662],[-58.46797,-35.238425],[-58.414816,-35.185434],[-58.35271,-35.137863],[-58.338844,-35.148527],[-58.236268,-35.058275],[-58.288398,-35.017265],[-58.277172,-35.009418],[-58.300786,-34.971682],[-58.288205,-34.965044],[-58.316317,-34.926331]]]},"properties":{"id":"06778","nombre":"San Vicente","nombre_completo":"Partido de San Vicente","provincia":{"id":"06","nombre":"Buenos Aires","interseccion":0.002115240893207454},"fuente":"IGN","categoria":"Partido","centroide":{"lon":-58.43181206,"lat":-35.071508717}}},
{"type":"Feature","geometry":{"type":"Polygon","coordinates":[[[-60.891327,-37.302355],[-61.423479,-36.864583],[-61.740514,-37.106126],[-61.716639,-37.135328],[-61.72499,-37.156033],[-61.702748,-37.2162],[-61.744262,-37.271556],[-61.750076,-37.303527],[-61.53674,-37.48301],[-61.596799,-37.530862],[-61.488433,-37.618856],[-61.538169,-37.657284],[-61.44205,-37.734938],[-61.60554,-37.861534],[-61.509471,-37.939054],[-60.878539,-37.451456],[-60.975452,-37.36813],[-60.891327,-37.302355]]]},"properties":{"id":"06322","nombre":"General La Madrid","nombre_completo":"Partido de General La Madrid","provincia":{"id":"06","nombre":"Buenos Aires","interseccion":0.015857892926136673},"fuente":"IGN","categoria":"Partido","centroide":{"lon":-61.344130895,"lat":-37.356127777}}},
{"type":"Feature","geometry":{"type":"Polygon","coordinates":[[[-59.524477,-35.456402],[-59.615169,-35.458376],[-59.697493,-35.476216],[-59.780238,-35.476813],[-59.822701,-35.496493],[-59.886577,-35.48081],[-59.930062,-35.488177],[-60.02802,-35.55258],[-60.008422,-35.579878],[-60.039969,-35.624195],[-60.00544,-35.661698],[-60.116733,-35.664442],[-60.2186,-35.752348],[-60.117957,-35.833675],[-60.05608,-35.780529],[-59.872342,-35.876673],[-59.691909,-35.827586],[-59.647116,-35.861637],[-59.569427,-35.853817],[-59.505701,-35.817001],[-59.416425,-35.8022],[-59.347269,-35.803595],[-59.183348,-35.76286],[-59.41261,-35.586127],[-59.376959,-35.536879],[-59.524477,-35.456402]]]},"properties":{"id":"06707","nombre":"Saladillo","nombre_completo":"Partido de Saladillo","provincia":{"id":"06","nombre":"Buenos Aires","interseccion":0.008727240738368497},"fuente":"IGN","categoria":"Partido","centroide":{"lon":-59.702660744,"lat":-35.676806452}}},
{"type":"Feature","geometry":{"type":"Polygon","coordinates":[[[-58.974425,-35.816928],[-59.131081,-35.698178],[-59.174878,-35.712006],[-59.183348,-35.76286],[-59.347269,-35.803595],[-59.416425,-35.8022],[-59.560083,-35.85103],[-59.641602,-35.862003],[-59.676141,-35.833325],[-59.70006,-35.831667],[-59.516484,-35.975994],[-59.553214,-36.006791],[-59.382453,-36.135384],[-59.488195,-36.227053],[-59.292984,-36.37464],[-59.218405,-36.321212],[-59.103079,-36.247003],[-59.071032,-36.221616],[-59.028677,-36.216834],[-58.844007,-36.144428],[-58.828857,-36.110816],[-58.70753,-36.01728],[-58.749021,-35.98472],[-58.891825,-35.840171],[-58.974425,-35.816928]]]},"properties":{"id":"06455","nombre":"Las Flores","nombre_completo":"Partido de Las Flores","provincia":{"id":"06","nombre":"Buenos Aires","interseccion":0.010818730991871436},"fuente":"IGN","categoria":"Partido","centroide":{"lon":-59.17646095,"lat":-36.015826657}}},
{"type":"Feature","geometry":{"type":"Polygon","coordinates":[[[-60.715401,-34.035737],[-60.703284,-34.02687],[-60.895253,-33.886616],[-60.949114,-33.923005],[-61.062694,-34.039381],[-61.122081,-34.07195],[-60.91725,-34.241587],[-61.059106,-34.269008],[-60.966443,-34.345827],[-60.902675,-34.326078],[-60.677205,-34.509355],[-60.559846,-34.406436],[-60.578268,-34.392173],[-60.549166,-34.275661],[-60.46989,-34.199868],[-60.515267,-34.14391],[-60.655302,-34.093142],[-60.715401,-34.035737]]]},"properties":{"id":"06686","nombre":"Rojas","nombre_completo":"Partido de Rojas","provincia":{"id":"06","nombre":"Buenos Aires","interseccion":0.0065270431264980834},"fuente":"IGN","categoria":"Partido","centroide":{"lon":-60.788023465,"lat":-34.192817389}}},
{"type":"Feature","geometry":{"type":"Polygon","coordinates":[[[-58.712152,-34.248902],[-58.798512,-34.230221],[-58.900643,-34.308488],[-58.816989,-34.415404],[-58.777666,-34.404272],[-58.737313,-34.456416],[-58.70561,-34.439337],[-58.734634,-34.40246],[-58.720619,-34.36329],[-58.680813,-34.347213],[-58.649515,-34.266598],[-58.712152,-34.248902]]]},"properties":{"id":"06252","nombre":"Escobar","nombre_completo":"Partido de Escobar","provincia":{"id":"06","nombre":"Buenos Aires","interseccion":0.0009550349674985667},"fuente":"IGN","categoria":"Partido","centroide":{"lon":-58.771178611,"lat":-34.328682834}}},
{"type":"Feature","geometry":{"type":"Polygon","coordinates":[[[-58.720899,-34.518234],[-58.78948,-34.473851],[-58.821687,-34.451956],[-58.776028,-34.557058],[-58.720899,-34.518234]]]},"properties":{"id":"06412","nombre":"José C. Paz","nombre_completo":"Partido de José C. Paz","provincia":{"id":"06","nombre":"Buenos Aires","interseccion":0.00015952378436825805},"fuente":"IGN","categoria":"Partido","centroide":{"lon":-58.777634598,"lat":-34.511853163}}},
{"type":"Feature","geometry":{"type":"Polygon","coordinates":[[[-62.196342,-38.452023],[-62.220692,-38.43341],[-62.387813,-38.408546],[-62.614458,-38.591618],[-62.472886,-38.663293],[-62.427105,-38.760861],[-62.354917,-38.75567],[-62.181981,-38.817059],[-62.061985,-38.712333],[-61.925669,-38.731246],[-61.847934,-38.665363],[-61.818412,-38.687872],[-61.742365,-38.627211],[-61.754178,-38.615251],[-61.778637,-38.579577],[-61.781602,-38.459945],[-61.81274,-38.485462],[-61.893041,-38.426141],[-61.99865,-38.426815],[-62.08465,-38.362737],[-62.196342,-38.452023]]]},"properties":{"id":"06056","nombre":"Bahía Blanca","nombre_completo":"Partido de Bahía Blanca","provincia":{"id":"06","nombre":"Buenos Aires","interseccion":0.007628730229600015},"fuente":"IGN","categoria":"Partido","centroide":{"lon":-62.169417449,"lat":-38.584189213}}},
{"type":"Feature","geometry":{"type":"Polygon","coordinates":[[[-59.302504,-34.064062],[-59.406464,-34.06095],[-59.463094,-34.135008],[-59.562088,-34.167967],[-59.642737,-34.158643],[-59.78158,-34.219316],[-59.692702,-34.285921],[-59.67533,-34.404053],[-59.644583,-34.417529],[-59.419483,-34.268607],[-59.3666,-34.198921],[-59.279567,-34.145967],[-59.302504,-34.064062]]]},"properties":{"id":"06735","nombre":"San Antonio de Areco","nombre_completo":"Partido de San Antonio de Areco","provincia":{"id":"06","nombre":"Buenos Aires","interseccion":0.0027309839626285617},"fuente":"IGN","categoria":"Partido","centroide":{"lon":-59.519443482,"lat":-34.220757566}}},
{"type":"Feature","geometry":{"type":"Polygon","coordinates":[[[-57.328779,-36.669157],[-57.464357,-36.570926],[-57.49374,-36.581361],[-57.70711,-36.76301],[-57.74572,-36.73426],[-58.010671,-36.95872],[-57.674815,-37.202944],[-57.493385,-37.017144],[-57.304915,-37.003893],[-57.321658,-36.910633],[-57.223932,-36.908594],[-57.175823,-36.784425],[-57.328779,-36.669157]]]},"properties":{"id":"06511","nombre":"Maipú","nombre_completo":"Partido de Maipú","provincia":{"id":"06","nombre":"Buenos Aires","interseccion":0.008525908171459061},"fuente":"IGN","categoria":"Partido","centroide":{"lon":-57.586119104,"lat":-36.886933208}}},
{"type":"Feature","geometry":{"type":"Polygon","coordinates":[[[-57.942573,-38.008937],[-57.959154,-38.022583],[-58.047284,-37.955622],[-58.255909,-38.130861],[-58.343611,-38.15957],[-58.284854,-38.385569],[-58.243044,-38.445854],[-57.852731,-38.296399],[-57.776631,-38.245883],[-57.821205,-38.120476],[-57.942573,-38.008937]]]},"properties":{"id":"06280","nombre":"General Alvarado","nombre_completo":"Partido de General Alvarado","provincia":{"id":"06","nombre":"Buenos Aires","interseccion":0.0054228915365063},"fuente":"IGN","categoria":"Partido","centroide":{"lon":-58.071805373,"lat":-38.202627713}}},
{"type":"Feature","geometry":{"type":"Polygon","coordinates":[[[-57.698054,-37.754267],[-57.673258,-37.748153],[-57.735836,-37.699552],[-58.047284,-37.955622],[-57.959004,-38.022687],[-57.942573,-38.008937],[-57.821205,-38.120476],[-57.776797,-38.245516],[-57.683375,-38.20587],[-57.544919,-38.100636],[-57.51973,-37.889483],[-57.698054,-37.754267]]]},"properties":{"id":"06357","nombre":"General Pueyrredón","nombre_completo":"Partido de General Pueyrredón","provincia":{"id":"06","nombre":"Buenos Aires","interseccion":0.004856161592920926},"fuente":"IGN","categoria":"Partido","centroide":{"lon":-57.743028348,"lat":-37.965683142}}},
{"type":"Feature","geometry":{"type":"Polygon","coordinates":[[[-57.674815,-37.202944],[-57.768972,-37.135971],[-58.09451,-37.437404],[-57.673208,-37.744981],[-57.698054,-37.754267],[-57.51973,-37.889483],[-57.411598,-37.735229],[-57.187643,-37.549754],[-57.674815,-37.202944]]]},"properties":{"id":"06518","nombre":"Mar Chiquita","nombre_completo":"Partido de Mar Chiquita","provincia":{"id":"06","nombre":"Buenos Aires","interseccion":0.010192845753016065},"fuente":"IGN","categoria":"Partido","centroide":{"lon":-57.643266056,"lat":-37.498640598}}},
{"type":"Feature","geometry":{"type":"Polygon","coordinates":[[[-56.909127,-37.189025],[-56.949547,-37.184577],[-56.99197,-37.237095],[-57.21112,-37.533013],[-57.187643,-37.549754],[-57.125501,-37.492775],[-56.909127,-37.189025]]]},"properties":{"id":"06868","nombre":"Villa Gesell","nombre_completo":"Partido de Villa Gesell","provincia":{"id":"06","nombre":"Buenos Aires","interseccion":0.0005417771066442116},"fuente":"IGN","categoria":"Partido","centroide":{"lon":-57.063397882,"lat":-37.367071956}}},
{"type":"Feature","geometry":{"type":"Polygon","coordinates":[[[-56.819314,-37.024916],[-56.949547,-37.184577],[-56.909127,-37.189025],[-56.790235,-37.034131],[-56.819314,-37.024916]]]},"properties":{"id":"06644","nombre":"Pinamar","nombre_completo":"Partido de Pinamar","provincia":{"id":"06","nombre":"Buenos Aires","interseccion":0.0002156207651596988},"fuente":"IGN","categoria":"Partido","centroide":{"lon":-56.870283412,"lat":-37.11107429}}},
{"type":"Feature","geometry":{"type":"Polygon","coordinates":[[[-56.752817,-36.337997],[-57.014243,-36.327588],[-57.064657,-36.385595],[-57.164769,-36.521001],[-57.328779,-36.669157],[-57.08975,-36.829523],[-56.997182,-36.861819],[-56.946978,-36.995091],[-56.819485,-37.025201],[-56.697922,-36.853884],[-56.710627,-36.432827],[-56.752817,-36.337997]]]},"properties":{"id":"06336","nombre":"General Lavalle","nombre_completo":"Partido de General Lavalle","provincia":{"id":"06","nombre":"Buenos Aires","interseccion":0.008828293929250344},"fuente":"IGN","categoria":"Partido","centroide":{"lon":-56.94100299,"lat":-36.650750377}}},
{"type":"Feature","geometry":{"type":"Polygon","coordinates":[[[-56.790235,-37.034131],[-56.664991,-36.87147],[-56.700243,-36.412199],[-56.752817,-36.337997],[-56.710627,-36.432827],[-56.697922,-36.853884],[-56.819314,-37.024916],[-56.790235,-37.034131]]]},"properties":{"id":"06420","nombre":"La Costa","nombre_completo":"Partido de La Costa","provincia":{"id":"06","nombre":"Buenos Aires","interseccion":0.0007640275832192},"fuente":"IGN","categoria":"Partido","centroide":{"lon":-56.715940275,"lat":-36.697167821}}},
{"type":"Feature","geometry":{"type":"Polygon","coordinates":[[[-57.3037,-35.197184],[-57.508456,-35.024714],[-57.705682,-34.930806],[-57.968108,-35.159689],[-57.890143,-35.222141],[-58.025003,-35.353784],[-57.947196,-35.371952],[-57.873923,-35.385885],[-57.814518,-35.441903],[-57.796174,-35.444921],[-57.726803,-35.3493],[-57.571344,-35.363429],[-57.460123,-35.266761],[-57.3037,-35.197184]]]},"properties":{"id":"06505","nombre":"Magdalena","nombre_completo":"Partido de Magdalena","provincia":{"id":"06","nombre":"Buenos Aires","interseccion":0.005928500640902168},"fuente":"IGN","categoria":"Partido","centroide":{"lon":-57.686127982,"lat":-35.18510307}}},
{"type":"Feature","geometry":{"type":"Polygon","coordinates":[[[-58.716511,-29.727587],[-58.696832,-29.629216],[-58.875225,-29.726542],[-58.911861,-29.809671],[-59.025436,-29.851475],[-59.073513,-30.099573],[-59.126222,-30.1824],[-59.081459,-30.249074],[-59.064251,-30.230818],[-59.008653,-30.218522],[-58.96458,-30.218458],[-58.902123,-30.248578],[-58.831025,-30.231296],[-58.803753,-30.210834],[-58.681665,-30.163581],[-58.630015,-30.176859],[-58.539478,-30.15237],[-58.472617,-30.122943],[-58.468754,-29.989717],[-58.537539,-29.881085],[-58.580536,-29.838394],[-58.637058,-29.846283],[-58.694119,-29.834726],[-58.716511,-29.727587]]]},"properties":{"id":"18175","nombre":"Sauce","nombre_completo":"Departamento Sauce","provincia":{"id":"18","nombre":"Corrientes","interseccion":0.028298898671076576},"fuente":"IGN","categoria":"Departamento","centroide":{"lon":-58.794996856,"lat":-29.999503063}}},
{"type":"Feature","geometry":{"type":"Polygon","coordinates":[[[-58.500804,-34.549533],[-58.553764,-34.530205],[-58.50996,-34.569205],[-58.500804,-34.549533]]]},"properties":{"id":"06861","nombre":"Vicente López","nombre_completo":"Partido de Vicente López","provincia":{"id":"06","nombre":"Buenos Aires","interseccion":0.00010955305387766069},"fuente":"IGN","categoria":"Partido","centroide":{"lon":-58.504486513,"lat":-34.526531424}}},
{"type":"Feature","geometry":{"type":"Polygon","coordinates":[[[-65.271177,-25.221772],[-65.362227,-25.219552],[-65.386332,-25.206308],[-65.39313,-25.185781],[-65.421553,-25.158355],[-65.428055,-25.188514],[-65.569788,-25.201695],[-65.67147,-25.26918],[-65.748228,-25.317821],[-65.78153,-25.461737],[-65.750303,-25.554887],[-65.852359,-25.698031],[-65.795965,-25.782739],[-65.797369,-25.882005],[-65.704275,-25.827474],[-65.683276,-25.764266],[-65.699671,-25.705967],[-65.649075,-25.631568],[-65.619142,-25.630062],[-65.491744,-25.475563],[-65.475033,-25.398101],[-65.395067,-25.284752],[-65.340118,-25.297454],[-65.335634,-25.42692],[-65.186565,-25.409541],[-65.180853,-25.38869],[-65.159245,-25.375278],[-65.176517,-25.300417],[-65.252632,-25.278385],[-65.298592,-25.298822],[-65.27842,-25.258065],[-65.271177,-25.221772]]]},"properties":{"id":"66098","nombre":"La Viña","nombre_completo":"Departamento La Viña","provincia":{"id":"66","nombre":"Salta","interseccion":0.013016943982657113},"fuente":"IGN","categoria":"Departamento","centroide":{"lon":-65.580583139,"lat":-25.447178673}}},
{"type":"Feature","geometry":{"type":"Polygon","coordinates":[[[-58.763092,-36.208308],[-58.833214,-36.147677],[-58.880729,-36.150618],[-59.020652,-36.214024],[-59.070673,-36.221432],[-59.103079,-36.247003],[-59.218405,-36.321212],[-59.229713,-36.42085],[-59.249996,-36.437525],[-59.13842,-36.542876],[-59.255322,-36.646878],[-59.281526,-36.764637],[-59.359311,-36.84514],[-59.09013,-37.062779],[-59.040746,-37.026078],[-59.021495,-36.960095],[-58.719956,-36.752577],[-58.720954,-36.700227],[-58.43724,-36.452101],[-58.579097,-36.347371],[-58.763092,-36.208308]]]},"properties":{"id":"06672","nombre":"Rauch","nombre_completo":"Partido de Rauch","provincia":{"id":"06","nombre":"Buenos Aires","interseccion":0.014063860955126215},"fuente":"IGN","categoria":"Partido","centroide":{"lon":-58.944141367,"lat":-36.572194449}}},
{"type":"Feature","geometry":{"type":"Polygon","coordinates":[[[-64.93674,-25.175043],[-65.081213,-25.100952],[-65.156152,-25.112276],[-65.214248,-25.239397],[-65.252967,-25.276621],[-65.174705,-25.303896],[-65.159245,-25.375278],[-65.180853,-25.38869],[-65.163652,-25.4433],[-65.149327,-25.537793],[-65.123243,-25.645783],[-65.024272,-25.67202],[-64.919783,-25.6381],[-64.835753,-25.651523],[-64.647923,-25.605523],[-64.481071,-25.634764],[-64.449455,-25.511517],[-64.315208,-25.513292],[-64.210538,-25.54063],[-64.196277,-25.728002],[-64.025547,-25.753939],[-64.007837,-25.673766],[-63.918406,-25.682139],[-63.959202,-25.656847],[-63.941248,-25.551097],[-63.987913,-25.516643],[-64.062956,-25.36116],[-64.055608,-25.32271],[-64.072351,-25.290636],[-64.057836,-25.273978],[-64.085098,-25.195346],[-64.096646,-25.193463],[-64.107165,-25.160079],[-64.159438,-25.109036],[-64.230615,-25.126692],[-64.397427,-25.251849],[-64.464287,-25.222572],[-64.570888,-25.314885],[-64.619605,-25.362008],[-64.709354,-25.379701],[-64.828148,-25.345498],[-64.841488,-25.32039],[-64.894506,-25.285213],[-64.93674,-25.175043]]]},"properties":{"id":"66112","nombre":"Metán","nombre_completo":"Departamento Metán","provincia":{"id":"66","nombre":"Salta","interseccion":0.03417061136104457},"fuente":"IGN","categoria":"Departamento","centroide":{"lon":-64.588071465,"lat":-25.425210966}}},
{"type":"Feature","geometry":{"type":"Polygon","coordinates":[[[-66.001562,-25.311373],[-66.23045,-25.254793],[-66.356499,-25.148523],[-66.508422,-25.12786],[-66.578419,-25.101358],[-66.625702,-25.105998],[-66.620646,-25.142169],[-66.537308,-25.203123],[-66.537045,-25.265645],[-66.599798,-25.362251],[-66.518548,-25.44033],[-66.563902,-25.621762],[-66.648577,-25.712032],[-66.801734,-25.698806],[-66.85048,-25.721144],[-66.873566,-25.766185],[-66.847566,-25.796268],[-66.843463,-25.97734],[-66.801381,-26.01649],[-66.595391,-25.904422],[-66.371646,-25.98805],[-66.332434,-25.866601],[-66.348026,-25.785824],[-66.319898,-25.659363],[-66.348995,-25.56809],[-66.303773,-25.510853],[-66.140388,-25.454408],[-66.026439,-25.452147],[-66.001562,-25.311373]]]},"properties":{"id":"66119","nombre":"Molinos","nombre_completo":"Departamento Molinos","provincia":{"id":"66","nombre":"Salta","interseccion":0.024155388764722445},"fuente":"IGN","categoria":"Departamento","centroide":{"lon":-66.454872753,"lat":-25.564316528}}},
{"type":"Feature","geometry":{"type":"Polygon","coordinates":[[[-60.513374,-27.009848],[-60.614827,-26.974101],[-60.615315,-27.057248],[-60.815565,-27.054975],[-60.817973,-27.198177],[-60.905856,-27.252031],[-60.819882,-27.309903],[-60.820796,-27.370182],[-60.909425,-27.399847],[-60.909284,-27.460028],[-60.518392,-27.464764],[-60.513374,-27.009848]]]},"properties":{"id":"22112","nombre":"O'Higgins","nombre_completo":"Departamento O'Higgins","provincia":{"id":"22","nombre":"Chaco","interseccion":0.01581886189650958},"fuente":"IGN","categoria":"Departamento","centroide":{"lon":-60.679974917,"lat":-27.255653769}}},
{"type":"Feature","geometry":{"type":"Polygon","coordinates":[[[-58.713374,-34.605638],[-58.847501,-34.549171],[-58.864113,-34.616882],[-58.884468,-34.668796],[-58.860294,-34.685206],[-58.757549,-34.660482],[-58.713374,-34.605638]]]},"properties":{"id":"06560","nombre":"Moreno","nombre_completo":"Partido de Moreno","provincia":{"id":"06","nombre":"Buenos Aires","interseccion":0.0005928125745175615},"fuente":"IGN","categoria":"Partido","centroide":{"lon":-58.810898508,"lat":-34.610680786}}},
{"type":"Feature","geometry":{"type":"Polygon","coordinates":[[[-63.382415,-39.871918],[-64.999985,-39.858623],[-65.245524,-39.850678],[-65.245728,-39.865877],[-65.213659,-39.870856],[-65.283417,-39.92531],[-65.193202,-39.979758],[-65.193997,-40.436479],[-64.083013,-40.442171],[-63.997648,-40.506315],[-63.845303,-40.390278],[-63.848045,-40.405808],[-63.830928,-40.41055],[-63.380798,-40.408639],[-63.382415,-39.871918]]]},"properties":{"id":"62028","nombre":"Conesa","nombre_completo":"Departamento Conesa","provincia":{"id":"62","nombre":"Río Negro","interseccion":0.04822127332890438},"fuente":"IGN","categoria":"Departamento","centroide":{"lon":-64.304912723,"lat":-40.148716193}}},
{"type":"Feature","geometry":{"type":"Polygon","coordinates":[[[-58.483902,-34.732136],[-58.581876,-34.64317],[-58.636154,-34.715029],[-58.657915,-34.753297],[-58.703884,-34.778711],[-58.750247,-34.777588],[-58.707051,-34.811268],[-58.749862,-34.847367],[-58.694106,-34.912195],[-58.615506,-34.818527],[-58.537507,-34.756953],[-58.504473,-34.721278],[-58.483902,-34.732136]]]},"properties":{"id":"06427","nombre":"La Matanza","nombre_completo":"Partido de La Matanza","provincia":{"id":"06","nombre":"Buenos Aires","interseccion":0.0010442188810057254},"fuente":"IGN","categoria":"Partido","centroide":{"lon":-58.625445695,"lat":-34.770348102}}},
{"type":"Feature","geometry":{"type":"Polygon","coordinates":[[[-58.610899,-37.411263],[-59.211289,-36.969627],[-59.210697,-36.95645],[-59.359311,-36.84514],[-59.359664,-36.897223],[-59.436834,-37.021329],[-59.69936,-37.216611],[-59.779743,-37.238388],[-59.225977,-37.650843],[-59.185495,-37.616752],[-59.162562,-37.631559],[-59.153019,-37.658956],[-59.170841,-37.700552],[-59.133571,-37.757489],[-59.110395,-37.826431],[-58.610899,-37.411263]]]},"properties":{"id":"06791","nombre":"Tandil","nombre_completo":"Partido de Tandil","provincia":{"id":"06","nombre":"Buenos Aires","interseccion":0.015989035019150222},"fuente":"IGN","categoria":"Partido","centroide":{"lon":-59.18198279,"lat":-37.336429317}}},
{"type":"Feature","geometry":{"type":"Polygon","coordinates":[[[-61.744262,-37.271556],[-61.702772,-37.216555],[-61.735437,-37.093506],[-61.60463,-36.994425],[-61.70785,-36.907189],[-61.778158,-36.930425],[-61.892052,-37.022529],[-61.974843,-37.016773],[-62.425401,-37.348682],[-62.383878,-37.393046],[-62.283399,-37.453408],[-62.211065,-37.577799],[-62.04469,-37.752474],[-62.098933,-37.935484],[-62.049601,-37.971499],[-61.930716,-38.008459],[-61.799747,-38.109579],[-61.792692,-38.137492],[-61.767389,-38.17245],[-61.682948,-38.0742],[-61.509315,-37.937967],[-61.60554,-37.861534],[-61.44205,-37.734938],[-61.538169,-37.657284],[-61.488433,-37.618856],[-61.596799,-37.530862],[-61.53674,-37.48301],[-61.750076,-37.303527],[-61.744262,-37.271556]]]},"properties":{"id":"06203","nombre":"Coronel Suárez","nombre_completo":"Partido de Coronel Suárez","provincia":{"id":"06","nombre":"Buenos Aires","interseccion":0.019758855859659065},"fuente":"IGN","categoria":"Partido","centroide":{"lon":-61.889092242,"lat":-37.53485625}}},
{"type":"Feature","geometry":{"type":"Polygon","coordinates":[[[-60.657902,-31.042098],[-60.800187,-31.017597],[-60.776111,-31.108733],[-60.791878,-31.118545],[-60.83054,-31.177341],[-60.848769,-31.182422],[-60.893328,-31.243292],[-60.902902,-31.307581],[-60.89485,-31.369588],[-60.768641,-31.473063],[-60.778141,-31.569023],[-60.767397,-31.601959],[-60.94998,-31.729764],[-60.978236,-31.800252],[-60.853048,-31.821076],[-60.837156,-31.867356],[-60.819373,-31.882125],[-60.731258,-31.865699],[-60.747598,-31.908525],[-60.722742,-31.972309],[-60.657227,-31.911316],[-60.675781,-31.811707],[-60.638567,-31.787482],[-60.638794,-31.742004],[-60.46759,-31.698303],[-60.325668,-31.586655],[-60.301788,-31.534172],[-60.343458,-31.497486],[-60.510831,-31.468971],[-60.502503,-31.418706],[-60.465038,-31.249371],[-60.449525,-31.21305],[-60.573853,-31.188017],[-60.670258,-31.11194],[-60.657902,-31.042098]]]},"properties":{"id":"82063","nombre":"La Capital","nombre_completo":"Departamento La Capital","provincia":{"id":"82","nombre":"Santa Fe","interseccion":0.022501679459413886},"fuente":"IGN","categoria":"Departamento","centroide":{"lon":-60.669479014,"lat":-31.475356367}}},
{"type":"Feature","geometry":{"type":"Polygon","coordinates":[[[-53.71969,-26.46672],[-53.709983,-26.387614],[-53.645624,-26.286073],[-53.641272,-26.213878],[-53.744293,-26.116237],[-53.737276,-26.041433],[-53.828082,-25.96364],[-53.831003,-25.780734],[-53.862377,-25.658668],[-54.016363,-25.563655],[-54.166712,-25.542875],[-54.170144,-25.853095],[-54.196094,-26.103704],[-54.143346,-26.122045],[-54.16467,-26.267999],[-53.986864,-26.268135],[-53.886702,-26.255269],[-53.794184,-26.25523],[-53.79266,-26.332159],[-53.71969,-26.46672]]]},"properties":{"id":"54049","nombre":"General Manuel Belgrano","nombre_completo":"Departamento General Manuel Belgrano","provincia":{"id":"54","nombre":"Misiones","interseccion":0.09925449441351403},"fuente":"IGN","categoria":"Departamento","centroide":{"lon":-53.963855097,"lat":-25.978431711}}},
{"type":"Feature","geometry":{"type":"Polygon","coordinates":[[[-54.237413,-26.803561],[-54.25997,-26.739283],[-54.188296,-26.667199],[-54.262865,-26.641631],[-54.402073,-26.712057],[-54.545772,-26.830228],[-54.565882,-26.914184],[-54.613525,-26.933928],[-54.540472,-27.092413],[-54.488068,-27.108312],[-54.526352,-27.234786],[-54.507679,-27.247823],[-54.51293,-27.260639],[-54.352342,-27.232606],[-54.348242,-27.254153],[-54.364459,-27.252345],[-54.321302,-27.373742],[-54.316326,-27.392265],[-54.295075,-27.398922],[-54.214752,-27.383516],[-54.15412,-27.29688],[-54.080432,-27.298183],[-53.962721,-27.197609],[-53.926137,-27.124057],[-53.885245,-27.058455],[-53.908243,-27.070149],[-53.936134,-27.035494],[-53.97696,-27.018606],[-53.996802,-27.009179],[-54.035132,-26.94365],[-54.022495,-26.90282],[-54.134838,-26.78728],[-54.237413,-26.803561]]]},"properties":{"id":"54056","nombre":"Guaraní","nombre_completo":"Departamento Guaraní","provincia":{"id":"54","nombre":"Misiones","interseccion":0.10972761343841313},"fuente":"IGN","categoria":"Departamento","centroide":{"lon":-54.269365131,"lat":-27.026234899}}},
{"type":"Feature","geometry":{"type":"Polygon","coordinates":[[[-54.166712,-25.542875],[-54.382441,-25.596332],[-54.42476,-25.657993],[-54.555332,-25.587703],[-54.583674,-25.666263],[-54.655242,-25.67038],[-54.586719,-25.83062],[-54.678799,-25.99474],[-54.618322,-26.148715],[-54.572614,-26.148546],[-54.433017,-26.121155],[-54.320803,-26.142357],[-54.142696,-26.142655],[-54.143346,-26.122045],[-54.196094,-26.103704],[-54.170144,-25.853095],[-54.166712,-25.542875]]]},"properties":{"id":"54063","nombre":"Iguazú","nombre_completo":"Departamento Iguazú","provincia":{"id":"54","nombre":"Misiones","interseccion":0.09087533735373611},"fuente":"IGN","categoria":"Departamento","centroide":{"lon":-54.400418589,"lat":-25.874735491}}},
{"type":"Feature","geometry":{"type":"Polygon","coordinates":[[[-59.636185,-30.702124],[-60.065904,-30.662813],[-60.205505,-30.650706],[-60.208695,-30.683513],[-60.247672,-30.741724],[-60.241688,-30.762519],[-60.255977,-30.768866],[-60.284595,-30.858082],[-60.320619,-31.041976],[-60.357695,-31.087173],[-60.367992,-31.13825],[-60.441108,-31.167413],[-60.465038,-31.249371],[-60.502503,-31.418706],[-60.510831,-31.468971],[-60.343458,-31.497486],[-60.301788,-31.534172],[-60.143494,-31.443604],[-60.138428,-31.413391],[-60.105591,-31.289917],[-60.002686,-31.238586],[-59.963379,-31.119873],[-59.87793,-31.056213],[-59.818176,-30.942505],[-59.734848,-30.876624],[-59.699394,-30.769072],[-59.63269,-30.711304],[-59.636185,-30.702124]]]},"properties":{"id":"82035","nombre":"Garay","nombre_completo":"Departamento Garay","provincia":{"id":"82","nombre":"Santa Fe","interseccion":0.03054142787973587},"fuente":"IGN","categoria":"Departamento","centroide":{"lon":-60.125807736,"lat":-31.054641333}}},
{"type":"Feature","geometry":{"type":"Polygon","coordinates":[[[-55.206881,-26.999223],[-55.254917,-26.937599],[-55.375741,-26.966166],[-55.44574,-27.025378],[-55.455545,-27.106255],[-55.561323,-27.101324],[-55.587623,-27.31334],[-55.503948,-27.298575],[-55.485203,-27.321766],[-55.462183,-27.372977],[-55.408433,-27.389668],[-55.416214,-27.382307],[-55.379938,-27.378666],[-55.386375,-27.390248],[-55.346921,-27.3951],[-55.324216,-27.403266],[-55.305154,-27.40614],[-55.281906,-27.392726],[-55.21701,-27.329845],[-55.213713,-27.315145],[-55.190107,-27.296037],[-55.147824,-27.276205],[-55.135969,-27.183564],[-55.100652,-27.183763],[-55.099288,-27.058115],[-55.179983,-27.026716],[-55.206881,-26.999223]]]},"properties":{"id":"54098","nombre":"San Ignacio","nombre_completo":"Departamento San Ignacio","provincia":{"id":"54","nombre":"Misiones","interseccion":0.05598923871135823},"fuente":"IGN","categoria":"Departamento","centroide":{"lon":-55.339290174,"lat":-27.176593947}}},
{"type":"Feature","geometry":{"type":"Polygon","coordinates":[[[-65.544838,-29.827716],[-65.700798,-29.827061],[-66.430267,-30.024307],[-66.501007,-30.26815],[-66.371796,-30.509699],[-66.232361,-30.526628],[-65.997574,-30.393589],[-65.492458,-30.371796],[-65.422985,-30.119602],[-65.544838,-29.827716]]]},"properties":{"id":"46035","nombre":"Chamical","nombre_completo":"Departamento Chamical","provincia":{"id":"46","nombre":"La Rioja","interseccion":0.060548885456391935},"fuente":"IGN","categoria":"Departamento","centroide":{"lon":-65.956497717,"lat":-30.167645023}}},
{"type":"Feature","geometry":{"type":"Polygon","coordinates":[[[-70.58451,-42.866515],[-70.9363,-42.863559],[-71.046548,-42.946801],[-71.167185,-42.86194],[-71.291641,-42.858246],[-71.356194,-42.794006],[-71.348404,-42.782856],[-71.437975,-42.708548],[-71.48022,-42.613172],[-71.59859,-42.605218],[-71.62722,-42.485283],[-72.020722,-42.478714],[-72.118513,-42.60296],[-72.165019,-42.798913],[-72.142712,-42.898222],[-71.943302,-43.09242],[-71.760532,-43.164622],[-71.730799,-43.282239],[-71.893742,-43.380094],[-71.848635,-43.482889],[-71.757414,-43.58423],[-71.667877,-43.521946],[-71.570427,-43.520092],[-71.484444,-43.540096],[-71.44812,-43.569443],[-71.318748,-43.552303],[-71.108109,-43.633705],[-71.023544,-43.608524],[-70.916885,-43.543869],[-70.844994,-43.45145],[-70.886024,-43.308525],[-70.824783,-43.222641],[-70.790886,-43.024078],[-70.580894,-42.906239],[-70.58451,-42.866515]]]},"properties":{"id":"26035","nombre":"Futaleufú","nombre_completo":"Departamento Futaleufú","provincia":{"id":"26","nombre":"Chubut","interseccion":0.04032434507627565},"fuente":"IGN","categoria":"Departamento","centroide":{"lon":-71.455465375,"lat":-43.070597125}}},
{"type":"Feature","geometry":{"type":"Polygon","coordinates":[[[-58.354633,-37.439849],[-58.427186,-37.500668],[-58.577112,-37.383977],[-58.809127,-37.578725],[-58.507343,-37.805742],[-58.591233,-37.877994],[-58.255909,-38.130861],[-57.733569,-37.697775],[-58.16358,-37.38824],[-58.282658,-37.492092],[-58.354633,-37.439849]]]},"properties":{"id":"06063","nombre":"Balcarce","nombre_completo":"Partido de Balcarce","provincia":{"id":"06","nombre":"Buenos Aires","interseccion":0.013634916729557675},"fuente":"IGN","categoria":"Partido","centroide":{"lon":-58.271747562,"lat":-37.714619808}}},
{"type":"Feature","geometry":{"type":"Polygon","coordinates":[[[-65.838048,-25.197375],[-65.867139,-25.241979],[-65.945989,-25.243696],[-66.001562,-25.311373],[-66.026439,-25.452147],[-66.140388,-25.454408],[-66.303773,-25.510853],[-66.348995,-25.56809],[-66.319898,-25.659363],[-66.348026,-25.785824],[-66.332434,-25.866601],[-66.371646,-25.98805],[-66.595391,-25.904422],[-66.801381,-26.01649],[-66.780387,-26.046912],[-66.659349,-26.107205],[-66.582756,-26.161667],[-66.539877,-26.353162],[-66.461022,-26.364094],[-66.382024,-26.416799],[-66.301955,-26.2707],[-66.205349,-26.132573],[-66.181224,-26.135193],[-66.159838,-26.043647],[-66.047483,-26.016299],[-65.857204,-26.027246],[-65.806841,-25.913304],[-65.795965,-25.782739],[-65.852359,-25.698031],[-65.750303,-25.554887],[-65.78153,-25.461737],[-65.791915,-25.305312],[-65.838048,-25.197375]]]},"properties":{"id":"66154","nombre":"San Carlos","nombre_completo":"Departamento San Carlos","provincia":{"id":"66","nombre":"Salta","interseccion":0.036064774484941275},"fuente":"IGN","categoria":"Departamento","centroide":{"lon":-66.17467082,"lat":-25.82950429}}},
{"type":"Feature","geometry":{"type":"Polygon","coordinates":[[[-70.580765,-49.20388],[-71.400177,-49.193275],[-72.563228,-48.484585],[-72.532232,-48.797557],[-72.748142,-48.910289],[-72.794589,-48.968082],[-72.919711,-48.935702],[-73.062155,-49.127525],[-73.145431,-49.190152],[-73.143677,-49.270996],[-73.470703,-49.201111],[-73.493713,-49.272705],[-73.410583,-49.319397],[-73.426208,-49.391907],[-73.539612,-49.49823],[-73.438782,-49.757812],[-73.552612,-49.923889],[-73.48291,-50.054077],[-73.541504,-50.119019],[-73.56543,-50.270691],[-73.46991,-50.344482],[-73.432617,-50.483093],[-73.172729,-50.676697],[-73.284912,-50.787903],[-73.203491,-50.820984],[-72.954699,-50.740959],[-72.891438,-50.670176],[-72.72827,-50.614833],[-72.583082,-50.681414],[-72.490378,-50.600298],[-72.348979,-50.619851],[-72.298302,-50.682102],[-70.646042,-50.736759],[-70.580765,-49.20388]]]},"properties":{"id":"78028","nombre":"Lago Argentino","nombre_completo":"Departamento Lago Argentino","provincia":{"id":"78","nombre":"Santa Cruz","interseccion":0.16109470074439602},"fuente":"IGN","categoria":"Departamento","centroide":{"lon":-72.065471334,"lat":-49.836488144}}},
{"type":"Feature","geometry":{"type":"Polygon","coordinates":[[[-61.436136,-36.039237],[-61.491487,-36.019098],[-61.742437,-36.16208],[-61.772554,-36.138559],[-61.921176,-36.288428],[-61.974442,-36.333632],[-62.014961,-36.300641],[-62.048248,-36.325905],[-61.912066,-36.385782],[-61.763409,-36.524946],[-61.406099,-36.240961],[-61.439692,-36.214419],[-61.269755,-36.071098],[-61.393404,-36.071812],[-61.436136,-36.039237]]]},"properties":{"id":"06406","nombre":"Hipólito Yrigoyen","nombre_completo":"Partido de Hipólito Yrigoyen","provincia":{"id":"06","nombre":"Buenos Aires","interseccion":0.005344035048306886},"fuente":"IGN","categoria":"Partido","centroide":{"lon":-61.660187626,"lat":-36.259189021}}},
{"type":"Feature","geometry":{"type":"Polygon","coordinates":[[[-57.82723,-25.759365],[-57.779487,-25.760946],[-57.734722,-25.646773],[-57.610795,-25.610647],[-57.559388,-25.46178],[-57.70285,-25.322201],[-57.753504,-25.176473],[-57.861132,-25.08159],[-57.990709,-25.08179],[-58.005742,-25.035062],[-58.255365,-24.931865],[-58.329584,-25.000875],[-58.380844,-24.956244],[-58.378353,-25.392969],[-58.605171,-25.394346],[-58.604973,-25.583075],[-58.22121,-25.587954],[-58.152691,-25.562923],[-58.037159,-25.608295],[-58.020584,-25.687279],[-57.82723,-25.759365]]]},"properties":{"id":"34049","nombre":"Pilcomayo","nombre_completo":"Departamento Pilcomayo","provincia":{"id":"34","nombre":"Formosa","interseccion":0.07113802581847468},"fuente":"IGN","categoria":"Departamento","centroide":{"lon":-58.062606265,"lat":-25.370037717}}},
{"type":"Feature","geometry":{"type":"Polygon","coordinates":[[[-69.53138,-43.784729],[-70.99231,-43.760891],[-70.995857,-43.850662],[-71.116188,-43.849335],[-71.118416,-43.93985],[-71.478348,-43.92012],[-71.649627,-43.934869],[-71.759426,-44.099609],[-71.839351,-44.352403],[-71.802993,-44.419647],[-71.386197,-44.385275],[-71.129689,-44.471803],[-71.097233,-44.587058],[-71.232634,-44.653839],[-69.918686,-44.678032],[-69.509117,-44.144913],[-69.53138,-43.784729]]]},"properties":{"id":"26098","nombre":"Tehuelches","nombre_completo":"Departamento Tehuelches","provincia":{"id":"26","nombre":"Chubut","interseccion":0.06550418273421535},"fuente":"IGN","categoria":"Departamento","centroide":{"lon":-70.576949373,"lat":-44.200144503}}},
{"type":"Feature","geometry":{"type":"Polygon","coordinates":[[[-67.07991,-45.046268],[-67.081383,-45.035164],[-67.094162,-44.678928],[-68.371193,-44.68718],[-68.363119,-45.999898],[-67.595705,-45.999872],[-67.454749,-45.819468],[-67.39788,-45.787524],[-67.350315,-45.629334],[-67.221539,-45.527077],[-67.036012,-45.32217],[-66.853555,-45.232119],[-66.662014,-45.211418],[-66.599702,-45.139409],[-66.366489,-45.041995],[-67.07991,-45.046268]]]},"properties":{"id":"26021","nombre":"Escalante","nombre_completo":"Departamento Escalante","provincia":{"id":"26","nombre":"Chubut","interseccion":0.06525073495851359},"fuente":"IGN","categoria":"Departamento","centroide":{"lon":-67.70886492,"lat":-45.282891546}}},
{"type":"Feature","geometry":{"type":"Polygon","coordinates":[[[-64.28324,-30.201891],[-64.269874,-30.116013],[-64.296149,-30.086319],[-64.989395,-30.01506],[-65.001871,-30.418516],[-65.033472,-30.475059],[-64.87529,-30.634227],[-64.714851,-30.634132],[-64.714701,-30.689944],[-64.5447,-30.690607],[-64.514821,-30.703033],[-64.514024,-30.771493],[-64.415741,-30.771534],[-64.262014,-30.812758],[-64.142502,-30.783419],[-64.229003,-30.546101],[-64.29836,-30.465791],[-64.283718,-30.388761],[-64.374801,-30.37859],[-64.356526,-30.197403],[-64.28324,-30.201891]]]},"properties":{"id":"14049","nombre":"Ischilín","nombre_completo":"Departamento Ischilín","provincia":{"id":"14","nombre":"Córdoba","interseccion":0.03007113768298595},"fuente":"IGN","categoria":"Departamento","centroide":{"lon":-64.60992802,"lat":-30.398515786}}},
{"type":"Feature","geometry":{"type":"Polygon","coordinates":[[[-63.847102,-30.416595],[-63.963569,-30.414911],[-64.005592,-30.483223],[-64.083312,-30.465693],[-64.298264,-30.463715],[-64.229003,-30.546101],[-64.142502,-30.783419],[-64.262014,-30.812758],[-64.428111,-30.772935],[-64.447189,-30.833415],[-64.438753,-30.913773],[-64.37709,-30.908977],[-64.344229,-30.938237],[-64.179288,-30.976253],[-64.039374,-30.960103],[-63.991177,-30.918199],[-63.887989,-30.952974],[-63.8957,-31.018725],[-63.820109,-30.971573],[-63.728235,-30.93437],[-63.662385,-30.667025],[-63.59851,-30.672191],[-63.565038,-30.534026],[-63.60433,-30.526146],[-63.615454,-30.571916],[-63.795702,-30.569191],[-63.845505,-30.510824],[-63.847102,-30.416595]]]},"properties":{"id":"14168","nombre":"Totoral","nombre_completo":"Departamento Totoral","provincia":{"id":"14","nombre":"Córdoba","interseccion":0.018247501875422432},"fuente":"IGN","categoria":"Departamento","centroide":{"lon":-63.984403989,"lat":-30.726344271}}},
{"type":"Feature","geometry":{"type":"Polygon","coordinates":[[[-63.097012,-32.005467],[-63.201319,-32.048267],[-63.447724,-32.103726],[-63.371241,-32.191024],[-63.542777,-32.261906],[-63.572437,-32.37882],[-63.498892,-32.392853],[-63.581384,-32.70314],[-63.55025,-32.822659],[-63.420808,-32.909828],[-63.393004,-33.045808],[-63.481338,-33.118902],[-63.316603,-33.143264],[-63.30033,-33.081448],[-63.180192,-33.102497],[-63.131754,-32.919097],[-63.0588,-32.632842],[-63.118061,-32.616096],[-63.089754,-32.512888],[-63.163394,-32.472298],[-63.053155,-32.376423],[-62.927381,-32.391462],[-62.878124,-32.157171],[-62.851179,-32.06053],[-62.954107,-32.048133],[-63.006235,-32.036614],[-63.097012,-32.005467]]]},"properties":{"id":"14042","nombre":"General San Martín","nombre_completo":"Departamento General San Martín","provincia":{"id":"14","nombre":"Córdoba","interseccion":0.030421026975587948},"fuente":"IGN","categoria":"Departamento","centroide":{"lon":-63.256205606,"lat":-32.514322787}}},
{"type":"Feature","geometry":{"type":"Polygon","coordinates":[[[-68.43066,-31.5082],[-68.471723,-31.497277],[-68.431537,-31.551176],[-68.412715,-31.531453],[-68.43066,-31.5082]]]},"properties":{"id":"70098","nombre":"Santa Lucía","nombre_completo":"Departamento Santa Lucía","provincia":{"id":"70","nombre":"San Juan","interseccion":0.0006168116181825},"fuente":"IGN","categoria":"Departamento","centroide":{"lon":-68.463410047,"lat":-31.532719759}}},
{"type":"Feature","geometry":{"type":"Polygon","coordinates":[[[-68.837605,-32.904557],[-68.958219,-32.863462],[-68.9582,-32.904577],[-68.837605,-32.904557]]]},"properties":{"id":"50007","nombre":"Capital","nombre_completo":"Departamento Capital","provincia":{"id":"50","nombre":"Mendoza","interseccion":0.00035368808353468677},"fuente":"IGN","categoria":"Departamento","centroide":{"lon":-68.893648802,"lat":-32.882896044}}},
{"type":"Feature","geometry":{"type":"Polygon","coordinates":[[[-61.122081,-34.07195],[-61.210038,-34.125527],[-61.331409,-34.025678],[-61.648388,-34.319473],[-61.549084,-34.303386],[-61.471675,-34.307407],[-61.395408,-34.373502],[-61.416972,-34.392317],[-61.329167,-34.453145],[-61.168395,-34.359374],[-61.098149,-34.284531],[-61.070098,-34.307214],[-61.041553,-34.283292],[-61.059106,-34.269008],[-60.91725,-34.241587],[-61.122081,-34.07195]]]},"properties":{"id":"06294","nombre":"General Arenales","nombre_completo":"Partido de General Arenales","provincia":{"id":"06","nombre":"Buenos Aires","interseccion":0.0047011574265184665},"fuente":"IGN","categoria":"Partido","centroide":{"lon":-61.283381226,"lat":-34.237902043}}},
{"type":"Feature","geometry":{"type":"Polygon","coordinates":[[[-58.611001,-26.681494],[-58.680392,-26.642676],[-58.688445,-26.603981],[-58.898378,-26.791815],[-58.953739,-26.785787],[-58.95922,-27.091385],[-58.870335,-27.137748],[-58.777981,-27.217149],[-58.759196,-27.244611],[-58.76782,-27.323376],[-58.77281,-27.378201],[-58.756281,-27.383495],[-58.668787,-27.359092],[-58.616488,-27.318632],[-58.592479,-27.229028],[-58.652207,-27.130556],[-58.554897,-27.108913],[-58.559637,-27.037586],[-58.469807,-27.000066],[-58.484137,-26.935354],[-58.378236,-26.879842],[-58.611001,-26.681494]]]},"properties":{"id":"22014","nombre":"Bermejo","nombre_completo":"Departamento Bermejo","provincia":{"id":"22","nombre":"Chaco","interseccion":0.025752345860440007},"fuente":"IGN","categoria":"Departamento","centroide":{"lon":-58.709116096,"lat":-26.958042152}}},
{"type":"Feature","geometry":{"type":"Polygon","coordinates":[[[-64.315097,-31.802406],[-64.378596,-31.845669],[-64.426511,-31.857202],[-64.527435,-31.852062],[-64.547318,-31.88088],[-64.609143,-31.896601],[-64.834533,-31.865261],[-64.928818,-31.909292],[-64.961366,-32.281971],[-64.9528,-32.308596],[-64.941407,-32.298344],[-64.929844,-32.42325],[-64.919151,-32.483788],[-64.882874,-32.529721],[-64.889945,-32.579575],[-64.663192,-32.632053],[-64.526789,-32.6177],[-64.487503,-32.476552],[-64.426096,-32.379883],[-64.24569,-32.39011],[-64.245641,-32.326942],[-64.293479,-32.31822],[-64.277539,-32.141073],[-64.223441,-31.912441],[-64.315097,-31.802406]]]},"properties":{"id":"14007","nombre":"Calamuchita","nombre_completo":"Departamento Calamuchita","provincia":{"id":"14","nombre":"Córdoba","interseccion":0.028541098504058716},"fuente":"IGN","categoria":"Departamento","centroide":{"lon":-64.615172561,"lat":-32.202059131}}},
{"type":"Feature","geometry":{"type":"Polygon","coordinates":[[[-65.099867,-26.755742],[-65.159546,-26.814934],[-65.208076,-26.893121],[-65.21467,-26.95114],[-65.246031,-26.997526],[-65.121313,-27.025949],[-65.046546,-27.015125],[-64.781173,-27.076613],[-64.766864,-27.014813],[-64.742586,-27.00441],[-64.719839,-26.834564],[-64.894047,-26.833004],[-65.099867,-26.755742]]]},"properties":{"id":"90014","nombre":"Cruz Alta","nombre_completo":"Departamento Cruz Alta","provincia":{"id":"90","nombre":"Tucumán","interseccion":0.05346406651083838},"fuente":"IGN","categoria":"Departamento","centroide":{"lon":-64.973864227,"lat":-26.918003685}}},
{"type":"Feature","geometry":{"type":"Polygon","coordinates":[[[-65.515817,-26.748104],[-65.651388,-26.756759],[-65.710847,-26.738778],[-65.633837,-26.811309],[-65.466172,-26.882512],[-65.364846,-27.00096],[-65.314751,-27.010012],[-65.300534,-27.02012],[-65.314031,-26.986476],[-65.251082,-26.973261],[-65.256503,-27.022298],[-65.20797,-26.928387],[-65.230027,-26.868452],[-65.270578,-26.836108],[-65.432373,-26.815303],[-65.515817,-26.748104]]]},"properties":{"id":"90063","nombre":"Lules","nombre_completo":"Departamento Lules","provincia":{"id":"90","nombre":"Tucumán","interseccion":0.027300091142729622},"fuente":"IGN","categoria":"Departamento","centroide":{"lon":-65.431024594,"lat":-26.862235346}}},
{"type":"Feature","geometry":{"type":"Polygon","coordinates":[[[-65.396307,-26.786624],[-65.427162,-26.767596],[-65.444312,-26.799842],[-65.432373,-26.815303],[-65.270578,-26.836108],[-65.258597,-26.751374],[-65.359718,-26.725498],[-65.396307,-26.786624]]]},"properties":{"id":"90119","nombre":"Yerba Buena","nombre_completo":"Departamento Yerba Buena","provincia":{"id":"90","nombre":"Tucumán","interseccion":0.006597594356830816},"fuente":"IGN","categoria":"Departamento","centroide":{"lon":-65.341173927,"lat":-26.783924472}}},
{"type":"Feature","geometry":{"type":"Polygon","coordinates":[[[-57.417854,-36.157623],[-57.645064,-36.107086],[-57.670959,-36.203332],[-57.784497,-36.178141],[-57.815858,-36.278401],[-57.883506,-36.302138],[-57.971748,-36.263965],[-57.775461,-36.437637],[-57.848529,-36.555173],[-57.776365,-36.634535],[-57.653985,-36.728099],[-57.49374,-36.581361],[-57.464357,-36.570926],[-57.443662,-36.479428],[-57.342985,-36.366172],[-57.473263,-36.340341],[-57.417854,-36.157623]]]},"properties":{"id":"06238","nombre":"Dolores","nombre_completo":"Partido de Dolores","provincia":{"id":"06","nombre":"Buenos Aires","interseccion":0.006434520012311884},"fuente":"IGN","categoria":"Partido","centroide":{"lon":-57.631926124,"lat":-36.398937673}}},
{"type":"Feature","geometry":{"type":"Polygon","coordinates":[[[-65.297906,-26.081736],[-65.359154,-26.059438],[-65.424556,-26.109015],[-65.465396,-26.091277],[-65.548146,-26.087535],[-65.613633,-26.123473],[-65.64006,-26.111039],[-65.688515,-26.117262],[-65.695193,-26.185867],[-65.711897,-26.208357],[-65.722753,-26.2798],[-65.72303,-26.312712],[-65.710922,-26.356503],[-65.725319,-26.386975],[-65.650987,-26.524504],[-65.55989,-26.534774],[-65.392534,-26.619881],[-65.330495,-26.610282],[-65.234039,-26.580618],[-65.221235,-26.571436],[-65.183405,-26.533293],[-65.191156,-26.553675],[-65.167333,-26.553633],[-65.114446,-26.508748],[-65.103048,-26.400048],[-65.044007,-26.318791],[-65.032244,-26.272182],[-65.036267,-26.232749],[-65.272068,-26.17315],[-65.297906,-26.081736]]]},"properties":{"id":"90112","nombre":"Trancas","nombre_completo":"Departamento Trancas","provincia":{"id":"90","nombre":"Tucumán","interseccion":0.13276154889707342},"fuente":"IGN","categoria":"Departamento","centroide":{"lon":-65.40582079,"lat":-26.343412336}}},
{"type":"Feature","geometry":{"type":"Polygon","coordinates":[[[-65.710922,-26.356503],[-66.099757,-26.220486],[-66.094091,-26.248591],[-66.11913,-26.376967],[-66.154844,-26.443666],[-66.163891,-26.501811],[-66.172311,-26.628952],[-66.04219,-26.600372],[-65.83266,-26.737917],[-65.881452,-26.806165],[-65.900475,-26.86379],[-65.85779,-26.929196],[-65.874895,-26.932913],[-65.88983,-26.969776],[-65.854179,-27.016446],[-65.770541,-27.092378],[-65.71242,-26.972181],[-65.663151,-26.910211],[-65.628707,-26.87629],[-65.633837,-26.811309],[-65.710847,-26.738778],[-65.694986,-26.717768],[-65.755589,-26.601056],[-65.721542,-26.542421],[-65.722338,-26.521405],[-65.725319,-26.386975],[-65.710922,-26.356503]]]},"properties":{"id":"90098","nombre":"Tafí del Valle","nombre_completo":"Departamento Tafí del Valle","provincia":{"id":"90","nombre":"Tucumán","interseccion":0.10819087209260744},"fuente":"IGN","categoria":"Departamento","centroide":{"lon":-65.889350483,"lat":-26.591468602}}},
{"type":"Feature","geometry":{"type":"Polygon","coordinates":[[[-68.456153,-32.869302],[-68.60439,-32.838917],[-68.65114,-32.858402],[-68.66137,-32.915592],[-68.721265,-32.944761],[-68.803681,-32.927213],[-68.843224,-32.978389],[-68.865152,-33.048912],[-68.701096,-33.115999],[-68.604659,-33.095339],[-68.579034,-33.034002],[-68.470197,-32.921438],[-68.456153,-32.869302]]]},"properties":{"id":"50070","nombre":"Maipú","nombre_completo":"Departamento Maipú","provincia":{"id":"50","nombre":"Mendoza","interseccion":0.0040998960191065735},"fuente":"IGN","categoria":"Departamento","centroide":{"lon":-68.656313363,"lat":-32.979749564}}},
{"type":"Feature","geometry":{"type":"Polygon","coordinates":[[[-67.958553,-32.738206],[-68.329313,-32.722709],[-68.3662,-32.767372],[-68.444515,-32.802454],[-68.46287,-32.825933],[-68.46639,-32.85624],[-68.455331,-32.866179],[-68.466533,-32.914737],[-68.494439,-32.957678],[-68.561139,-33.011795],[-68.580615,-33.068545],[-68.490287,-33.123024],[-68.447926,-33.1],[-68.287805,-33.188638],[-68.284953,-33.058801],[-68.125546,-33.000081],[-68.123112,-32.838598],[-67.957764,-32.84504],[-67.958553,-32.738206]]]},"properties":{"id":"50098","nombre":"San Martín","nombre_completo":"Departamento San Martín","provincia":{"id":"50","nombre":"Mendoza","interseccion":0.009908821948391834},"fuente":"IGN","categoria":"Departamento","centroide":{"lon":-68.288845865,"lat":-32.914038166}}},
{"type":"Feature","geometry":{"type":"Polygon","coordinates":[[[-68.336658,-31.660029],[-68.412715,-31.531453],[-68.431537,-31.551176],[-68.408435,-31.671254],[-68.416661,-31.727553],[-68.381269,-31.764772],[-68.363047,-31.755172],[-68.380733,-31.744499],[-68.348694,-31.712077],[-68.336658,-31.660029]]]},"properties":{"id":"70063","nombre":"9 de Julio","nombre_completo":"Departamento 9 de Julio","provincia":{"id":"70","nombre":"San Juan","interseccion":0.0017515074163576981},"fuente":"IGN","categoria":"Departamento","centroide":{"lon":-68.389160388,"lat":-31.645418122}}},
{"type":"Feature","geometry":{"type":"Polygon","coordinates":[[[-68.33431,-30.929928],[-68.425732,-30.92949],[-68.483299,-30.981802],[-68.516691,-31.063269],[-68.547884,-31.285958],[-68.642091,-31.502473],[-68.518741,-31.457704],[-68.460751,-31.463119],[-68.470064,-31.453659],[-68.334308,-31.294189],[-68.33431,-30.929928]]]},"properties":{"id":"70007","nombre":"Albardón","nombre_completo":"Departamento Albardón","provincia":{"id":"70","nombre":"San Juan","interseccion":0.011516113836276182},"fuente":"IGN","categoria":"Departamento","centroide":{"lon":-68.452179237,"lat":-31.209735511}}},
{"type":"Feature","geometry":{"type":"Polygon","coordinates":[[[-67.875254,-30.930697],[-68.33431,-30.929928],[-68.334308,-31.294189],[-68.470064,-31.453659],[-68.3954,-31.464694],[-68.019307,-31.461987],[-67.967129,-31.401952],[-67.903569,-31.270667],[-67.910245,-31.162889],[-67.813713,-31.012246],[-67.875254,-30.930697]]]},"properties":{"id":"70014","nombre":"Angaco","nombre_completo":"Departamento Angaco","provincia":{"id":"70","nombre":"San Juan","interseccion":0.02901202211881569},"fuente":"IGN","categoria":"Departamento","centroide":{"lon":-68.13204833,"lat":-31.192271865}}},
{"type":"Feature","geometry":{"type":"Polygon","coordinates":[[[-66.482239,-30.186424],[-66.632248,-30.110188],[-66.609161,-29.849079],[-66.847237,-29.829662],[-66.861099,-30.002539],[-66.861015,-30.403578],[-66.900223,-30.466921],[-66.917076,-30.531256],[-66.781296,-30.534712],[-66.778694,-30.573494],[-66.748367,-30.631516],[-66.615814,-30.674557],[-66.582443,-30.739527],[-66.384712,-30.676701],[-66.416702,-30.638891],[-66.42028,-30.613731],[-66.371567,-30.530653],[-66.371796,-30.509699],[-66.501007,-30.26815],[-66.482239,-30.186424]]]},"properties":{"id":"46056","nombre":"Ángel Vicente Peñaloza","nombre_completo":"Departamento Ángel Vicente Peñaloza","provincia":{"id":"46","nombre":"La Rioja","interseccion":0.0344121556368639},"fuente":"IGN","categoria":"Departamento","centroide":{"lon":-66.663052119,"lat":-30.312897539}}},
{"type":"Feature","geometry":{"type":"Polygon","coordinates":[[[-68.408435,-31.671254],[-68.473238,-31.556434],[-68.551257,-31.560786],[-68.608511,-31.543611],[-68.601521,-31.570886],[-68.516219,-31.596179],[-68.49089,-31.790024],[-68.410718,-31.834303],[-68.381269,-31.764772],[-68.416661,-31.727553],[-68.408435,-31.671254]]]},"properties":{"id":"70077","nombre":"Rawson","nombre_completo":"Departamento Rawson","provincia":{"id":"70","nombre":"San Juan","interseccion":0.003259741476417324},"fuente":"IGN","categoria":"Departamento","centroide":{"lon":-68.467594597,"lat":-31.686631797}}},
{"type":"Feature","geometry":{"type":"Polygon","coordinates":[[[-67.239883,-31.880064],[-68.327632,-31.697787],[-68.346888,-31.694703],[-68.38003,-31.742826],[-68.363047,-31.755172],[-68.410718,-31.834303],[-68.390256,-31.859263],[-68.302831,-31.95188],[-68.247932,-32.091545],[-68.18817,-32.10918],[-68.122795,-32.09977],[-68.073254,-32.098972],[-68.032832,-32.085743],[-67.989273,-32.097178],[-67.962798,-32.11914],[-67.848616,-32.222933],[-67.522397,-32.221168],[-67.472911,-32.306686],[-67.332381,-32.350103],[-67.263799,-32.381859],[-67.278008,-32.292324],[-67.37039,-32.246281],[-67.383793,-32.125212],[-67.365234,-31.975901],[-67.379244,-31.868116],[-67.239883,-31.880064]]]},"properties":{"id":"70126","nombre":"25 de Mayo","nombre_completo":"Departamento 25 de Mayo","provincia":{"id":"70","nombre":"San Juan","interseccion":0.048182710941536123},"fuente":"IGN","categoria":"Departamento","centroide":{"lon":-67.826802643,"lat":-31.989892129}}},
{"type":"Feature","geometry":{"type":"Polygon","coordinates":[[[-67.090042,-29.405514],[-67.150635,-29.295511],[-67.180923,-29.274517],[-67.218681,-29.136675],[-67.199104,-29.113386],[-67.215881,-29.013229],[-67.839699,-29.018673],[-67.858154,-29.14085],[-67.833725,-29.265781],[-67.767906,-29.354204],[-67.722733,-29.441338],[-67.536797,-29.786135],[-66.976273,-29.818956],[-67.028572,-29.757475],[-67.055901,-29.66379],[-67.059578,-29.630087],[-67.030266,-29.544855],[-67.048836,-29.50115],[-67.095551,-29.459152],[-67.10141,-29.430021],[-67.090042,-29.405514]]]},"properties":{"id":"46042","nombre":"Chilecito","nombre_completo":"Departamento Chilecito","provincia":{"id":"46","nombre":"La Rioja","interseccion":0.05718302662713438},"fuente":"IGN","categoria":"Departamento","centroide":{"lon":-67.427886789,"lat":-29.395937475}}},
{"type":"Feature","geometry":{"type":"Polygon","coordinates":[[[-54.602599,-27.178386],[-54.700569,-27.212352],[-54.835141,-27.248647],[-54.832774,-27.356496],[-54.820414,-27.386008],[-54.926562,-27.354554],[-54.90904,-27.388185],[-54.913935,-27.43413],[-54.910378,-27.491033],[-54.87915,-27.520399],[-54.860063,-27.60221],[-54.846471,-27.619708],[-54.809366,-27.53094],[-54.678955,-27.573926],[-54.44403,-27.471371],[-54.464732,-27.423758],[-54.295075,-27.398922],[-54.316326,-27.392265],[-54.321302,-27.373742],[-54.364459,-27.252345],[-54.348242,-27.254153],[-54.352342,-27.232606],[-54.584215,-27.274966],[-54.605605,-27.240739],[-54.593044,-27.219352],[-54.602599,-27.178386]]]},"properties":{"id":"54119","nombre":"25 de Mayo","nombre_completo":"Departamento 25 de Mayo","provincia":{"id":"54","nombre":"Misiones","interseccion":0.055520163420253454},"fuente":"IGN","categoria":"Departamento","centroide":{"lon":-54.634090486,"lat":-27.378614362}}},
{"type":"Feature","geometry":{"type":"Polygon","coordinates":[[[-55.079756,-27.187982],[-55.135969,-27.183564],[-55.147824,-27.276205],[-55.190107,-27.296037],[-55.213713,-27.315145],[-55.21701,-27.329845],[-55.281906,-27.392726],[-55.281854,-27.414587],[-55.365252,-27.461439],[-55.330346,-27.465451],[-55.329654,-27.479208],[-55.180987,-27.62192],[-55.075547,-27.619],[-55.036179,-27.661345],[-54.998801,-27.748082],[-54.902814,-27.721024],[-54.846471,-27.619708],[-54.860063,-27.60221],[-54.87915,-27.520399],[-54.910378,-27.491033],[-54.913935,-27.43413],[-54.93809,-27.370718],[-55.079756,-27.187982]]]},"properties":{"id":"54091","nombre":"Oberá","nombre_completo":"Departamento Oberá","provincia":{"id":"54","nombre":"Misiones","interseccion":0.05282714254047721},"fuente":"IGN","categoria":"Departamento","centroide":{"lon":-55.071222111,"lat":-27.476363601}}},
{"type":"Feature","geometry":{"type":"Polygon","coordinates":[[[-69.108426,-31.281288],[-69.21193,-31.25572],[-69.217132,-31.284722],[-69.206942,-31.322114],[-69.219199,-31.456189],[-69.191039,-31.531226],[-69.157229,-31.581489],[-69.162072,-31.725493],[-69.134633,-31.758641],[-69.117641,-31.90806],[-68.688909,-31.907167],[-68.663814,-31.736642],[-68.711164,-31.646158],[-68.686499,-31.5645],[-68.707756,-31.563755],[-68.651705,-31.472364],[-68.677764,-31.495911],[-68.80548,-31.52029],[-68.995359,-31.519996],[-69.005554,-31.365045],[-69.108426,-31.281288]]]},"properties":{"id":"70133","nombre":"Zonda","nombre_completo":"Departamento Zonda","provincia":{"id":"70","nombre":"San Juan","interseccion":0.027591109927884872},"fuente":"IGN","categoria":"Departamento","centroide":{"lon":-68.954841881,"lat":-31.641778356}}},
{"type":"Feature","geometry":{"type":"Polygon","coordinates":[[[-68.829405,-30.690995],[-68.781071,-30.597889],[-68.984899,-30.5518],[-69.120605,-30.650343],[-69.088586,-30.728861],[-69.121646,-30.831247],[-69.147934,-30.920001],[-69.215852,-31.095778],[-69.250477,-31.189769],[-69.246061,-31.214554],[-69.21193,-31.25572],[-69.108426,-31.281288],[-69.005554,-31.365045],[-68.995359,-31.519996],[-68.80548,-31.52029],[-68.677764,-31.495911],[-68.654308,-31.472292],[-68.642091,-31.502473],[-68.547884,-31.285958],[-68.516691,-31.063269],[-68.500057,-31.004354],[-68.755762,-31.004107],[-68.768034,-30.856802],[-68.796574,-30.803191],[-68.829405,-30.690995]]]},"properties":{"id":"70112","nombre":"Ullum","nombre_completo":"Departamento Ullum","provincia":{"id":"70","nombre":"San Juan","interseccion":0.05078640677007449},"fuente":"IGN","categoria":"Departamento","centroide":{"lon":-68.882390918,"lat":-31.085285375}}},
{"type":"Feature","geometry":{"type":"Polygon","coordinates":[[[-68.390256,-31.859263],[-68.454126,-31.817666],[-68.541482,-31.872758],[-68.688909,-31.907167],[-69.117641,-31.90806],[-69.126445,-32.001907],[-69.013149,-32.115937],[-68.917615,-32.114646],[-68.917613,-32.338042],[-68.665713,-32.337097],[-68.461209,-32.238052],[-68.461208,-32.139189],[-68.301063,-32.13919],[-68.247932,-32.091545],[-68.302831,-31.95188],[-68.390256,-31.859263]]]},"properties":{"id":"70105","nombre":"Sarmiento","nombre_completo":"Departamento Sarmiento","provincia":{"id":"70","nombre":"San Juan","interseccion":0.03244212089612992},"fuente":"IGN","categoria":"Departamento","centroide":{"lon":-68.68704088,"lat":-32.076116858}}},
{"type":"Feature","geometry":{"type":"Polygon","coordinates":[[[-69.827231,-30.368612],[-69.88942,-30.274359],[-69.955342,-30.385505],[-70.063206,-30.394364],[-70.194815,-30.49163],[-70.24664,-30.634207],[-70.246094,-30.728522],[-70.322821,-30.928026],[-70.297766,-31.020163],[-70.401378,-31.167072],[-70.497907,-31.122797],[-70.547157,-31.314853],[-70.531974,-31.407737],[-70.569241,-31.47409],[-70.567384,-31.600134],[-70.469678,-31.69677],[-70.460442,-31.843866],[-70.280053,-31.884086],[-70.209316,-31.960411],[-70.328742,-32.049291],[-70.303877,-32.136322],[-70.323051,-32.267049],[-70.218184,-32.332733],[-70.236649,-32.429292],[-70.148746,-32.465665],[-70.126201,-32.574154],[-70.089601,-32.622434],[-70.025831,-32.578771],[-70.003558,-32.529095],[-69.827384,-32.56271],[-69.778761,-32.542409],[-69.758861,-32.512382],[-69.689212,-32.430176],[-69.721498,-32.314175],[-69.630307,-32.262093],[-69.596233,-32.140907],[-69.454761,-32.074682],[-69.3142,-32.091109],[-69.244509,-32.016113],[-69.126445,-32.001907],[-69.102555,-31.871916],[-69.134633,-31.758641],[-69.162072,-31.725493],[-69.157637,-31.580009],[-69.191039,-31.531226],[-69.219199,-31.456189],[-69.206942,-31.322114],[-69.209926,-31.260517],[-69.250561,-31.201927],[-69.215852,-31.095778],[-69.147934,-30.920001],[-69.121646,-30.831247],[-69.145294,-30.778708],[-69.335422,-30.698435],[-69.603969,-30.664474],[-69.632139,-30.624057],[-69.702733,-30.61472],[-69.72839,-30.541067],[-69.780504,-30.419682],[-69.827231,-30.368612]]]},"properties":{"id":"70021","nombre":"Calingasta","nombre_completo":"Departamento Calingasta","provincia":{"id":"70","nombre":"San Juan","interseccion":0.2583966153060121},"fuente":"IGN","categoria":"Departamento","centroide":{"lon":-69.831865825,"lat":-31.450935909}}},
{"type":"Feature","geometry":{"type":"Polygon","coordinates":[[[-60.323435,-37.776369],[-60.424207,-37.697668],[-60.378022,-37.662685],[-60.452736,-37.601036],[-60.58083,-37.700807],[-60.556671,-37.720854],[-60.845653,-37.935799],[-60.74377,-38.016051],[-60.759493,-38.028543],[-60.549611,-38.19215],[-60.370689,-38.016721],[-60.036304,-38.280844],[-59.886661,-38.157281],[-59.775876,-38.210258],[-59.777943,-38.13764],[-59.641345,-38.025151],[-59.67703,-38.000114],[-59.673675,-37.979546],[-59.936614,-37.794446],[-60.018164,-37.860745],[-60.089129,-37.851671],[-60.261959,-37.728752],[-60.323435,-37.776369]]]},"properties":{"id":"06014","nombre":"Adolfo Gonzales Chaves","nombre_completo":"Partido de Adolfo Gonzales Chaves","provincia":{"id":"06","nombre":"Buenos Aires","interseccion":0.012581507928877037},"fuente":"IGN","categoria":"Partido","centroide":{"lon":-60.248282132,"lat":-37.964615907}}},
{"type":"Feature","geometry":{"type":"Polygon","coordinates":[[[-58.914786,-30.629127],[-58.999327,-30.610048],[-59.068031,-30.676217],[-59.097034,-30.691218],[-59.260752,-30.763335],[-59.292448,-30.846275],[-59.258436,-31.147408],[-59.29658,-31.285426],[-59.285085,-31.303598],[-59.234777,-31.267693],[-59.148149,-31.413759],[-59.074339,-31.403486],[-59.010572,-31.339061],[-59.018196,-31.325074],[-58.975331,-31.256894],[-58.904404,-31.212311],[-58.683909,-31.301417],[-58.635846,-31.297283],[-58.583864,-31.257819],[-58.465268,-31.260798],[-58.408254,-31.238115],[-58.544342,-31.136778],[-58.580303,-31.041188],[-58.493511,-31.022101],[-58.466362,-30.945532],[-58.440247,-30.90254],[-58.427207,-30.847144],[-58.471452,-30.799059],[-58.491732,-30.732379],[-58.569029,-30.700724],[-58.598354,-30.674874],[-58.761124,-30.691193],[-58.914786,-30.629127]]]},"properties":{"id":"30035","nombre":"Federal","nombre_completo":"Departamento Federal","provincia":{"id":"30","nombre":"Entre Ríos","interseccion":0.06574261735520073},"fuente":"IGN","categoria":"Departamento","centroide":{"lon":-58.891860048,"lat":-30.99242678}}},
{"type":"Feature","geometry":{"type":"Polygon","coordinates":[[[-61.129842,-27.635325],[-61.019432,-27.634928],[-61.02235,-27.478218],[-61.571168,-27.480193],[-61.568326,-27.794833],[-61.240145,-27.794178],[-61.240527,-27.705559],[-61.129482,-27.705472],[-61.129842,-27.635325]]]},"properties":{"id":"22039","nombre":"2 de Abril","nombre_completo":"Departamento 2 de Abril","provincia":{"id":"22","nombre":"Chaco","interseccion":0.016169871933912238},"fuente":"IGN","categoria":"Departamento","centroide":{"lon":-61.328951956,"lat":-27.619855156}}},
{"type":"Feature","geometry":{"type":"Polygon","coordinates":[[[-64.109771,-27.972601],[-64.221793,-27.990761],[-64.245306,-28.093531],[-64.414355,-28.062522],[-64.451506,-28.195959],[-64.484102,-28.189785],[-64.512373,-28.316551],[-64.481627,-28.331162],[-64.490714,-28.371333],[-64.263101,-28.340789],[-64.178114,-28.282591],[-64.062539,-28.196029],[-64.060097,-28.094337],[-64.109771,-27.972601]]]},"properties":{"id":"86189","nombre":"Silípica","nombre_completo":"Departamento Silípica","provincia":{"id":"86","nombre":"Santiago del Estero","interseccion":0.009014600590883918},"fuente":"IGN","categoria":"Departamento","centroide":{"lon":-64.273268381,"lat":-28.188848659}}},
{"type":"Feature","geometry":{"type":"Polygon","coordinates":[[[-63.223496,-27.728033],[-63.275245,-27.766111],[-63.499339,-27.781372],[-63.495502,-27.824068],[-63.457737,-27.882515],[-63.442471,-27.922787],[-63.398049,-28.028547],[-63.293759,-28.086729],[-63.095401,-28.270138],[-63.110697,-28.316552],[-61.864083,-28.318843],[-61.871039,-28.357689],[-61.772028,-28.357092],[-61.712045,-27.998552],[-61.711901,-27.797181],[-62.231422,-27.790473],[-62.231979,-27.819882],[-62.884297,-27.819759],[-62.948568,-27.751464],[-63.223496,-27.728033]]]},"properties":{"id":"86098","nombre":"Juan Felipe Ibarra","nombre_completo":"Departamento Juan Felipe Ibarra","provincia":{"id":"86","nombre":"Santiago del Estero","interseccion":0.06765889562536896},"fuente":"IGN","categoria":"Departamento","centroide":{"lon":-62.544374713,"lat":-28.039492992}}},
{"type":"Feature","geometry":{"type":"Polygon","coordinates":[[[-61.864083,-28.318843],[-62.676995,-28.320768],[-63.111774,-28.324892],[-63.040787,-28.407598],[-62.914354,-28.460493],[-62.882227,-28.565129],[-62.753373,-28.632442],[-62.655158,-28.847073],[-62.654662,-28.863202],[-61.857242,-28.866446],[-61.772028,-28.357092],[-61.871039,-28.357689],[-61.864083,-28.318843]]]},"properties":{"id":"86077","nombre":"General Taboada","nombre_completo":"Departamento General Taboada","provincia":{"id":"86","nombre":"Santiago del Estero","interseccion":0.044527523825730234},"fuente":"IGN","categoria":"Departamento","centroide":{"lon":-62.338763383,"lat":-28.568325069}}},
{"type":"Feature","geometry":{"type":"Polygon","coordinates":[[[-58.380844,-24.956244],[-58.430017,-24.893304],[-58.573584,-24.821026],[-58.673502,-24.831515],[-58.726992,-24.774331],[-58.807361,-24.772409],[-58.891744,-24.715016],[-58.891178,-25.05196],[-59.053631,-25.174021],[-58.605099,-25.470652],[-58.605171,-25.394346],[-58.378353,-25.392969],[-58.380844,-24.956244]]]},"properties":{"id":"34042","nombre":"Pilagás","nombre_completo":"Departamento Pilagás","provincia":{"id":"34","nombre":"Formosa","interseccion":0.045473373915872486},"fuente":"IGN","categoria":"Departamento","centroide":{"lon":-58.661627748,"lat":-25.105377307}}},
{"type":"Feature","geometry":{"type":"Polygon","coordinates":[[[-58.267353,-26.344185],[-58.504131,-26.343353],[-58.505394,-26.173637],[-58.757656,-26.183554],[-58.974453,-26.185766],[-58.97486,-26.388461],[-58.909809,-26.462557],[-58.845614,-26.519216],[-58.744377,-26.602646],[-58.689424,-26.594151],[-58.681546,-26.642494],[-58.611001,-26.681494],[-58.378236,-26.879842],[-58.248004,-26.75462],[-58.260224,-26.645089],[-58.194094,-26.597804],[-58.224932,-26.536072],[-58.1809,-26.457397],[-58.215852,-26.384135],[-58.267353,-26.344185]]]},"properties":{"id":"34021","nombre":"Laishi","nombre_completo":"Departamento Laishi","provincia":{"id":"34","nombre":"Formosa","interseccion":0.04812991195174986},"fuente":"IGN","categoria":"Departamento","centroide":{"lon":-58.565463242,"lat":-26.467582219}}},
{"type":"Feature","geometry":{"type":"Polygon","coordinates":[[[-65.774248,-39.918656],[-66.825668,-39.910592],[-66.87689,-42.000001],[-65.728113,-42],[-65.757758,-41.244337],[-65.790074,-41.182415],[-65.774248,-39.918656]]]},"properties":{"id":"62084","nombre":"Valcheta","nombre_completo":"Departamento Valcheta","provincia":{"id":"62","nombre":"Río Negro","interseccion":0.10537274166972496},"fuente":"IGN","categoria":"Departamento","centroide":{"lon":-66.310890798,"lat":-40.97445843}}},
{"type":"Feature","geometry":{"type":"Polygon","coordinates":[[[-62.182682,-24.155029],[-62.342157,-24.110249],[-62.342352,-24.392113],[-62.715775,-24.830897],[-62.218558,-24.830108],[-62.218558,-25.466682],[-61.393659,-25.469501],[-61.393833,-25.560392],[-61.193568,-25.563501],[-61.203582,-26.109012],[-60.09926,-26.122378],[-60.101402,-25.657542],[-60.226422,-25.586002],[-60.224521,-25.485083],[-60.327198,-25.407394],[-60.354294,-25.322742],[-60.541002,-25.167448],[-60.630634,-25.177561],[-60.953522,-24.972647],[-61.092683,-24.834913],[-61.144022,-24.804977],[-61.156381,-24.785016],[-61.150202,-24.74986],[-61.255731,-24.621735],[-61.382725,-24.612757],[-61.477249,-24.57523],[-61.521751,-24.518061],[-61.596403,-24.479293],[-61.597515,-24.438221],[-61.694488,-24.415154],[-61.798592,-24.336345],[-61.839948,-24.301497],[-61.95451,-24.26141],[-61.984652,-24.227095],[-61.989211,-24.250514],[-62.041025,-24.240489],[-62.136097,-24.196022],[-62.182682,-24.155029]]]},"properties":{"id":"22063","nombre":"General Güemes","nombre_completo":"Departamento General Güemes","provincia":{"id":"22","nombre":"Chaco","interseccion":0.25572900685309097},"fuente":"IGN","categoria":"Departamento","centroide":{"lon":-61.334427023,"lat":-25.212576906}}},
{"type":"Feature","geometry":{"type":"Polygon","coordinates":[[[-65.075545,-33.989306],[-65.103713,-33.971726],[-65.109038,-33.955676],[-65.106759,-35.01533],[-63.385734,-35.002218],[-63.385298,-34.529637],[-63.501539,-34.544843],[-63.82982,-34.545433],[-63.834941,-34.36424],[-64.162196,-34.370459],[-64.165508,-34.257347],[-64.294315,-34.213948],[-64.466784,-34.210577],[-64.621804,-34.170319],[-64.814435,-34.060749],[-64.997334,-34.037393],[-65.075545,-33.989306]]]},"properties":{"id":"14035","nombre":"General Roca","nombre_completo":"Departamento General Roca","provincia":{"id":"14","nombre":"Córdoba","interseccion":0.07928459113850446},"fuente":"IGN","categoria":"Departamento","centroide":{"lon":-64.373022144,"lat":-34.623127668}}},
{"type":"Feature","geometry":{"type":"Polygon","coordinates":[[[-67.176964,-33.073209],[-67.577193,-33.030746],[-67.656129,-33.347961],[-67.718049,-33.446097],[-67.705027,-33.773079],[-67.50308,-33.769518],[-67.501198,-34.101327],[-67.151553,-34.110537],[-67.15524,-34.29586],[-66.775924,-34.297738],[-66.78426,-34.232558],[-66.747999,-34.222447],[-66.72946,-34.207391],[-66.708247,-34.024731],[-66.663207,-33.98628],[-66.804389,-33.860908],[-66.873256,-33.832946],[-66.949449,-33.731333],[-67.065912,-33.549979],[-67.095979,-33.503497],[-67.152606,-33.412153],[-67.167223,-33.166178],[-67.184518,-33.127456],[-67.176964,-33.073209]]]},"properties":{"id":"50042","nombre":"La Paz","nombre_completo":"Departamento La Paz","provincia":{"id":"50","nombre":"Mendoza","interseccion":0.04999510097272345},"fuente":"IGN","categoria":"Departamento","centroide":{"lon":-67.249723692,"lat":-33.70128532}}},
{"type":"Feature","geometry":{"type":"Polygon","coordinates":[[[-60.74377,-38.016051],[-61.026523,-37.802441],[-61.178034,-37.680843],[-61.682948,-38.0742],[-61.767389,-38.17245],[-61.769883,-38.196911],[-61.69692,-38.285322],[-61.740866,-38.408559],[-61.783931,-38.440791],[-61.785099,-38.518025],[-61.795176,-38.529009],[-61.778637,-38.579577],[-61.754178,-38.615251],[-61.728495,-38.657088],[-61.595917,-38.546246],[-61.46469,-38.483075],[-61.188565,-38.290579],[-61.077814,-38.293347],[-60.990836,-38.310628],[-60.836122,-38.403817],[-60.740629,-38.330723],[-60.746873,-38.229951],[-60.718722,-38.224226],[-60.729234,-38.130242],[-60.676254,-38.093133],[-60.759493,-38.028543],[-60.74377,-38.016051]]]},"properties":{"id":"06196","nombre":"Coronel Pringles","nombre_completo":"Partido de Coronel Pringles","provincia":{"id":"06","nombre":"Buenos Aires","interseccion":0.017499504479814115},"fuente":"IGN","categoria":"Partido","centroide":{"lon":-61.264417453,"lat":-38.147917269}}},
{"type":"Feature","geometry":{"type":"Polygon","coordinates":[[[-62.648968,-38.516606],[-62.737337,-38.585753],[-62.899669,-38.456661],[-63.38424,-38.829224],[-63.383269,-39.328492],[-63.239324,-39.366346],[-63.113111,-39.451769],[-62.958821,-39.517566],[-62.754412,-39.506181],[-62.69157,-39.53479],[-62.616835,-39.548087],[-62.475051,-39.628245],[-62.476386,-39.693672],[-62.375086,-39.764014],[-62.370786,-39.775662],[-62.166528,-39.830179],[-62.010943,-39.35781],[-62.286365,-39.233295],[-62.35416,-39.101107],[-62.299285,-39.025007],[-62.320529,-38.904268],[-62.395305,-38.834452],[-62.354917,-38.75567],[-62.427105,-38.760861],[-62.472886,-38.663293],[-62.607112,-38.616323],[-62.648968,-38.516606]]]},"properties":{"id":"06875","nombre":"Villarino","nombre_completo":"Partido de Villarino","provincia":{"id":"06","nombre":"Buenos Aires","interseccion":0.03529255286998655},"fuente":"IGN","categoria":"Partido","centroide":{"lon":-62.724598955,"lat":-39.128565233}}},
{"type":"Feature","geometry":{"type":"Polygon","coordinates":[[[-59.70458,-26.80176],[-59.703956,-26.711436],[-59.853891,-26.71083],[-59.854078,-26.755302],[-60.03718,-27.177625],[-60.011123,-27.196274],[-60.011302,-27.286396],[-59.596495,-27.284183],[-59.554348,-27.239884],[-59.553701,-26.983147],[-59.604235,-26.98284],[-59.604525,-26.801898],[-59.70458,-26.80176]]]},"properties":{"id":"22119","nombre":"Presidencia de la Plaza","nombre_completo":"Departamento Presidencia de la Plaza","provincia":{"id":"22","nombre":"Chaco","interseccion":0.022636015712679036},"fuente":"IGN","categoria":"Departamento","centroide":{"lon":-59.774564042,"lat":-27.044624737}}},
{"type":"Feature","geometry":{"type":"Polygon","coordinates":[[[-59.538113,-38.057257],[-59.641345,-38.025151],[-59.777943,-38.13764],[-59.775876,-38.210258],[-59.989967,-38.371421],[-59.733643,-38.53338],[-59.627294,-38.785837],[-59.332795,-38.736675],[-59.444727,-38.588523],[-59.340307,-38.547752],[-59.405854,-38.457143],[-59.315999,-38.383939],[-59.354178,-38.303417],[-59.246237,-38.153052],[-59.414878,-38.113729],[-59.538113,-38.057257]]]},"properties":{"id":"06742","nombre":"San Cayetano","nombre_completo":"Partido de San Cayetano","provincia":{"id":"06","nombre":"Buenos Aires","interseccion":0.010010559960539551},"fuente":"IGN","categoria":"Partido","centroide":{"lon":-59.58632644,"lat":-38.389073197}}},
{"type":"Feature","geometry":{"type":"Polygon","coordinates":[[[-60.036304,-38.280844],[-60.370689,-38.016721],[-60.549611,-38.19215],[-60.676254,-38.093133],[-60.724811,-38.118401],[-60.729296,-38.196661],[-60.718722,-38.224226],[-60.746873,-38.229951],[-60.733598,-38.314775],[-60.745015,-38.365778],[-60.619604,-38.471277],[-60.612497,-38.586931],[-60.536752,-38.82231],[-60.49272,-38.928536],[-60.11653,-38.865749],[-59.853962,-38.837376],[-59.627294,-38.785837],[-59.733643,-38.53338],[-59.989967,-38.371421],[-59.833518,-38.242234],[-59.883207,-38.160282],[-60.036304,-38.280844]]]},"properties":{"id":"06833","nombre":"Tres Arroyos","nombre_completo":"Partido de Tres Arroyos","provincia":{"id":"06","nombre":"Buenos Aires","interseccion":0.019829220384615584},"fuente":"IGN","categoria":"Partido","centroide":{"lon":-60.237417325,"lat":-38.511814275}}},
{"type":"Feature","geometry":{"type":"Polygon","coordinates":[[[-61.077814,-38.293347],[-61.188565,-38.290579],[-61.46469,-38.483075],[-61.595917,-38.546246],[-61.728495,-38.657088],[-61.715451,-38.714322],[-61.698761,-38.781423],[-61.699669,-38.81685],[-61.663146,-38.857995],[-61.47367,-38.945992],[-61.424366,-38.916338],[-61.342348,-38.915479],[-61.314896,-38.946281],[-61.13784,-38.929388],[-61.110167,-38.99589],[-60.852138,-38.979714],[-60.497336,-38.928926],[-60.536752,-38.82231],[-60.612497,-38.586931],[-60.619604,-38.471277],[-60.738558,-38.37565],[-60.740629,-38.330723],[-60.836122,-38.403817],[-60.990836,-38.310628],[-61.077814,-38.293347]]]},"properties":{"id":"06189","nombre":"Coronel Dorrego","nombre_completo":"Partido de Coronel Dorrego","provincia":{"id":"06","nombre":"Buenos Aires","interseccion":0.019596324413927734},"fuente":"IGN","categoria":"Partido","centroide":{"lon":-61.095550573,"lat":-38.670817608}}},
{"type":"Feature","geometry":{"type":"Polygon","coordinates":[[[-59.170841,-37.700552],[-59.153057,-37.657436],[-59.184695,-37.616925],[-59.2925,-37.710327],[-59.383349,-37.758604],[-59.67703,-38.000114],[-59.538113,-38.057257],[-59.414878,-38.113729],[-59.246237,-38.153052],[-59.354178,-38.303417],[-59.315999,-38.383939],[-59.405854,-38.457143],[-59.340307,-38.547752],[-59.444727,-38.588523],[-59.332795,-38.736675],[-59.01221,-38.678535],[-58.619452,-38.561874],[-58.708025,-38.495017],[-58.752001,-38.488722],[-58.808984,-38.328818],[-59.127687,-37.973595],[-59.168236,-37.936124],[-59.165399,-37.880647],[-59.10968,-37.838841],[-59.109382,-37.808157],[-59.133571,-37.757489],[-59.170841,-37.700552]]]},"properties":{"id":"06581","nombre":"Necochea","nombre_completo":"Partido de Necochea","provincia":{"id":"06","nombre":"Buenos Aires","interseccion":0.015222682610782858},"fuente":"IGN","categoria":"Partido","centroide":{"lon":-59.167386947,"lat":-38.255411005}}},
{"type":"Feature","geometry":{"type":"Polygon","coordinates":[[[-66.976273,-29.818956],[-67.536797,-29.786135],[-67.612526,-29.656038],[-67.817039,-29.801329],[-67.991455,-29.98513],[-67.930541,-30.030221],[-67.590873,-30.298148],[-67.578012,-30.404177],[-67.507849,-30.515677],[-66.917076,-30.531256],[-66.900223,-30.466921],[-66.861015,-30.403578],[-66.861099,-30.002539],[-66.847237,-29.829662],[-66.976273,-29.818956]]]},"properties":{"id":"46105","nombre":"Independencia","nombre_completo":"Departamento Independencia","provincia":{"id":"46","nombre":"La Rioja","interseccion":0.07716058991179967},"fuente":"IGN","categoria":"Departamento","centroide":{"lon":-67.335509803,"lat":-30.114455642}}},
{"type":"Feature","geometry":{"type":"Polygon","coordinates":[[[-57.947196,-35.371952],[-58.025003,-35.353784],[-58.044821,-35.334563],[-58.138618,-35.420373],[-58.193911,-35.440953],[-58.152389,-35.472373],[-58.451663,-35.741193],[-58.453639,-35.769544],[-58.41355,-35.814737],[-58.342751,-35.843587],[-58.271799,-35.858634],[-58.263821,-35.823052],[-58.204319,-35.825715],[-58.185232,-35.863478],[-58.096865,-35.775036],[-57.980307,-35.757316],[-57.887372,-35.69987],[-57.749839,-35.766104],[-57.613477,-35.776941],[-57.523469,-35.809695],[-57.485366,-35.809579],[-57.470016,-35.780546],[-57.425432,-35.784908],[-57.402058,-35.757487],[-57.409583,-35.7431],[-57.382962,-35.694198],[-57.426357,-35.615791],[-57.435254,-35.518227],[-57.486559,-35.461156],[-57.687935,-35.484713],[-57.770626,-35.43982],[-57.814018,-35.442193],[-57.873923,-35.385885],[-57.947196,-35.371952]]]},"properties":{"id":"06218","nombre":"Chascomús","nombre_completo":"Partido de Chascomús","provincia":{"id":"06","nombre":"Buenos Aires","interseccion":0.010179906795498293},"fuente":"IGN","categoria":"Partido","centroide":{"lon":-57.903981069,"lat":-35.618688309}}},
{"type":"Feature","geometry":{"type":"Polygon","coordinates":[[[-57.382962,-35.694198],[-57.344755,-35.715337],[-57.127938,-35.445758],[-57.204239,-35.300107],[-57.3037,-35.197184],[-57.460123,-35.266761],[-57.571344,-35.363429],[-57.726803,-35.3493],[-57.770626,-35.43982],[-57.687935,-35.484713],[-57.486559,-35.461156],[-57.435254,-35.518227],[-57.426357,-35.615791],[-57.382962,-35.694198]]]},"properties":{"id":"06655","nombre":"Punta Indio","nombre_completo":"Partido de Punta Indio","provincia":{"id":"06","nombre":"Buenos Aires","interseccion":0.005160900961331992},"fuente":"IGN","categoria":"Partido","centroide":{"lon":-57.39923404,"lat":-35.426055877}}},
{"type":"Feature","geometry":{"type":"Polygon","coordinates":[[[-64.899818,-24.383277],[-65.262705,-24.314362],[-65.357192,-24.383036],[-65.350647,-24.429042],[-65.359346,-24.45894],[-65.34633,-24.496816],[-65.229272,-24.486217],[-65.10516,-24.523038],[-65.079672,-24.562185],[-64.896941,-24.591986],[-64.854081,-24.474331],[-64.954036,-24.449699],[-64.899818,-24.383277]]]},"properties":{"id":"38014","nombre":"El Carmen","nombre_completo":"Departamento El Carmen","provincia":{"id":"38","nombre":"Jujuy","interseccion":0.01721697308798551},"fuente":"IGN","categoria":"Departamento","centroide":{"lon":-65.101285905,"lat":-24.447537267}}},
{"type":"Feature","geometry":{"type":"Polygon","coordinates":[[[-64.309786,-31.363288],[-64.351087,-31.371337],[-64.422453,-31.355564],[-64.435424,-31.388278],[-64.480019,-31.420215],[-64.553431,-31.568976],[-64.548032,-31.690979],[-64.664012,-31.692375],[-64.726859,-31.735373],[-64.783517,-31.826652],[-64.887326,-31.828063],[-64.928818,-31.909292],[-64.834533,-31.865261],[-64.609143,-31.896601],[-64.547318,-31.88088],[-64.527435,-31.852062],[-64.426511,-31.857202],[-64.378596,-31.845669],[-64.315097,-31.802406],[-64.223441,-31.912441],[-64.241408,-32.004467],[-64.084512,-32.004653],[-63.973794,-31.951751],[-63.919287,-32.009833],[-63.918089,-31.874603],[-63.947788,-31.752862],[-64.010555,-31.749957],[-64.016609,-31.620398],[-63.956749,-31.536472],[-63.952104,-31.439694],[-63.973583,-31.451898],[-64.002284,-31.447027],[-64.057381,-31.419291],[-64.057384,-31.524984],[-64.309786,-31.524984],[-64.309786,-31.363288]]]},"properties":{"id":"14147","nombre":"Santa María","nombre_completo":"Departamento Santa María","provincia":{"id":"14","nombre":"Córdoba","interseccion":0.019655428706673365},"fuente":"IGN","categoria":"Departamento","centroide":{"lon":-64.305902163,"lat":-31.709712313}}},
{"type":"Feature","geometry":{"type":"Polygon","coordinates":[[[-57.749839,-35.766104],[-57.887372,-35.69987],[-57.980307,-35.757316],[-58.096865,-35.775036],[-58.147228,-35.866575],[-58.090674,-35.939232],[-58.008142,-35.960545],[-57.983311,-36.028719],[-57.904089,-35.973552],[-57.763848,-35.921993],[-57.707655,-35.832283],[-57.588031,-35.830725],[-57.512525,-35.824484],[-57.488967,-35.826301],[-57.489636,-35.811521],[-57.543792,-35.805579],[-57.611979,-35.777251],[-57.749839,-35.766104]]]},"properties":{"id":"06466","nombre":"Lezama","nombre_completo":"Partido de Lezama","provincia":{"id":"06","nombre":"Buenos Aires","interseccion":0.003384771883346743},"fuente":"IGN","categoria":"Partido","centroide":{"lon":-57.89484439,"lat":-35.849208392}}},
{"type":"Feature","geometry":{"type":"Polygon","coordinates":[[[-58.6753,-34.025467],[-58.749462,-33.95459],[-58.77771,-33.942627],[-58.966046,-33.960581],[-59.009521,-34.099071],[-58.973315,-34.129096],[-59.102264,-34.19745],[-59.105807,-34.213902],[-59.057152,-34.241501],[-58.907739,-34.359949],[-58.914931,-34.320724],[-58.862832,-34.264175],[-58.798512,-34.230221],[-58.712152,-34.248902],[-58.80475,-34.087515],[-58.6753,-34.025467]]]},"properties":{"id":"06126","nombre":"Campana","nombre_completo":"Partido de Campana","provincia":{"id":"06","nombre":"Buenos Aires","interseccion":0.003122485090346226},"fuente":"IGN","categoria":"Partido","centroide":{"lon":-58.882957379,"lat":-34.138388959}}},
{"type":"Feature","geometry":{"type":"Polygon","coordinates":[[[-67.171928,-48.483883],[-67.553116,-48.112984],[-67.616119,-48.091663],[-68.185577,-48.444576],[-68.335442,-48.379612],[-69.355339,-48.438316],[-69.734406,-48.322083],[-69.757843,-49.318237],[-68.826828,-49.316792],[-68.822617,-49.454849],[-67.675885,-49.441869],[-67.797607,-49.328003],[-67.667603,-49.245911],[-67.553621,-49.016602],[-67.41309,-48.912715],[-67.219925,-48.838],[-67.125413,-48.682192],[-66.869266,-48.586042],[-67.171928,-48.483883]]]},"properties":{"id":"78042","nombre":"Magallanes","nombre_completo":"Departamento Magallanes","provincia":{"id":"78","nombre":"Santa Cruz","interseccion":0.08314189748983854},"fuente":"IGN","categoria":"Departamento","centroide":{"lon":-68.468162129,"lat":-48.838341823}}},
{"type":"Feature","geometry":{"type":"Polygon","coordinates":[[[-69.758247,-49.208672],[-70.580765,-49.20388],[-70.646042,-50.736759],[-69.13854,-50.765615],[-69.079224,-50.565146],[-68.880006,-50.335618],[-68.773259,-50.288148],[-68.407207,-50.186236],[-68.326612,-50.122975],[-68.143496,-50.104366],[-67.91699,-50.005302],[-67.836403,-49.944609],[-67.729667,-49.7759],[-67.675885,-49.441869],[-68.822617,-49.454849],[-68.826828,-49.316792],[-69.757843,-49.318237],[-69.758247,-49.208672]]]},"properties":{"id":"78007","nombre":"Corpen Aike","nombre_completo":"Departamento Corpen Aike","provincia":{"id":"78","nombre":"Santa Cruz","interseccion":0.10981688469524026},"fuente":"IGN","categoria":"Departamento","centroide":{"lon":-69.446950723,"lat":-49.947483701}}},
{"type":"Feature","geometry":{"type":"Polygon","coordinates":[[[-64.499617,-36.260164],[-65.056547,-36.254714],[-65.071335,-36.977222],[-64.172098,-36.986759],[-64.170455,-36.716355],[-64.282981,-36.715189],[-64.356967,-36.624948],[-64.505383,-36.622327],[-64.499617,-36.260164]]]},"properties":{"id":"42140","nombre":"Toay","nombre_completo":"Departamento Toay","provincia":{"id":"42","nombre":"La Pampa","interseccion":0.035318851808617976},"fuente":"IGN","categoria":"Departamento","centroide":{"lon":-64.692211015,"lat":-36.662162153}}},
{"type":"Feature","geometry":{"type":"Polygon","coordinates":[[[-58.926033,-26.185305],[-58.926067,-26.018183],[-58.925861,-25.778561],[-58.604748,-25.777243],[-58.605099,-25.470652],[-59.053631,-25.174021],[-59.635147,-25.607523],[-59.636642,-26.11993],[-59.597208,-26.130961],[-59.535484,-26.141322],[-59.420658,-26.1783],[-59.410298,-26.207102],[-59.397935,-26.258624],[-59.396067,-26.273781],[-59.357506,-26.33797],[-59.192587,-26.329734],[-59.140226,-26.299443],[-59.024081,-26.38122],[-58.97486,-26.388461],[-58.974453,-26.185766],[-58.926033,-26.185305]]]},"properties":{"id":"34056","nombre":"Pirané","nombre_completo":"Departamento Pirané","provincia":{"id":"34","nombre":"Formosa","interseccion":0.11512914511407986},"fuente":"IGN","categoria":"Departamento","centroide":{"lon":-59.159256397,"lat":-25.767291354}}},
{"type":"Feature","geometry":{"type":"Polygon","coordinates":[[[-69.626785,-44.681366],[-69.64806,-45.999716],[-68.363119,-45.999898],[-68.371193,-44.68718],[-69.626785,-44.681366]]]},"properties":{"id":"26091","nombre":"Sarmiento","nombre_completo":"Departamento Sarmiento","provincia":{"id":"26","nombre":"Chubut","interseccion":0.06657029158510455},"fuente":"IGN","categoria":"Departamento","centroide":{"lon":-69.002840002,"lat":-45.345092686}}},
{"type":"Feature","geometry":{"type":"Polygon","coordinates":[[[-67.794633,-39.039789],[-68.000852,-38.995776],[-68.019576,-38.97738],[-68.078272,-38.995102],[-68.172085,-38.971455],[-68.207234,-38.971096],[-68.231149,-38.991331],[-68.301592,-38.97543],[-68.561736,-39.076485],[-68.653254,-39.199185],[-68.802391,-39.284909],[-68.818495,-39.312589],[-68.808055,-39.347356],[-68.823961,-39.374926],[-68.912504,-39.417872],[-68.999878,-39.515198],[-69.112793,-39.514709],[-69.2771,-39.596375],[-69.348962,-39.712095],[-69.506997,-39.815423],[-69.583817,-39.814323],[-69.628676,-39.842549],[-69.696568,-39.846311],[-69.75495,-39.87597],[-69.807944,-40.665131],[-69.386675,-40.468816],[-68.786251,-40.428447],[-68.594784,-40.132606],[-68.231467,-40.073122],[-67.8722,-39.810904],[-67.362833,-39.466944],[-66.571576,-39.282893],[-66.571843,-39.090341],[-66.67957,-39.104347],[-67.022376,-39.178145],[-67.209486,-39.101351],[-67.528648,-39.073283],[-67.649095,-39.109013],[-67.794633,-39.039789]]]},"properties":{"id":"62035","nombre":"El Cuy","nombre_completo":"Departamento El Cuy","provincia":{"id":"62","nombre":"Río Negro","interseccion":0.10533761521261231},"fuente":"IGN","categoria":"Departamento","centroide":{"lon":-68.482789521,"lat":-39.70036017}}},
{"type":"Feature","geometry":{"type":"Polygon","coordinates":[[[-69.126445,-32.001907],[-69.244509,-32.016113],[-69.3142,-32.091109],[-69.454761,-32.074682],[-69.596233,-32.140907],[-69.630307,-32.262093],[-69.721498,-32.314175],[-69.689212,-32.430176],[-69.758861,-32.512382],[-69.778761,-32.542409],[-69.827384,-32.56271],[-70.003558,-32.529095],[-70.025831,-32.578771],[-70.089601,-32.622434],[-70.126201,-32.574154],[-70.147581,-32.72843],[-70.108228,-32.801138],[-69.893916,-32.826802],[-69.76829,-32.86909],[-69.731495,-32.835466],[-69.533631,-32.717407],[-69.490182,-32.639316],[-69.457896,-32.623095],[-69.415821,-32.624256],[-69.345174,-32.695597],[-69.313959,-32.759718],[-69.240065,-32.918165],[-69.129813,-32.995061],[-69.116102,-33.030267],[-69.087404,-33.051402],[-68.981678,-33.037799],[-68.896708,-32.992701],[-68.866874,-32.959067],[-69.009927,-32.960512],[-69.003214,-32.904597],[-68.9582,-32.904577],[-68.958219,-32.863462],[-68.820472,-32.873944],[-68.697131,-32.800484],[-68.658012,-32.655867],[-68.670547,-32.591162],[-68.618306,-32.435144],[-68.576282,-32.384426],[-68.503185,-32.339279],[-68.511561,-32.263378],[-68.665713,-32.337097],[-68.917613,-32.338042],[-68.917615,-32.114646],[-69.013149,-32.115937],[-69.126445,-32.001907]]]},"properties":{"id":"50049","nombre":"Las Heras","nombre_completo":"Departamento Las Heras","provincia":{"id":"50","nombre":"Mendoza","interseccion":0.05813310250662408},"fuente":"IGN","categoria":"Departamento","centroide":{"lon":-69.267911376,"lat":-32.524623936}}},
{"type":"Feature","geometry":{"type":"Polygon","coordinates":[[[-60.228711,-26.624283],[-60.508358,-26.525247],[-60.694459,-26.946048],[-60.412988,-27.045414],[-60.228711,-26.624283]]]},"properties":{"id":"22021","nombre":"Comandante Fernández","nombre_completo":"Departamento Comandante Fernández","provincia":{"id":"22","nombre":"Chaco","interseccion":0.015114214398186524},"fuente":"IGN","categoria":"Departamento","centroide":{"lon":-60.461286907,"lat":-26.785390036}}},
{"type":"Feature","geometry":{"type":"Polygon","coordinates":[[[-70.624778,-39.062613],[-70.741992,-39.049669],[-70.727426,-39.138659],[-70.799971,-39.465096],[-70.833224,-39.522083],[-70.877934,-39.524952],[-70.881152,-39.538651],[-70.930653,-39.539735],[-70.957896,-39.522636],[-70.955067,-39.550282],[-70.935105,-39.594358],[-70.880704,-39.668027],[-70.881952,-39.736228],[-70.922745,-39.778501],[-70.862122,-39.86119],[-70.810101,-39.874161],[-70.643986,-39.895142],[-70.347735,-39.678175],[-70.174336,-39.81789],[-69.836933,-39.567984],[-70.028095,-39.415426],[-69.898468,-39.318261],[-69.944274,-39.283323],[-70.150027,-39.190773],[-70.24119,-39.197142],[-70.275195,-39.179983],[-70.317268,-39.131235],[-70.378126,-39.127888],[-70.486552,-39.038677],[-70.600062,-39.122939],[-70.612816,-39.121765],[-70.624778,-39.062613]]]},"properties":{"id":"58021","nombre":"Catán Lil","nombre_completo":"Departamento Catán Lil","provincia":{"id":"58","nombre":"Neuquén","interseccion":0.05898535164270218},"fuente":"IGN","categoria":"Departamento","centroide":{"lon":-70.433559333,"lat":-39.480794292}}},
{"type":"Feature","geometry":{"type":"Polygon","coordinates":[[[-67.864601,-25.2384],[-68.505365,-25.16851],[-68.509335,-25.231667],[-68.548503,-25.26219],[-68.523866,-25.378917],[-68.589169,-25.448806],[-68.538523,-25.50912],[-68.544744,-25.633758],[-68.477339,-25.70164],[-68.381433,-26.177834],[-68.558355,-26.287369],[-68.588092,-26.492428],[-68.362249,-26.802818],[-68.253836,-26.793808],[-68.139554,-26.817951],[-68.128742,-26.784862],[-68.087382,-26.761188],[-68.01879,-26.759517],[-67.866847,-26.804465],[-67.81698,-26.759939],[-67.613851,-26.787083],[-67.507205,-26.876354],[-67.464388,-26.783623],[-67.401629,-26.746509],[-67.182572,-26.667939],[-67.090476,-26.613656],[-67.048697,-26.509914],[-67.036743,-26.333445],[-66.96373,-26.13813],[-66.824112,-26.075679],[-66.919451,-25.944603],[-66.852352,-25.918622],[-66.873566,-25.766185],[-66.843331,-25.712626],[-66.812879,-25.700135],[-66.648577,-25.712032],[-66.563902,-25.621762],[-66.518548,-25.44033],[-66.599798,-25.362251],[-66.558191,-25.300654],[-66.879266,-25.241731],[-67.864601,-25.2384]]]},"properties":{"id":"10028","nombre":"Antofagasta de la Sierra","nombre_completo":"Departamento Antofagasta de la Sierra","provincia":{"id":"10","nombre":"Catamarca","interseccion":0.27402214880505316},"fuente":"IGN","categoria":"Departamento","centroide":{"lon":-67.677879848,"lat":-25.946755641}}},
{"type":"Feature","geometry":{"type":"Polygon","coordinates":[[[-65.160966,-26.790937],[-65.230027,-26.868452],[-65.159546,-26.814934],[-65.160966,-26.790937]]]},"properties":{"id":"90084","nombre":"Capital","nombre_completo":"Departamento Capital","provincia":{"id":"90","nombre":"Tucumán","interseccion":0.004032001299941095},"fuente":"IGN","categoria":"Departamento","centroide":{"lon":-65.217020804,"lat":-26.833220919}}},
{"type":"Feature","geometry":{"type":"Polygon","coordinates":[[[-61.437693,-32.393785],[-61.76421,-32.334113],[-61.912431,-32.307208],[-61.903751,-32.32745],[-62.012276,-32.345524],[-61.914512,-32.494664],[-61.902477,-32.568619],[-61.946168,-32.651026],[-61.828402,-32.754511],[-61.77769,-32.830402],[-61.771552,-32.901465],[-61.79453,-33.019164],[-61.712884,-33.090497],[-61.642431,-32.883241],[-61.532836,-32.846619],[-61.437693,-32.393785]]]},"properties":{"id":"82007","nombre":"Belgrano","nombre_completo":"Departamento Belgrano","provincia":{"id":"82","nombre":"Santa Fe","interseccion":0.01874004899771352},"fuente":"IGN","categoria":"Departamento","centroide":{"lon":-61.704736452,"lat":-32.610436155}}},
{"type":"Feature","geometry":{"type":"Polygon","coordinates":[[[-60.781951,-33.578969],[-60.810809,-33.674801],[-60.861294,-33.780965],[-60.942796,-33.85686],[-60.705401,-34.025122],[-60.715401,-34.035737],[-60.657981,-34.091113],[-60.515503,-34.14378],[-60.496387,-34.17646],[-60.3124,-34.001454],[-60.236577,-34.010707],[-60.231469,-33.869787],[-60.141242,-33.693094],[-60.17224,-33.661924],[-60.313175,-33.651123],[-60.326792,-33.68327],[-60.457452,-33.59835],[-60.468549,-33.63775],[-60.556949,-33.646598],[-60.684582,-33.585157],[-60.781951,-33.578969]]]},"properties":{"id":"06623","nombre":"Pergamino","nombre_completo":"Partido de Pergamino","provincia":{"id":"06","nombre":"Buenos Aires","interseccion":0.009480341341838557},"fuente":"IGN","categoria":"Partido","centroide":{"lon":-60.544782816,"lat":-33.836066814}}},
{"type":"Feature","geometry":{"type":"Polygon","coordinates":[[[-59.503241,-26.712477],[-59.503547,-26.622081],[-59.703002,-26.621873],[-59.703234,-26.531703],[-59.852453,-26.530181],[-59.853891,-26.71083],[-59.703707,-26.711437],[-59.70458,-26.80176],[-59.604525,-26.801898],[-59.604235,-26.98284],[-59.553701,-26.983147],[-59.553776,-27.012864],[-59.402909,-27.012435],[-59.351126,-27.027335],[-59.301754,-27.015867],[-59.170034,-26.899698],[-59.170005,-26.869917],[-59.154594,-26.869838],[-59.201337,-26.801492],[-59.452225,-26.802761],[-59.503241,-26.712477]]]},"properties":{"id":"22154","nombre":"Sargento Cabral","nombre_completo":"Departamento Sargento Cabral","provincia":{"id":"22","nombre":"Chaco","interseccion":0.016605770036456084},"fuente":"IGN","categoria":"Departamento","centroide":{"lon":-59.519105714,"lat":-26.799713302}}},
{"type":"Feature","geometry":{"type":"Polygon","coordinates":[[[-58.880822,-28.066825],[-58.884005,-28.000001],[-59.811126,-28.001327],[-59.790406,-28.250795],[-59.876277,-28.251546],[-59.858297,-28.378554],[-59.765109,-28.455835],[-59.818166,-28.563209],[-59.772794,-28.679389],[-59.804593,-28.757677],[-59.762284,-28.838344],[-59.96181,-28.807462],[-60.019748,-28.886085],[-60.04201,-29.01168],[-60.116408,-29.047415],[-60.017313,-29.242643],[-60.043907,-29.32605],[-60.069291,-29.370634],[-59.778849,-29.415156],[-59.719788,-29.48784],[-59.661833,-29.446604],[-59.580921,-29.474068],[-59.604283,-29.394743],[-59.519788,-29.343189],[-59.508705,-29.250773],[-59.407814,-29.221376],[-59.346766,-29.11435],[-59.199715,-29.031545],[-59.158075,-28.877356],[-59.160454,-28.794789],[-59.078601,-28.667487],[-59.105013,-28.633937],[-59.048857,-28.493311],[-59.103458,-28.328816],[-59.087635,-28.171772],[-58.952965,-28.137106],[-58.880822,-28.066825]]]},"properties":{"id":"82049","nombre":"General Obligado","nombre_completo":"Departamento General Obligado","provincia":{"id":"82","nombre":"Santa Fe","interseccion":0.08153105737655221},"fuente":"IGN","categoria":"Departamento","centroide":{"lon":-59.526696399,"lat":-28.672536399}}},
{"type":"Feature","geometry":{"type":"Polygon","coordinates":[[[-59.811126,-28.001327],[-60.492261,-28.000779],[-60.644429,-27.999792],[-60.644589,-28.100226],[-60.747744,-28.099319],[-60.748573,-28.221641],[-60.829865,-28.273558],[-60.898399,-28.582098],[-61.081435,-29.574173],[-61.082809,-29.635043],[-61.075407,-29.651227],[-60.877411,-29.701043],[-60.766441,-29.790353],[-60.744309,-29.807707],[-60.720537,-29.910136],[-60.279628,-29.978878],[-60.212132,-30.067661],[-60.199831,-30.120953],[-60.156643,-30.124144],[-60.154073,-30.163424],[-60.13229,-30.134532],[-60.159521,-30.12007],[-60.045593,-30.02758],[-60.020674,-29.951781],[-59.926452,-29.915058],[-59.876829,-29.813034],[-59.998575,-29.773035],[-60.000072,-29.654705],[-60.084969,-29.634638],[-60.105286,-29.482983],[-60.078261,-29.405512],[-60.081814,-29.380562],[-60.043907,-29.32605],[-60.017313,-29.242643],[-60.116408,-29.047415],[-60.04201,-29.01168],[-60.019748,-28.886085],[-59.96181,-28.807462],[-59.762284,-28.838344],[-59.804593,-28.757677],[-59.772794,-28.679389],[-59.818166,-28.563209],[-59.765109,-28.455835],[-59.858297,-28.378554],[-59.876277,-28.251546],[-59.790406,-28.250795],[-59.811126,-28.001327]]]},"properties":{"id":"82133","nombre":"Vera","nombre_completo":"Departamento Vera","provincia":{"id":"82","nombre":"Santa Fe","interseccion":0.15275098463425213},"fuente":"IGN","categoria":"Departamento","centroide":{"lon":-60.413667925,"lat":-28.970634515}}},
{"type":"Feature","geometry":{"type":"Polygon","coordinates":[[[-60.644429,-27.999792],[-61.712045,-27.998552],[-61.991675,-29.661599],[-61.906989,-29.778501],[-61.747212,-29.775347],[-61.353688,-29.839635],[-61.282401,-29.516354],[-61.236707,-29.545887],[-61.193022,-29.544713],[-61.201707,-29.551972],[-61.103436,-29.619057],[-61.082809,-29.635043],[-61.081435,-29.574173],[-60.898399,-28.582098],[-60.829865,-28.273558],[-60.748573,-28.221641],[-60.747744,-28.099319],[-60.644589,-28.100226],[-60.644429,-27.999792]]]},"properties":{"id":"82077","nombre":"9 de Julio","nombre_completo":"Departamento 9 de Julio","provincia":{"id":"82","nombre":"Santa Fe","interseccion":0.12751191998581288},"fuente":"IGN","categoria":"Departamento","centroide":{"lon":-61.397994565,"lat":-28.848677677}}},
{"type":"Feature","geometry":{"type":"Polygon","coordinates":[[[-63.380798,-40.408639],[-63.842929,-40.408936],[-63.845303,-40.390278],[-63.997648,-40.506315],[-64.083013,-40.442171],[-64.601539,-40.438937],[-64.603179,-40.850198],[-64.421021,-40.907593],[-64.206177,-41.009827],[-63.958496,-41.07312],[-63.777222,-41.1604],[-63.116516,-41.155518],[-62.884521,-41.079407],[-62.789667,-41.024164],[-62.957589,-40.81811],[-63.192082,-40.716685],[-63.379348,-40.710371],[-63.380798,-40.408639]]]},"properties":{"id":"62007","nombre":"Adolfo Alsina","nombre_completo":"Departamento Adolfo Alsina","provincia":{"id":"62","nombre":"Río Negro","interseccion":0.04452399926563668},"fuente":"IGN","categoria":"Departamento","centroide":{"lon":-63.76510044,"lat":-40.791689412}}},
{"type":"Feature","geometry":{"type":"Polygon","coordinates":[[[-69.13854,-50.765615],[-71.500275,-50.71167],[-72.298302,-50.682102],[-72.349127,-50.755638],[-72.248064,-50.875034],[-72.265665,-51.035228],[-72.374169,-51.023208],[-72.40906,-51.10749],[-72.269179,-51.283252],[-72.344661,-51.520738],[-72.287528,-51.669069],[-72.121749,-51.744029],[-71.951015,-51.871624],[-71.9215,-51.999984],[-69.9955,-52.000717],[-69.485964,-52.151439],[-69.190011,-52.150102],[-68.986878,-52.203581],[-68.837997,-52.277736],[-68.356777,-52.317388],[-68.70845,-51.981247],[-68.975235,-51.615866],[-68.946649,-51.555232],[-69.10858,-51.166986],[-69.166928,-50.980189],[-69.13854,-50.765615]]]},"properties":{"id":"78021","nombre":"Güer Aike","nombre_completo":"Departamento Güer Aike","provincia":{"id":"78","nombre":"Santa Cruz","interseccion":0.1451912883248711},"fuente":"IGN","categoria":"Departamento","centroide":{"lon":-70.561815547,"lat":-51.413412504}}},
{"type":"Feature","geometry":{"type":"Polygon","coordinates":[[[-65.899096,-28.483212],[-65.93712,-28.438994],[-65.951579,-28.34096],[-66.047047,-28.352344],[-66.059881,-28.364466],[-66.085305,-28.453213],[-66.211111,-28.632254],[-66.265066,-28.630953],[-66.365858,-28.797856],[-66.411164,-28.816302],[-66.403482,-28.856238],[-66.099724,-28.944417],[-65.817374,-29.178856],[-65.74834,-29.269686],[-65.719247,-29.409936],[-65.59054,-29.718241],[-65.521296,-29.605139],[-65.561387,-29.517839],[-65.547965,-29.410238],[-65.609592,-29.25316],[-65.586468,-29.099751],[-65.604955,-29.021104],[-65.652118,-28.929161],[-65.643846,-28.901862],[-65.687128,-28.832026],[-65.692831,-28.784866],[-65.735401,-28.758438],[-65.851531,-28.746854],[-65.794178,-28.670333],[-65.785546,-28.561608],[-65.899096,-28.483212]]]},"properties":{"id":"10042","nombre":"Capayán","nombre_completo":"Departamento Capayán","provincia":{"id":"10","nombre":"Catamarca","interseccion":0.04329635246738373},"fuente":"IGN","categoria":"Departamento","centroide":{"lon":-65.901719102,"lat":-28.909497629}}},
{"type":"Feature","geometry":{"type":"Polygon","coordinates":[[[-64.49492,-26.219497],[-64.564152,-26.226925],[-64.579581,-26.218181],[-64.732152,-26.241556],[-64.873443,-26.274922],[-64.972518,-26.274381],[-65.037822,-26.29028],[-65.103048,-26.400048],[-65.114446,-26.508748],[-65.167333,-26.553633],[-65.191156,-26.553675],[-65.191423,-26.580735],[-65.171896,-26.578423],[-65.191804,-26.640974],[-65.157415,-26.756312],[-65.099867,-26.755742],[-64.894047,-26.833004],[-64.719839,-26.834564],[-64.707391,-26.82004],[-64.617889,-26.802693],[-64.58702,-26.657929],[-64.498582,-26.67359],[-64.534767,-26.410118],[-64.520252,-26.352379],[-64.481788,-26.307587],[-64.502102,-26.239475],[-64.49492,-26.219497]]]},"properties":{"id":"90007","nombre":"Burruyacú","nombre_completo":"Departamento Burruyacú","provincia":{"id":"90","nombre":"Tucumán","interseccion":0.16014711692121367},"fuente":"IGN","categoria":"Departamento","centroide":{"lon":-64.819598113,"lat":-26.530548147}}},
{"type":"Feature","geometry":{"type":"Polygon","coordinates":[[[-60.731258,-31.865699],[-60.753015,-31.878071],[-60.762017,-31.869223],[-60.826259,-31.880928],[-60.840989,-31.853603],[-60.819412,-31.792706],[-60.853048,-31.821076],[-60.978236,-31.800252],[-60.993192,-31.86431],[-61.17021,-31.831338],[-61.390017,-31.84665],[-61.392776,-31.857951],[-61.34776,-31.866572],[-61.378058,-31.989121],[-61.355358,-32.082715],[-61.391942,-32.210239],[-61.448043,-32.19996],[-61.495218,-32.38325],[-61.192769,-32.438832],[-60.896693,-32.467448],[-60.867643,-32.451598],[-60.792441,-32.49906],[-60.723816,-32.456116],[-60.718993,-32.334044],[-60.672607,-32.232605],[-60.700382,-32.149769],[-60.658081,-32.05072],[-60.720659,-31.985215],[-60.747598,-31.908525],[-60.731258,-31.865699]]]},"properties":{"id":"82105","nombre":"San Jerónimo","nombre_completo":"Departamento San Jerónimo","provincia":{"id":"82","nombre":"Santa Fe","interseccion":0.033771190674308366},"fuente":"IGN","categoria":"Departamento","centroide":{"lon":-61.048126578,"lat":-32.153771359}}},
{"type":"Feature","geometry":{"type":"Polygon","coordinates":[[[-67.225615,-26.739375],[-67.273076,-26.709419],[-67.401629,-26.746509],[-67.464388,-26.783623],[-67.507205,-26.876354],[-67.613851,-26.787083],[-67.81698,-26.759939],[-67.866847,-26.804465],[-68.040591,-26.756622],[-68.123463,-26.779693],[-68.139554,-26.817951],[-68.253836,-26.793808],[-68.313939,-26.823468],[-68.262455,-26.918432],[-68.34664,-27.033451],[-68.494339,-27.136665],[-68.670533,-27.099018],[-68.843728,-27.161121],[-68.886962,-27.398698],[-68.942515,-27.525931],[-69.038833,-27.595103],[-69.094952,-27.796575],[-68.799011,-27.755676],[-68.723595,-27.789049],[-68.539147,-27.785378],[-68.440281,-27.873656],[-68.396618,-28.004169],[-68.29541,-28.068604],[-68.141218,-28.101842],[-68.107311,-28.173463],[-68.022364,-28.124684],[-67.932442,-28.174782],[-67.813209,-28.37168],[-67.760398,-28.329361],[-67.691464,-28.311834],[-67.375305,-28.384526],[-67.155443,-28.384407],[-67.07466,-28.270193],[-67.026166,-28.258858],[-66.844569,-28.034646],[-67.231096,-28.031392],[-67.327389,-28.057475],[-67.328235,-27.914301],[-67.354433,-27.922484],[-67.348013,-27.793246],[-67.318586,-27.577055],[-67.239977,-27.467336],[-67.309895,-27.375929],[-67.264813,-27.166176],[-67.27796,-27.047725],[-67.250746,-26.944217],[-67.149203,-26.837298],[-67.225615,-26.739375]]]},"properties":{"id":"10105","nombre":"Tinogasta","nombre_completo":"Departamento Tinogasta","provincia":{"id":"10","nombre":"Catamarca","interseccion":0.2231329328479772},"fuente":"IGN","categoria":"Departamento","centroide":{"lon":-67.930742215,"lat":-27.541835583}}},
{"type":"Feature","geometry":{"type":"Polygon","coordinates":[[[-63.385313,-38.252924],[-64.528231,-38.246398],[-64.536723,-38.858091],[-64.515198,-38.868408],[-64.3974,-38.87323],[-64.348595,-38.883451],[-64.062488,-39.010034],[-64.023568,-39.017497],[-63.9916,-39.010914],[-63.911499,-39.087097],[-63.841797,-39.109192],[-63.788208,-39.109192],[-63.512012,-39.31266],[-63.383269,-39.328492],[-63.385313,-38.252924]]]},"properties":{"id":"42014","nombre":"Caleu Caleu","nombre_completo":"Departamento Caleu Caleu","provincia":{"id":"42","nombre":"La Pampa","interseccion":0.06492223637765365},"fuente":"IGN","categoria":"Departamento","centroide":{"lon":-63.896818541,"lat":-38.675639864}}},
{"type":"Feature","geometry":{"type":"Polygon","coordinates":[[[-64.520222,-37.705344],[-65.654651,-37.690144],[-65.684918,-38.831672],[-65.652499,-38.827393],[-65.523193,-38.779175],[-65.390813,-38.83074],[-65.280518,-38.821411],[-65.191821,-38.83637],[-65.140025,-38.818388],[-64.92427,-38.833163],[-64.807331,-38.816006],[-64.670888,-38.833694],[-64.596375,-38.859192],[-64.536659,-38.864593],[-64.520222,-37.705344]]]},"properties":{"id":"42084","nombre":"Lihuel Calel","nombre_completo":"Departamento Lihuel Calel","provincia":{"id":"42","nombre":"La Pampa","interseccion":0.08842861958303475},"fuente":"IGN","categoria":"Departamento","centroide":{"lon":-65.09668931,"lat":-38.261634885}}},
{"type":"Feature","geometry":{"type":"Polygon","coordinates":[[[-65.654651,-37.690144],[-65.654886,-37.675961],[-67.111685,-37.700194],[-67.095678,-38.394998],[-67.009044,-38.423237],[-66.786072,-38.48053],[-66.712234,-38.531751],[-66.635879,-38.542065],[-66.60988,-38.557979],[-66.607144,-38.679093],[-66.538615,-38.720853],[-66.404419,-38.74408],[-66.288263,-38.755661],[-66.084636,-38.725268],[-65.701758,-38.816284],[-65.654651,-37.690144]]]},"properties":{"id":"42042","nombre":"Curacó","nombre_completo":"Departamento Curacó","provincia":{"id":"42","nombre":"La Pampa","interseccion":0.09566006690552879},"fuente":"IGN","categoria":"Departamento","centroide":{"lon":-66.330067376,"lat":-38.179732992}}},
{"type":"Feature","geometry":{"type":"Polygon","coordinates":[[[-68.725159,-38.404914],[-68.759126,-38.371456],[-68.830965,-38.374136],[-68.860859,-38.374095],[-68.91967,-38.420975],[-68.959973,-38.484865],[-69.047599,-38.538705],[-69.107327,-38.580439],[-69.175575,-38.604975],[-69.317686,-38.614622],[-69.547513,-38.79324],[-68.819756,-39.368852],[-68.808055,-39.347356],[-68.819334,-39.325674],[-68.810107,-39.293465],[-68.6655,-39.217303],[-68.653254,-39.199185],[-68.561736,-39.076485],[-68.301592,-38.97543],[-68.207606,-38.971241],[-68.176711,-38.967286],[-68.165354,-38.979809],[-68.078046,-38.995104],[-68.023978,-38.976428],[-68.039411,-38.941885],[-68.081176,-38.848291],[-68.121102,-38.746794],[-68.242363,-38.696802],[-68.282492,-38.670007],[-68.390829,-38.597121],[-68.413098,-38.567458],[-68.543893,-38.489102],[-68.606876,-38.468786],[-68.685704,-38.403369],[-68.725159,-38.404914]]]},"properties":{"id":"58035","nombre":"Confluencia","nombre_completo":"Departamento Confluencia","provincia":{"id":"58","nombre":"Neuquén","interseccion":0.07648413756386449},"fuente":"IGN","categoria":"Departamento","centroide":{"lon":-68.794077284,"lat":-38.832279495}}},
{"type":"Feature","geometry":{"type":"Polygon","coordinates":[[[-70.927463,-38.26091],[-70.997618,-38.291988],[-70.984018,-38.430662],[-70.843061,-38.537524],[-70.826446,-38.591014],[-70.904512,-38.666862],[-70.849029,-38.723661],[-70.699994,-38.808583],[-70.660311,-38.923139],[-70.60282,-38.991622],[-70.610306,-39.037734],[-70.626301,-39.068043],[-70.610524,-39.091621],[-70.611534,-39.122557],[-70.140058,-38.782845],[-70.060524,-38.775752],[-69.902261,-38.640733],[-69.778053,-38.604619],[-69.748891,-38.524352],[-69.661406,-38.509097],[-69.617461,-38.478127],[-69.541204,-38.476604],[-69.575156,-38.436172],[-69.671733,-38.394623],[-69.704792,-38.372332],[-69.883764,-38.306195],[-69.901798,-38.321778],[-70.589345,-38.312135],[-70.647438,-38.268972],[-70.768136,-38.329394],[-70.927463,-38.26091]]]},"properties":{"id":"58105","nombre":"Picunches","nombre_completo":"Departamento Picunches","provincia":{"id":"58","nombre":"Neuquén","interseccion":0.06397691510414695},"fuente":"IGN","categoria":"Departamento","centroide":{"lon":-70.372961046,"lat":-38.574277342}}},
{"type":"Feature","geometry":{"type":"Polygon","coordinates":[[[-68.282492,-38.670007],[-68.256597,-38.679625],[-68.261092,-37.704523],[-69.88569,-37.691361],[-69.886214,-37.71419],[-69.866215,-37.721277],[-69.872696,-37.825896],[-69.851442,-37.87287],[-69.794732,-37.970669],[-69.840344,-38.034696],[-69.764649,-38.123161],[-69.695674,-38.325773],[-69.704792,-38.372332],[-69.671733,-38.394623],[-69.635858,-38.42559],[-69.611411,-38.421022],[-69.574312,-38.43671],[-69.538805,-38.491846],[-69.428269,-38.503524],[-69.348167,-38.599545],[-69.175575,-38.604975],[-69.107327,-38.580439],[-69.047599,-38.538705],[-68.959973,-38.484865],[-68.937365,-38.439228],[-68.861161,-38.374258],[-68.75954,-38.371385],[-68.725159,-38.404914],[-68.685704,-38.403369],[-68.606876,-38.468786],[-68.543893,-38.489102],[-68.413098,-38.567458],[-68.390829,-38.597121],[-68.282492,-38.670007]]]},"properties":{"id":"58014","nombre":"Añelo","nombre_completo":"Departamento Añelo","provincia":{"id":"58","nombre":"Neuquén","interseccion":0.12693731858765375},"fuente":"IGN","categoria":"Departamento","centroide":{"lon":-69.015714726,"lat":-38.098375945}}},
{"type":"Feature","geometry":{"type":"Polygon","coordinates":[[[-69.866215,-37.721277],[-69.885847,-37.714705],[-69.885155,-37.692171],[-69.910187,-37.666994],[-70.020948,-37.656859],[-70.036811,-37.649852],[-70.032105,-37.634189],[-70.602604,-38.004522],[-70.798297,-37.944931],[-71.023885,-37.958339],[-71.054869,-38.043626],[-70.927463,-38.26091],[-70.768136,-38.329394],[-70.647438,-38.268972],[-70.589345,-38.312135],[-69.901798,-38.321778],[-69.883764,-38.306195],[-69.695674,-38.325773],[-69.764649,-38.123161],[-69.840344,-38.034696],[-69.794732,-37.970669],[-69.851442,-37.87287],[-69.872696,-37.825896],[-69.866215,-37.721277]]]},"properties":{"id":"58063","nombre":"Loncopué","nombre_completo":"Departamento Loncopué","provincia":{"id":"58","nombre":"Neuquén","interseccion":0.05785219943005763},"fuente":"IGN","categoria":"Departamento","centroide":{"lon":-70.314232779,"lat":-38.065945161}}},
{"type":"Feature","geometry":{"type":"Polygon","coordinates":[[[-71.165814,-37.302829],[-71.197326,-37.383857],[-71.11818,-37.468945],[-71.127985,-37.587557],[-71.211111,-37.697463],[-71.126438,-37.82073],[-71.111808,-37.91904],[-71.023885,-37.958339],[-70.798297,-37.944931],[-70.602604,-38.004522],[-70.032105,-37.634189],[-70.045561,-37.558402],[-70.08563,-37.531186],[-70.09478,-37.501564],[-70.171906,-37.476582],[-70.310767,-37.3713],[-70.411466,-37.386267],[-70.459221,-37.365292],[-70.528756,-37.365134],[-70.535581,-37.379724],[-70.557754,-37.364921],[-70.585726,-37.382905],[-70.61173,-37.379645],[-70.712596,-37.344917],[-70.726089,-37.331474],[-70.881311,-37.342138],[-70.978979,-37.366021],[-71.093783,-37.366837],[-71.144906,-37.336187],[-71.165814,-37.302829]]]},"properties":{"id":"58084","nombre":"Ñorquín","nombre_completo":"Departamento Ñorquín","provincia":{"id":"58","nombre":"Neuquén","interseccion":0.05800309251885774},"fuente":"IGN","categoria":"Departamento","centroide":{"lon":-70.678042123,"lat":-37.638118665}}},
{"type":"Feature","geometry":{"type":"Polygon","coordinates":[[[-70.042544,-36.659048],[-70.057805,-37.257971],[-70.021455,-37.285391],[-70.105758,-37.433927],[-70.083882,-37.474926],[-70.100883,-37.4937],[-70.085868,-37.530859],[-70.045447,-37.558726],[-70.034488,-37.652231],[-69.996204,-37.653959],[-69.98026,-37.667244],[-69.910815,-37.666793],[-69.88569,-37.691361],[-68.25376,-37.704567],[-68.254253,-37.571931],[-68.436663,-37.544564],[-68.504908,-37.454093],[-68.69658,-37.442344],[-68.766087,-37.366485],[-69.026041,-37.364793],[-69.049299,-37.314666],[-69.038591,-37.25476],[-69.064435,-37.22338],[-69.103217,-37.205287],[-69.173431,-37.177755],[-69.219213,-37.177544],[-69.273953,-37.143663],[-69.396988,-37.171903],[-69.529573,-37.174436],[-69.755634,-37.068641],[-69.759652,-36.87152],[-69.873573,-36.811398],[-69.920033,-36.762267],[-70.02208,-36.665844],[-70.042544,-36.659048]]]},"properties":{"id":"58091","nombre":"Pehuenches","nombre_completo":"Departamento Pehuenches","provincia":{"id":"58","nombre":"Neuquén","interseccion":0.08680411930001364},"fuente":"IGN","categoria":"Departamento","centroide":{"lon":-69.403043272,"lat":-37.398409418}}},
{"type":"Feature","geometry":{"type":"Polygon","coordinates":[[[-64.92427,-38.833163],[-65.140025,-38.818388],[-65.191821,-38.83637],[-65.218432,-38.837136],[-65.245524,-39.850678],[-63.382415,-39.871918],[-63.383269,-39.328492],[-63.512012,-39.31266],[-63.788208,-39.109192],[-63.841797,-39.109192],[-63.911499,-39.087097],[-63.9916,-39.010914],[-64.023568,-39.017497],[-64.062488,-39.010034],[-64.348595,-38.883451],[-64.3974,-38.87323],[-64.515198,-38.868408],[-64.596375,-38.859192],[-64.670888,-38.833694],[-64.807331,-38.816006],[-64.92427,-38.833163]]]},"properties":{"id":"62063","nombre":"Pichi Mahuida","nombre_completo":"Departamento Pichi Mahuida","provincia":{"id":"62","nombre":"Río Negro","interseccion":0.07637996249807837},"fuente":"IGN","categoria":"Departamento","centroide":{"lon":-64.400736219,"lat":-39.407604974}}},
{"type":"Feature","geometry":{"type":"Polygon","coordinates":[[[-60.694459,-26.946048],[-60.508358,-26.525247],[-60.788819,-26.425505],[-60.900185,-26.676846],[-60.930051,-26.661774],[-60.989993,-26.661331],[-60.992731,-26.841964],[-60.883056,-26.927046],[-60.816236,-26.90229],[-60.815565,-27.054975],[-60.615315,-27.057248],[-60.614827,-26.974101],[-60.694459,-26.946048]]]},"properties":{"id":"22070","nombre":"Independencia","nombre_completo":"Departamento Independencia","provincia":{"id":"22","nombre":"Chaco","interseccion":0.0193349692759192},"fuente":"IGN","categoria":"Departamento","centroide":{"lon":-60.756373602,"lat":-26.735179032}}},
{"type":"Feature","geometry":{"type":"Polygon","coordinates":[[[-61.711816,-25.654744],[-62.379131,-25.65195],[-63.422412,-25.64922],[-63.47552,-25.70995],[-63.660465,-25.685373],[-63.918406,-25.682139],[-63.830305,-25.846839],[-63.746026,-25.937674],[-63.747992,-25.951263],[-63.690187,-26.034136],[-63.705095,-26.10987],[-63.76133,-26.21431],[-61.712225,-26.234491],[-61.711816,-25.654744]]]},"properties":{"id":"86056","nombre":"Copo","nombre_completo":"Departamento Copo","provincia":{"id":"86","nombre":"Santiago del Estero","interseccion":0.09377660696043212},"fuente":"IGN","categoria":"Departamento","centroide":{"lon":-62.731097227,"lat":-25.939161201}}},
{"type":"Feature","geometry":{"type":"Polygon","coordinates":[[[-65.050417,-35.980454],[-65.107769,-35.979113],[-65.107809,-35.999062],[-66.017806,-35.999887],[-65.999749,-36.961395],[-65.634782,-36.965811],[-65.071335,-36.977222],[-65.050417,-35.980454]]]},"properties":{"id":"42098","nombre":"Loventué","nombre_completo":"Departamento Loventué","provincia":{"id":"42","nombre":"La Pampa","interseccion":0.0632271763147787},"fuente":"IGN","categoria":"Departamento","centroide":{"lon":-65.533063651,"lat":-36.478508084}}},
{"type":"Feature","geometry":{"type":"Polygon","coordinates":[[[-63.9385,-35.452205],[-63.385613,-35.455331],[-63.385734,-35.002218],[-63.934927,-35.007631],[-63.9385,-35.452205]]]},"properties":{"id":"42056","nombre":"Chapaleufú","nombre_completo":"Departamento Chapaleufú","provincia":{"id":"42","nombre":"La Pampa","interseccion":0.01700936674545037},"fuente":"IGN","categoria":"Departamento","centroide":{"lon":-63.660375066,"lat":-35.229893789}}},
{"type":"Feature","geometry":{"type":"Polygon","coordinates":[[[-66.017806,-35.999887],[-67.067329,-35.999872],[-67.132456,-35.999104],[-67.126857,-36.799484],[-66.005425,-36.781418],[-66.017806,-35.999887]]]},"properties":{"id":"42049","nombre":"Chalileo","nombre_completo":"Departamento Chalileo","provincia":{"id":"42","nombre":"La Pampa","interseccion":0.06084237346772886},"fuente":"IGN","categoria":"Departamento","centroide":{"lon":-66.572742409,"lat":-36.395699693}}},
{"type":"Feature","geometry":{"type":"Polygon","coordinates":[[[-67.132456,-35.999104],[-68.212164,-35.997622],[-68.29641,-35.997622],[-68.296132,-36.172547],[-68.250183,-36.172485],[-68.246762,-36.802758],[-67.126857,-36.799484],[-67.132456,-35.999104]]]},"properties":{"id":"42063","nombre":"Chical Co","nombre_completo":"Departamento Chical Co","provincia":{"id":"42","nombre":"La Pampa","interseccion":0.06234330998681835},"fuente":"IGN","categoria":"Departamento","centroide":{"lon":-67.694466901,"lat":-36.396973643}}},
{"type":"Feature","geometry":{"type":"Polygon","coordinates":[[[-63.9385,-35.452205],[-64.487673,-35.449911],[-64.4932,-35.810673],[-63.939771,-35.814017],[-63.9385,-35.452205]]]},"properties":{"id":"42147","nombre":"Trenel","nombre_completo":"Departamento Trenel","provincia":{"id":"42","nombre":"La Pampa","interseccion":0.013727353818380798},"fuente":"IGN","categoria":"Departamento","centroide":{"lon":-64.214376626,"lat":-35.631875013}}},
{"type":"Feature","geometry":{"type":"Polygon","coordinates":[[[-61.013663,-27.794093],[-61.013524,-27.634923],[-61.129842,-27.635325],[-61.129482,-27.705472],[-61.240527,-27.705559],[-61.240145,-27.794178],[-61.568326,-27.794833],[-61.569271,-27.714245],[-61.711868,-27.713971],[-61.712045,-27.998552],[-60.909115,-27.998339],[-60.908656,-27.793855],[-61.013663,-27.794093]]]},"properties":{"id":"22043","nombre":"Fray Justo Santa María de Oro","nombre_completo":"Departamento Fray Justo Santa María de Oro","provincia":{"id":"22","nombre":"Chaco","interseccion":0.02254388742413686},"fuente":"IGN","categoria":"Departamento","centroide":{"lon":-61.301228874,"lat":-27.864707672}}},
{"type":"Feature","geometry":{"type":"Polygon","coordinates":[[[-66.197375,-32.344392],[-66.396763,-32.339875],[-66.545834,-32.34452],[-66.646629,-32.365235],[-67.158716,-32.371731],[-67.263799,-32.381859],[-67.310131,-32.424741],[-67.224982,-32.682167],[-67.166335,-32.758716],[-67.231994,-32.865042],[-67.197989,-33.044171],[-67.176909,-33.06472],[-67.183481,-33.087025],[-67.019585,-33.079162],[-67.014413,-33.10459],[-66.973349,-33.140801],[-66.80995,-33.170396],[-66.800056,-33.115031],[-66.580672,-33.18516],[-66.515381,-33.108541],[-66.363213,-33.101792],[-66.361068,-33.128685],[-66.215174,-33.129303],[-66.200364,-33.03194],[-66.186607,-32.990805],[-66.216972,-32.912584],[-66.211294,-32.731077],[-66.236169,-32.614411],[-66.202883,-32.572438],[-66.228469,-32.557394],[-66.197375,-32.344392]]]},"properties":{"id":"74014","nombre":"Belgrano","nombre_completo":"Departamento Belgrano","provincia":{"id":"74","nombre":"San Luis","interseccion":0.10602881015409242},"fuente":"IGN","categoria":"Departamento","centroide":{"lon":-66.715052549,"lat":-32.735611133}}},
{"type":"Feature","geometry":{"type":"Polygon","coordinates":[[[-71.708741,-40.42252],[-71.804166,-40.406832],[-71.855654,-40.5094],[-71.84395,-40.627943],[-71.965046,-40.727576],[-71.869049,-40.892966],[-71.861077,-41.031024],[-71.621887,-41.034912],[-71.456421,-41.041687],[-71.306213,-41.100098],[-71.174881,-41.056203],[-71.088577,-40.997206],[-71.060329,-40.980819],[-71.038995,-40.889019],[-71.119334,-40.804063],[-71.029724,-40.724426],[-70.976501,-40.648682],[-70.879089,-40.620422],[-70.864893,-40.597044],[-71.276343,-40.59488],[-71.356233,-40.540261],[-71.516596,-40.505824],[-71.605771,-40.461976],[-71.655306,-40.450462],[-71.708741,-40.42252]]]},"properties":{"id":"58070","nombre":"Los Lagos","nombre_completo":"Departamento Los Lagos","provincia":{"id":"58","nombre":"Neuquén","interseccion":0.046017284002579484},"fuente":"IGN","categoria":"Departamento","centroide":{"lon":-71.486723251,"lat":-40.774350372}}},
{"type":"Feature","geometry":{"type":"Polygon","coordinates":[[[-63.385445,-35.905471],[-63.385622,-35.455484],[-63.93738,-35.452207],[-63.940406,-35.90445],[-63.385445,-35.905471]]]},"properties":{"id":"42105","nombre":"Maracó","nombre_completo":"Departamento Maracó","provincia":{"id":"42","nombre":"La Pampa","interseccion":0.017182614880600536},"fuente":"IGN","categoria":"Departamento","centroide":{"lon":-63.662489965,"lat":-35.679616111}}},
{"type":"Feature","geometry":{"type":"Polygon","coordinates":[[[-63.942909,-36.265613],[-64.499617,-36.260164],[-64.505383,-36.622327],[-64.356967,-36.624948],[-64.282981,-36.715189],[-64.170455,-36.716355],[-64.169899,-36.805552],[-63.945801,-36.806208],[-63.942909,-36.265613]]]},"properties":{"id":"42021","nombre":"Capital","nombre_completo":"Departamento Capital","provincia":{"id":"42","nombre":"La Pampa","interseccion":0.017576762925238607},"fuente":"IGN","categoria":"Departamento","centroide":{"lon":-64.198128305,"lat":-36.498062598}}},
{"type":"Feature","geometry":{"type":"Polygon","coordinates":[[[-66.411164,-28.816302],[-66.388805,-28.801694],[-66.352606,-28.732835],[-66.734711,-28.852306],[-66.775421,-29.049044],[-66.832169,-29.151594],[-66.898094,-29.254398],[-66.948204,-29.361061],[-67.029678,-29.427347],[-67.067245,-29.430714],[-67.090042,-29.405514],[-67.10141,-29.430021],[-67.088455,-29.470387],[-67.051636,-29.497654],[-67.031853,-29.536436],[-67.060555,-29.638557],[-67.018951,-29.772314],[-66.976273,-29.818956],[-66.609161,-29.849079],[-66.632248,-30.110188],[-66.482239,-30.186424],[-66.430267,-30.024307],[-65.700798,-29.827061],[-65.544838,-29.827716],[-65.719247,-29.409936],[-65.74834,-29.269686],[-65.817374,-29.178856],[-66.099724,-28.944417],[-66.394034,-28.867275],[-66.411164,-28.816302]]]},"properties":{"id":"46014","nombre":"Capital","nombre_completo":"Departamento Capital","provincia":{"id":"46","nombre":"La Rioja","interseccion":0.14656001597389562},"fuente":"IGN","categoria":"Departamento","centroide":{"lon":-66.3526001,"lat":-29.460589655}}},
{"type":"Feature","geometry":{"type":"Polygon","coordinates":[[[-63.748408,-29.653277],[-63.77921,-29.639345],[-63.765368,-29.706078],[-63.834954,-29.876897],[-63.944549,-30.027272],[-63.886361,-30.097073],[-63.858591,-30.12477],[-63.493704,-30.188682],[-63.492529,-30.272179],[-63.380968,-30.270413],[-63.325437,-30.230403],[-62.526984,-30.378497],[-62.550465,-30.47011],[-62.325088,-30.511575],[-62.321448,-30.367885],[-62.15756,-30.396159],[-62.173794,-30.345314],[-62.520077,-30.341898],[-62.593618,-30.259583],[-62.596801,-30.165742],[-62.556483,-30.062787],[-62.65544,-30.055292],[-62.674742,-30.035185],[-62.654993,-30.007345],[-62.723878,-29.990808],[-62.753622,-29.966419],[-62.785849,-29.940024],[-62.820277,-29.903936],[-62.829228,-29.841586],[-63.459617,-29.756934],[-63.465352,-29.664484],[-63.748408,-29.653277]]]},"properties":{"id":"14112","nombre":"Río Seco","nombre_completo":"Departamento Río Seco","provincia":{"id":"14","nombre":"Córdoba","interseccion":0.04017840499171785},"fuente":"IGN","categoria":"Departamento","centroide":{"lon":-63.19901878,"lat":-30.045041249}}},
{"type":"Feature","geometry":{"type":"Polygon","coordinates":[[[-66.60988,-38.557979],[-66.631898,-38.55681],[-66.644792,-38.537632],[-66.639069,-39.10162],[-66.565483,-39.091969],[-66.571576,-39.282893],[-67.362833,-39.466944],[-67.8722,-39.810904],[-66.825668,-39.910592],[-65.283417,-39.92531],[-65.213659,-39.870856],[-65.245728,-39.865877],[-65.218631,-38.835076],[-65.280518,-38.821411],[-65.390813,-38.83074],[-65.523193,-38.779175],[-65.652499,-38.827393],[-65.691121,-38.834783],[-65.701758,-38.816284],[-66.084636,-38.725268],[-66.288263,-38.755661],[-66.404419,-38.74408],[-66.538615,-38.720853],[-66.607144,-38.679093],[-66.60988,-38.557979]]]},"properties":{"id":"62014","nombre":"Avellaneda","nombre_completo":"Departamento Avellaneda","provincia":{"id":"62","nombre":"Río Negro","interseccion":0.096722575961708},"fuente":"IGN","categoria":"Departamento","centroide":{"lon":-66.206396517,"lat":-39.410262693}}},
{"type":"Feature","geometry":{"type":"Polygon","coordinates":[[[-68.24998,-37.574812],[-68.256278,-38.679548],[-68.163124,-38.73789],[-68.081176,-38.848291],[-68.039411,-38.941885],[-68.009467,-38.982547],[-67.794633,-39.039789],[-67.649095,-39.109013],[-67.528648,-39.073283],[-67.209486,-39.101351],[-67.022376,-39.178145],[-66.67957,-39.104347],[-66.639069,-39.10162],[-66.644792,-38.537632],[-66.712234,-38.531751],[-66.786072,-38.48053],[-67.009044,-38.423237],[-67.09184,-38.399625],[-67.156049,-38.35332],[-67.153113,-38.291342],[-67.261108,-38.217102],[-67.317078,-38.24762],[-67.364075,-38.253784],[-67.528687,-38.25769],[-67.656494,-38.201782],[-67.718628,-38.130371],[-67.73033,-38.075764],[-67.809299,-38.072358],[-67.888425,-38.000379],[-67.781655,-37.89547],[-67.723761,-37.793523],[-67.785583,-37.652283],[-67.870587,-37.612883],[-68.219311,-37.58824],[-68.24998,-37.574812]]]},"properties":{"id":"62042","nombre":"General Roca","nombre_completo":"Departamento General Roca","provincia":{"id":"62","nombre":"Río Negro","interseccion":0.07039044368624124},"fuente":"IGN","categoria":"Departamento","centroide":{"lon":-67.557403662,"lat":-38.529894778}}},
{"type":"Feature","geometry":{"type":"Polygon","coordinates":[[[-65.10516,-28.322158],[-65.245925,-28.288044],[-65.308962,-28.206783],[-65.470078,-28.18798],[-65.507252,-28.230801],[-65.573169,-28.287608],[-65.55914,-28.41858],[-65.601511,-28.521085],[-65.612276,-28.595953],[-65.453916,-28.636659],[-65.357403,-28.627716],[-65.290351,-28.590091],[-65.199875,-28.620899],[-65.184617,-28.60057],[-65.125891,-28.611468],[-65.097089,-28.470938],[-65.10516,-28.322158]]]},"properties":{"id":"10056","nombre":"El Alto","nombre_completo":"Departamento El Alto","provincia":{"id":"10","nombre":"Catamarca","interseccion":0.01911491298099103},"fuente":"IGN","categoria":"Departamento","centroide":{"lon":-65.36042892,"lat":-28.431706383}}},
{"type":"Feature","geometry":{"type":"Polygon","coordinates":[[[-58.43095,-34.551138],[-58.476084,-34.538431],[-58.468046,-34.572928],[-58.46019,-34.578314],[-58.439904,-34.578566],[-58.441128,-34.562153],[-58.43095,-34.551138]]]},"properties":{"id":"02091","nombre":"Comuna 13","nombre_completo":"Comuna 13","provincia":{"id":"02","nombre":"Ciudad Autónoma de Buenos Aires","interseccion":0.07284117526980238},"fuente":"IGN","categoria":"Comuna","centroide":{"lon":-58.454002962,"lat":-34.554126296}}},
{"type":"Feature","geometry":{"type":"Polygon","coordinates":[[[-61.857242,-28.866446],[-62.644652,-28.865516],[-62.640379,-28.898231],[-62.641406,-28.908208],[-62.659112,-28.909969],[-62.640862,-29.065925],[-62.535354,-29.137134],[-62.437105,-29.153432],[-62.321879,-29.26261],[-62.310081,-29.325819],[-62.157376,-29.384938],[-62.025878,-29.404767],[-61.986515,-29.426134],[-61.949898,-29.415784],[-61.857242,-28.866446]]]},"properties":{"id":"86042","nombre":"Belgrano","nombre_completo":"Departamento Belgrano","provincia":{"id":"86","nombre":"Santiago del Estero","interseccion":0.02469506646328444},"fuente":"IGN","categoria":"Departamento","centroide":{"lon":-62.218279509,"lat":-29.081505373}}},
{"type":"Feature","geometry":{"type":"Polygon","coordinates":[[[-62.640379,-28.898231],[-62.643868,-28.861772],[-62.894551,-28.862979],[-63.06807,-28.891836],[-63.068116,-28.970097],[-62.980219,-28.966661],[-62.980707,-29.20199],[-62.891542,-29.202104],[-62.891456,-29.283612],[-62.752747,-29.306957],[-62.752611,-29.363374],[-62.616519,-29.364141],[-62.558011,-29.482397],[-62.533618,-29.596851],[-62.437844,-29.596778],[-62.43751,-29.666602],[-61.992844,-29.66506],[-61.949898,-29.415784],[-61.991863,-29.425395],[-62.025878,-29.404767],[-62.157376,-29.384938],[-62.310081,-29.325819],[-62.321879,-29.26261],[-62.437105,-29.153432],[-62.535354,-29.137134],[-62.640862,-29.065925],[-62.659112,-28.909969],[-62.641406,-28.908208],[-62.640379,-28.898231]]]},"properties":{"id":"86007","nombre":"Aguirre","nombre_completo":"Departamento Aguirre","provincia":{"id":"86","nombre":"Santiago del Estero","interseccion":0.030358267103805035},"fuente":"IGN","categoria":"Departamento","centroide":{"lon":-62.51509738,"lat":-29.297973228}}},
{"type":"Feature","geometry":{"type":"Polygon","coordinates":[[[-60.09926,-26.122378],[-60.799787,-26.11488],[-60.804517,-26.419904],[-60.205496,-26.632496],[-60.201476,-26.301856],[-60.101138,-26.302762],[-60.09926,-26.122378]]]},"properties":{"id":"22091","nombre":"Maipú","nombre_completo":"Departamento Maipú","provincia":{"id":"22","nombre":"Chaco","interseccion":0.029195662524050786},"fuente":"IGN","categoria":"Departamento","centroide":{"lon":-60.454643978,"lat":-26.319009989}}},
{"type":"Feature","geometry":{"type":"Polygon","coordinates":[[[-69.217068,-33.763919],[-68.99868,-33.607783],[-68.999499,-33.541022],[-69.029616,-33.54364],[-69.058468,-33.523297],[-69.273098,-33.455193],[-69.331883,-33.404133],[-69.696713,-33.367547],[-69.770347,-33.360437],[-69.865326,-33.583005],[-69.897925,-33.837647],[-69.80246,-33.869228],[-69.4484,-33.847775],[-69.360255,-33.862926],[-69.301865,-33.784337],[-69.217068,-33.763919]]]},"properties":{"id":"50119","nombre":"Tunuyán","nombre_completo":"Departamento Tunuyán","provincia":{"id":"50","nombre":"Mendoza","interseccion":0.022412326438272023},"fuente":"IGN","categoria":"Departamento","centroide":{"lon":-69.509296566,"lat":-33.622887705}}},
{"type":"Feature","geometry":{"type":"Polygon","coordinates":[[[-58.278983,-31.698534],[-58.373415,-31.721549],[-58.50713,-31.787599],[-58.564755,-31.861723],[-58.708577,-31.888191],[-58.729327,-31.856571],[-58.723691,-31.969719],[-58.707505,-31.964822],[-58.697342,-32.028799],[-58.651693,-32.16208],[-58.628258,-32.192945],[-58.586271,-32.196261],[-58.528946,-32.190713],[-58.411753,-32.184262],[-58.224329,-32.366999],[-58.101527,-32.305598],[-58.104918,-32.244511],[-58.183326,-32.1592],[-58.1383,-32.001843],[-58.20681,-31.871645],[-58.083943,-31.819573],[-58.036985,-31.727222],[-58.082169,-31.720195],[-58.086878,-31.734295],[-58.162585,-31.744295],[-58.228509,-31.73537],[-58.278983,-31.698534]]]},"properties":{"id":"30008","nombre":"Colón","nombre_completo":"Departamento Colón","provincia":{"id":"30","nombre":"Entre Ríos","interseccion":0.03519768707982054},"fuente":"IGN","categoria":"Departamento","centroide":{"lon":-58.369912959,"lat":-32.011482753}}},
{"type":"Feature","geometry":{"type":"Polygon","coordinates":[[[-58.68439,-31.301264],[-58.781084,-31.270966],[-58.893877,-31.214215],[-58.975331,-31.256894],[-59.018196,-31.325074],[-59.010572,-31.339061],[-59.074339,-31.403486],[-59.148149,-31.413759],[-59.234777,-31.267693],[-59.573124,-31.473132],[-59.582289,-31.603141],[-59.565097,-31.622782],[-59.520479,-31.692031],[-59.580412,-31.784954],[-59.611931,-31.869048],[-59.534421,-31.924866],[-59.401673,-31.934119],[-59.273643,-31.91417],[-59.177463,-31.959365],[-59.08035,-31.9912],[-59.059237,-32.052823],[-59.003156,-32.083612],[-58.773108,-32.01457],[-58.723691,-31.969719],[-58.742734,-31.921089],[-58.722738,-31.823949],[-58.603566,-31.770008],[-58.585055,-31.624742],[-58.518108,-31.555274],[-58.51233,-31.470527],[-58.638022,-31.381299],[-58.68439,-31.301264]]]},"properties":{"id":"30113","nombre":"Villaguay","nombre_completo":"Departamento Villaguay","provincia":{"id":"30","nombre":"Entre Ríos","interseccion":0.08354154571466868},"fuente":"IGN","categoria":"Departamento","centroide":{"lon":-59.05947081,"lat":-31.647738896}}},
{"type":"Feature","geometry":{"type":"Polygon","coordinates":[[[-59.177463,-31.959365],[-59.283613,-31.916592],[-59.341905,-31.941177],[-59.456606,-32.140536],[-59.495835,-32.338839],[-59.441411,-32.355171],[-59.455266,-32.556833],[-59.404734,-32.599745],[-59.414842,-32.639665],[-59.23619,-32.697101],[-59.143025,-32.713144],[-59.125552,-32.707664],[-59.134586,-32.70733],[-59.105041,-32.633847],[-59.102171,-32.615328],[-59.093727,-32.592217],[-59.087649,-32.574298],[-59.105647,-32.533385],[-59.086826,-32.425874],[-59.083446,-32.385897],[-59.076921,-32.177828],[-59.070815,-32.119376],[-59.059237,-32.052823],[-59.08035,-31.9912],[-59.177463,-31.959365]]]},"properties":{"id":"30091","nombre":"Tala","nombre_completo":"Departamento Tala","provincia":{"id":"30","nombre":"Entre Ríos","interseccion":0.033808778400267546},"fuente":"IGN","categoria":"Departamento","centroide":{"lon":-59.267286485,"lat":-32.317411722}}},
{"type":"Feature","geometry":{"type":"Polygon","coordinates":[[[-59.404734,-32.599745],[-59.457441,-32.556852],[-59.600732,-32.551966],[-59.607136,-32.632006],[-59.752674,-32.581773],[-59.782584,-32.590107],[-59.779786,-32.613674],[-59.775849,-32.662581],[-59.810094,-32.797547],[-59.903761,-32.93124],[-59.982708,-32.99521],[-59.963796,-33.029601],[-59.922951,-33.027705],[-59.892958,-33.037218],[-59.804679,-33.125747],[-59.818312,-33.200515],[-59.792222,-33.239513],[-59.88639,-33.23572],[-59.909697,-33.277456],[-60.013328,-33.283924],[-60.11663,-33.219698],[-60.234274,-33.212008],[-60.297829,-33.242284],[-60.200684,-33.292175],[-60.169617,-33.348999],[-60.111084,-33.372986],[-60.04484,-33.447527],[-59.894744,-33.510284],[-59.80953,-33.551657],[-59.803581,-33.595558],[-59.656411,-33.621673],[-59.636037,-33.642701],[-59.620749,-33.692105],[-59.596627,-33.691123],[-59.516737,-33.630834],[-59.479309,-33.652893],[-59.467773,-33.704285],[-59.448975,-33.724487],[-59.3927,-33.736694],[-59.254272,-33.72229],[-59.235413,-33.73999],[-59.254883,-33.785889],[-59.248901,-33.803406],[-59.218811,-33.814697],[-59.168091,-33.809387],[-59.25358,-33.63971],[-59.427543,-33.460417],[-59.522247,-33.432301],[-59.606584,-33.325642],[-59.522445,-33.199355],[-59.394692,-33.232973],[-59.352691,-33.202904],[-59.314285,-33.209377],[-59.308311,-33.178561],[-59.291585,-33.154068],[-59.256022,-33.127958],[-59.250972,-33.115434],[-59.252446,-33.105329],[-59.265463,-33.06002],[-59.233423,-33.034889],[-59.199663,-32.985871],[-59.125461,-32.848213],[-59.112082,-32.805579],[-59.121989,-32.767709],[-59.134516,-32.74966],[-59.128437,-32.719864],[-59.414683,-32.639831],[-59.404734,-32.599745]]]},"properties":{"id":"30049","nombre":"Gualeguay","nombre_completo":"Departamento Gualeguay","provincia":{"id":"30","nombre":"Entre Ríos","interseccion":0.08518351932670581},"fuente":"IGN","categoria":"Departamento","centroide":{"lon":-59.601459827,"lat":-33.119236629}}},
{"type":"Feature","geometry":{"type":"Polygon","coordinates":[[[-58.20692,-30.288616],[-58.245062,-30.271043],[-58.269607,-30.2524],[-58.307897,-30.330874],[-58.409536,-30.425152],[-58.457105,-30.552363],[-58.522418,-30.608804],[-58.501072,-30.626754],[-58.568623,-30.667307],[-58.577313,-30.69016],[-58.491732,-30.732379],[-58.471701,-30.798746],[-58.409465,-30.838435],[-58.276349,-30.883309],[-58.273497,-31.037118],[-58.027845,-31.12338],[-57.924361,-31.237158],[-57.919066,-31.129907],[-57.861625,-31.042012],[-57.914899,-30.920564],[-57.821808,-30.907832],[-57.809509,-30.730192],[-57.97485,-30.64734],[-58.069126,-30.544908],[-58.057776,-30.496419],[-58.077347,-30.465802],[-58.072575,-30.425187],[-58.142282,-30.405238],[-58.20692,-30.288616]]]},"properties":{"id":"30028","nombre":"Federación","nombre_completo":"Departamento Federación","provincia":{"id":"30","nombre":"Entre Ríos","interseccion":0.047449312977613296},"fuente":"IGN","categoria":"Departamento","centroide":{"lon":-58.159155182,"lat":-30.734853205}}},
{"type":"Feature","geometry":{"type":"Polygon","coordinates":[[[-59.323732,-30.354244],[-59.347921,-30.324347],[-59.422611,-30.315808],[-59.490212,-30.344331],[-59.558342,-30.332939],[-59.587769,-30.434822],[-59.703439,-30.44261],[-59.653809,-30.487793],[-59.645142,-30.588233],[-59.678406,-30.646912],[-59.633301,-30.713928],[-59.699394,-30.769072],[-59.734848,-30.876624],[-59.818176,-30.942505],[-59.87793,-31.056213],[-59.963379,-31.119873],[-59.983959,-31.18739],[-59.952663,-31.204774],[-59.9288,-31.281496],[-59.862395,-31.493932],[-59.758716,-31.421765],[-59.612692,-31.45143],[-59.625041,-31.504941],[-59.285085,-31.303598],[-59.296232,-31.275342],[-59.258436,-31.147408],[-59.292448,-30.846275],[-59.260752,-30.763335],[-59.097034,-30.691218],[-59.068031,-30.676217],[-59.012297,-30.613911],[-58.931404,-30.561356],[-59.077259,-30.488413],[-59.068704,-30.414451],[-59.176338,-30.377455],[-59.241691,-30.365739],[-59.323732,-30.354244]]]},"properties":{"id":"30070","nombre":"La Paz","nombre_completo":"Departamento La Paz","provincia":{"id":"30","nombre":"Entre Ríos","interseccion":0.08364005132497959},"fuente":"IGN","categoria":"Departamento","centroide":{"lon":-59.50043089,"lat":-30.897357325}}},
{"type":"Feature","geometry":{"type":"Polygon","coordinates":[[[-58.496562,-30.207688],[-58.630015,-30.176859],[-58.681665,-30.163581],[-58.803753,-30.210834],[-58.878856,-30.246662],[-58.912017,-30.248214],[-58.965202,-30.21834],[-59.064251,-30.230818],[-59.081459,-30.249074],[-59.136577,-30.286569],[-59.171678,-30.318092],[-59.176338,-30.377455],[-59.068704,-30.414451],[-59.077259,-30.488413],[-58.931404,-30.561356],[-58.914786,-30.629127],[-58.761124,-30.691193],[-58.598354,-30.674874],[-58.577313,-30.69016],[-58.568623,-30.667307],[-58.501072,-30.626754],[-58.522418,-30.608804],[-58.457105,-30.552363],[-58.409536,-30.425152],[-58.307897,-30.330874],[-58.269607,-30.2524],[-58.28555,-30.244631],[-58.343726,-30.27125],[-58.369324,-30.264734],[-58.437047,-30.221675],[-58.451527,-30.224856],[-58.496562,-30.207688]]]},"properties":{"id":"30042","nombre":"Feliciano","nombre_completo":"Departamento Feliciano","provincia":{"id":"30","nombre":"Entre Ríos","interseccion":0.039778223925986296},"fuente":"IGN","categoria":"Departamento","centroide":{"lon":-58.728890756,"lat":-30.413899602}}},
{"type":"Feature","geometry":{"type":"Polygon","coordinates":[[[-57.209226,-36.196221],[-57.27924,-36.137591],[-57.382452,-35.966739],[-57.389715,-35.853168],[-57.362053,-35.750613],[-57.409583,-35.7431],[-57.402058,-35.757487],[-57.424789,-35.78458],[-57.475188,-35.783069],[-57.488967,-35.826301],[-57.512525,-35.824484],[-57.588031,-35.830725],[-57.707655,-35.832283],[-57.763848,-35.921993],[-57.904089,-35.973552],[-57.983311,-36.028719],[-57.966803,-36.064632],[-58.093219,-36.154813],[-57.959721,-36.252922],[-57.971748,-36.263965],[-57.883506,-36.302138],[-57.815858,-36.278401],[-57.784497,-36.178141],[-57.670959,-36.203332],[-57.645064,-36.107086],[-57.209226,-36.196221]]]},"properties":{"id":"06168","nombre":"Castelli","nombre_completo":"Partido de Castelli","provincia":{"id":"06","nombre":"Buenos Aires","interseccion":0.006844080534328227},"fuente":"IGN","categoria":"Partido","centroide":{"lon":-57.657425194,"lat":-36.041489744}}},
{"type":"Feature","geometry":{"type":"Polygon","coordinates":[[[-58.465268,-31.260798],[-58.583864,-31.257819],[-58.635846,-31.297283],[-58.68439,-31.301264],[-58.638022,-31.381299],[-58.51233,-31.470527],[-58.518108,-31.555274],[-58.585055,-31.624742],[-58.603566,-31.770008],[-58.722738,-31.823949],[-58.729327,-31.856571],[-58.708577,-31.888191],[-58.564755,-31.861723],[-58.50713,-31.787599],[-58.373415,-31.721549],[-58.274736,-31.662676],[-58.286712,-31.539555],[-58.449356,-31.431755],[-58.411428,-31.351574],[-58.472097,-31.266764],[-58.465268,-31.260798]]]},"properties":{"id":"30088","nombre":"San Salvador","nombre_completo":"Departamento San Salvador","provincia":{"id":"30","nombre":"Entre Ríos","interseccion":0.016888356145719527},"fuente":"IGN","categoria":"Departamento","centroide":{"lon":-58.486372857,"lat":-31.576883539}}},
{"type":"Feature","geometry":{"type":"Polygon","coordinates":[[[-66.780387,-26.046912],[-66.826529,-25.99569],[-66.846634,-25.970069],[-66.852352,-25.918622],[-66.919451,-25.944603],[-66.824112,-26.075679],[-66.96373,-26.13813],[-67.036743,-26.333445],[-67.048697,-26.509914],[-67.090476,-26.613656],[-67.182572,-26.667939],[-67.225615,-26.739375],[-67.149203,-26.837298],[-67.250746,-26.944217],[-67.27796,-27.047725],[-67.264813,-27.166176],[-67.309895,-27.375929],[-67.239977,-27.467336],[-67.318586,-27.577055],[-67.348013,-27.793246],[-67.354433,-27.922484],[-67.328235,-27.914301],[-67.327389,-28.057475],[-67.231096,-28.031392],[-66.740475,-28.034987],[-66.738805,-27.789456],[-66.714368,-27.672802],[-66.735243,-27.551873],[-66.648699,-27.495169],[-66.603153,-27.408677],[-66.623179,-27.281586],[-66.536647,-27.254392],[-66.596768,-27.089614],[-66.59571,-27.061371],[-66.573705,-26.898509],[-66.667618,-26.746639],[-66.591427,-26.670904],[-66.568913,-26.560363],[-66.508131,-26.527264],[-66.45259,-26.441809],[-66.445314,-26.374411],[-66.539877,-26.353162],[-66.572358,-26.178718],[-66.660002,-26.106477],[-66.780387,-26.046912]]]},"properties":{"id":"10035","nombre":"Belén","nombre_completo":"Departamento Belén","provincia":{"id":"10","nombre":"Catamarca","interseccion":0.12510651083801103},"fuente":"IGN","categoria":"Departamento","centroide":{"lon":-66.92248051,"lat":-27.101956004}}},
{"type":"Feature","geometry":{"type":"Polygon","coordinates":[[[-65.761009,-28.38256],[-65.812175,-28.266422],[-65.876028,-28.333461],[-65.893345,-28.329864],[-65.951506,-28.337398],[-65.949974,-28.398487],[-65.93814,-28.437344],[-65.919207,-28.437961],[-65.899096,-28.483212],[-65.791588,-28.557942],[-65.769781,-28.487297],[-65.728521,-28.38715],[-65.761009,-28.38256]]]},"properties":{"id":"10049","nombre":"Capital","nombre_completo":"Departamento Capital","provincia":{"id":"10","nombre":"Catamarca","interseccion":0.003987971724977098},"fuente":"IGN","categoria":"Departamento","centroide":{"lon":-65.836726292,"lat":-28.411788965}}},
{"type":"Feature","geometry":{"type":"Polygon","coordinates":[[[-65.453916,-28.636659],[-65.625053,-28.603404],[-65.675039,-28.688555],[-65.651573,-28.780242],[-65.685098,-28.825346],[-65.645844,-28.896052],[-65.655008,-28.919493],[-65.604955,-29.021104],[-65.586468,-29.099751],[-65.609592,-29.25316],[-65.547965,-29.410238],[-65.561387,-29.517839],[-65.521296,-29.605139],[-65.536222,-29.515703],[-65.506053,-29.396647],[-65.505331,-29.247152],[-65.41671,-29.145643],[-65.383447,-29.103463],[-65.366778,-28.935003],[-65.306131,-28.827444],[-65.380895,-28.798423],[-65.282585,-28.640903],[-65.290351,-28.590091],[-65.357403,-28.627716],[-65.453916,-28.636659]]]},"properties":{"id":"10014","nombre":"Ancasti","nombre_completo":"Departamento Ancasti","provincia":{"id":"10","nombre":"Catamarca","interseccion":0.019629672338209118},"fuente":"IGN","categoria":"Departamento","centroide":{"lon":-65.504299178,"lat":-28.927413067}}},
{"type":"Feature","geometry":{"type":"Polygon","coordinates":[[[-66.096367,-27.9765],[-66.050133,-27.908572],[-66.070096,-27.83784],[-66.086699,-27.825913],[-66.084042,-27.782696],[-66.106875,-27.804807],[-66.18411,-27.829683],[-66.265626,-27.869426],[-66.385114,-27.869118],[-66.491635,-28.020494],[-66.740247,-28.019106],[-66.740475,-28.034987],[-66.844569,-28.034646],[-66.998191,-28.255059],[-66.57081,-28.288634],[-66.514028,-28.465432],[-66.496273,-28.531339],[-66.496217,-28.622294],[-66.378656,-28.713351],[-66.351513,-28.720946],[-66.388579,-28.80137],[-66.365858,-28.797856],[-66.265066,-28.630953],[-66.211111,-28.632254],[-66.085305,-28.453213],[-66.059881,-28.364466],[-66.056519,-28.310871],[-66.029116,-28.13619],[-66.096367,-27.9765]]]},"properties":{"id":"10084","nombre":"Pomán","nombre_completo":"Departamento Pomán","provincia":{"id":"10","nombre":"Catamarca","interseccion":0.049529557528674696},"fuente":"IGN","categoria":"Departamento","centroide":{"lon":-66.388804536,"lat":-28.233758906}}},
{"type":"Feature","geometry":{"type":"Polygon","coordinates":[[[-60.966443,-34.345827],[-61.041553,-34.283292],[-61.070098,-34.307214],[-61.098149,-34.284531],[-61.168395,-34.359374],[-61.275807,-34.401731],[-61.355509,-34.473947],[-61.275199,-34.541214],[-61.338484,-34.592169],[-61.204736,-34.702486],[-61.222551,-34.717368],[-61.151165,-34.777206],[-61.048176,-34.692906],[-60.903991,-34.810841],[-60.849248,-34.763019],[-60.815683,-34.789652],[-60.764489,-34.741034],[-60.795509,-34.717472],[-60.741446,-34.649115],[-60.646701,-34.53305],[-60.902675,-34.326078],[-60.966443,-34.345827]]]},"properties":{"id":"06413","nombre":"Junín","nombre_completo":"Partido de Junín","provincia":{"id":"06","nombre":"Buenos Aires","interseccion":0.007172017573561687},"fuente":"IGN","categoria":"Partido","centroide":{"lon":-61.005250128,"lat":-34.546475132}}},
{"type":"Feature","geometry":{"type":"Polygon","coordinates":[[[-58.973941,-35.58998],[-59.036087,-35.611699],[-59.080043,-35.60683],[-59.081544,-35.616297],[-59.142533,-35.625372],[-59.142051,-35.665715],[-58.974425,-35.816928],[-58.891825,-35.840171],[-58.749021,-35.98472],[-58.571854,-36.120966],[-58.282355,-35.860639],[-58.342751,-35.843587],[-58.41355,-35.814737],[-58.453639,-35.769544],[-58.52453,-35.722479],[-58.716016,-35.721729],[-58.787997,-35.700971],[-58.907598,-35.594087],[-58.973941,-35.58998]]]},"properties":{"id":"06301","nombre":"General Belgrano","nombre_completo":"Partido de General Belgrano","provincia":{"id":"06","nombre":"Buenos Aires","interseccion":0.0060014163554025415},"fuente":"IGN","categoria":"Partido","centroide":{"lon":-58.698079969,"lat":-35.834662347}}},
{"type":"Feature","geometry":{"type":"Polygon","coordinates":[[[-58.746748,-35.252702],[-58.811792,-35.242378],[-58.925107,-35.341701],[-59.02541,-35.352275],[-59.105369,-35.426747],[-59.009343,-35.479711],[-59.050381,-35.541627],[-58.973941,-35.58998],[-58.907598,-35.594087],[-58.787997,-35.700971],[-58.716016,-35.721729],[-58.52453,-35.722479],[-58.486524,-35.706937],[-58.568715,-35.595902],[-58.470486,-35.511942],[-58.663133,-35.354955],[-58.746748,-35.252702]]]},"properties":{"id":"06547","nombre":"Monte","nombre_completo":"Partido de Monte","provincia":{"id":"06","nombre":"Buenos Aires","interseccion":0.006035586000990452},"fuente":"IGN","categoria":"Partido","centroide":{"lon":-58.767235838,"lat":-35.509826758}}},
{"type":"Feature","geometry":{"type":"Polygon","coordinates":[[[-59.480334,-35.287301],[-59.506062,-35.289257],[-59.585763,-35.35996],[-59.825442,-35.407354],[-59.768671,-35.451043],[-59.775005,-35.478474],[-59.647722,-35.469241],[-59.620522,-35.45138],[-59.599757,-35.462708],[-59.524477,-35.456402],[-59.376959,-35.536879],[-59.41261,-35.586127],[-59.174878,-35.712006],[-59.131081,-35.698178],[-59.143014,-35.625621],[-59.031524,-35.605593],[-59.050381,-35.541627],[-59.009343,-35.479711],[-59.105369,-35.426747],[-59.167243,-35.405904],[-59.26286,-35.390682],[-59.322525,-35.374677],[-59.393378,-35.290948],[-59.468508,-35.307371],[-59.480334,-35.287301]]]},"properties":{"id":"06693","nombre":"Roque Pérez","nombre_completo":"Partido de Roque Pérez","provincia":{"id":"06","nombre":"Buenos Aires","interseccion":0.0050060228025621805},"fuente":"IGN","categoria":"Partido","centroide":{"lon":-59.357511816,"lat":-35.481635701}}},
{"type":"Feature","geometry":{"type":"Polygon","coordinates":[[[-60.532234,-36.412521],[-60.649975,-36.342881],[-60.762831,-36.378607],[-60.87544,-36.467829],[-60.896234,-36.451336],[-61.423479,-36.864583],[-61.010956,-37.203526],[-60.814527,-37.051239],[-60.731738,-37.140234],[-60.437154,-37.376819],[-60.277468,-37.249489],[-60.126382,-37.096824],[-60.106737,-36.980813],[-60.023421,-36.915576],[-60.001358,-36.835483],[-60.285566,-36.619947],[-60.326504,-36.652525],[-60.478052,-36.529731],[-60.532234,-36.412521]]]},"properties":{"id":"06595","nombre":"Olavarría","nombre_completo":"Partido de Olavarría","provincia":{"id":"06","nombre":"Buenos Aires","interseccion":0.02509081324574244},"fuente":"IGN","categoria":"Partido","centroide":{"lon":-60.670205401,"lat":-36.857634046}}},
{"type":"Feature","geometry":{"type":"Polygon","coordinates":[[[-58.636154,-34.715029],[-58.729025,-34.634784],[-58.757549,-34.660482],[-58.860294,-34.685206],[-58.750247,-34.777588],[-58.703884,-34.778711],[-58.657915,-34.753297],[-58.636154,-34.715029]]]},"properties":{"id":"06539","nombre":"Merlo","nombre_completo":"Partido de Merlo","provincia":{"id":"06","nombre":"Buenos Aires","interseccion":0.0005547620572639353},"fuente":"IGN","categoria":"Partido","centroide":{"lon":-58.741958414,"lat":-34.711003278}}},
{"type":"Feature","geometry":{"type":"Polygon","coordinates":[[[-54.613525,-26.933928],[-54.700954,-26.979055],[-54.756532,-26.946596],[-54.786473,-27.007869],[-54.886254,-26.981522],[-54.953859,-27.082729],[-55.011556,-27.062222],[-55.099341,-27.062425],[-55.100652,-27.183763],[-55.079756,-27.187982],[-54.93809,-27.370718],[-54.925254,-27.352907],[-54.832774,-27.356496],[-54.835141,-27.248647],[-54.700569,-27.212352],[-54.602599,-27.178386],[-54.593044,-27.219352],[-54.605605,-27.240739],[-54.51293,-27.260639],[-54.507679,-27.247823],[-54.526352,-27.234786],[-54.488068,-27.108312],[-54.540472,-27.092413],[-54.613525,-26.933928]]]},"properties":{"id":"54014","nombre":"Cainguás","nombre_completo":"Departamento Cainguás","provincia":{"id":"54","nombre":"Misiones","interseccion":0.05190154835766274},"fuente":"IGN","categoria":"Departamento","centroide":{"lon":-54.802343785,"lat":-27.147836577}}},
{"type":"Feature","geometry":{"type":"MultiPolygon","coordinates":[[[[-60.856758,-51.788557],[-61.02935,-51.779039],[-61.133832,-51.859617],[-60.994987,-51.989353],[-60.896834,-51.951807],[-60.856758,-51.788557]]],[[[-59.18909,-51.399373],[-59.358317,-51.359387],[-59.467494,-51.464646],[-59.573569,-51.434332],[-59.733423,-51.460625],[-59.95958,-51.395298],[-60.106536,-51.504657],[-60.455076,-51.437704],[-60.495032,-51.540073],[-60.273852,-51.610131],[-60.367672,-51.671458],[-60.641238,-51.728256],[-60.571116,-51.799307],[-60.382324,-51.717448],[-60.181672,-51.745857],[-60.449976,-51.875995],[-60.570335,-51.984327],[-60.846043,-51.954031],[-60.859629,-52.042026],[-60.616431,-52.258766],[-60.414473,-52.144635],[-60.266931,-52.090855],[-60.239051,-52.016762],[-59.858806,-51.963556],[-59.7469,-51.81613],[-59.63082,-51.755368],[-59.543474,-51.646678],[-59.440274,-51.634112],[-59.292239,-51.464784],[-59.18909,-51.399373]]],[[[-58.465187,-51.309801],[-58.672238,-51.333395],[-58.904636,-51.275534],[-58.868145,-51.378622],[-59.00559,-51.385217],[-59.178857,-51.584403],[-58.97718,-51.670652],[-59.214579,-51.717344],[-59.303471,-51.790836],[-59.497469,-51.83573],[-59.610339,-51.918097],[-59.55051,-52.067697],[-59.691256,-52.136798],[-59.553198,-52.204113],[-59.593802,-52.248166],[-59.384354,-52.318526],[-59.338896,-52.287496],[-59.435643,-52.152629],[-59.247809,-52.173921],[-59.104959,-52.241965],[-59.041034,-52.166577],[-58.85729,-52.053327],[-58.736223,-52.050115],[-58.626246,-51.965543],[-58.894161,-51.901946],[-58.302553,-51.885354],[-58.23428,-51.828126],[-58.035612,-51.758807],[-57.881709,-51.747252],[-57.783421,-51.616939],[-58.058531,-51.592088],[-58.102687,-51.530584],[-57.764105,-51.540428],[-57.851376,-51.413056],[-58.011165,-51.381771],[-58.282315,-51.390889],[-58.297974,-51.487123],[-58.241712,-51.571818],[-58.460541,-51.547393],[-58.314679,-51.415443],[-58.465187,-51.309801]]],[[[-35.791529,-54.766104],[-35.918533,-54.73144],[-35.928035,-54.62023],[-36.055994,-54.472585],[-36.294836,-54.269366],[-36.48489,-54.283651],[-36.623624,-54.236533],[-36.667219,-54.113635],[-37.134713,-54.04241],[-37.418504,-54.067771],[-37.43447,-54.003026],[-37.747806,-54.057563],[-37.732101,-54.138131],[-37.629546,-54.191336],[-37.4074,-54.152503],[-37.418131,-54.251227],[-37.220938,-54.238975],[-37.046602,-54.347357],[-36.853581,-54.354924],[-36.817946,-54.458414],[-36.464594,-54.531848],[-36.265591,-54.796535],[-35.981956,-54.881799],[-35.976574,-54.813812],[-35.791529,-54.766104]]],[[[-26.25207,-58.495076],[-26.275384,-58.418378],[-26.466228,-58.414437],[-26.364906,-58.509423],[-26.25207,-58.495076]]]]},"properties":{"id":"94021","nombre":"Islas del Atlántico Sur","nombre_completo":"Departamento Islas del Atlántico Sur","provincia":{"id":"94","nombre":"Tierra del Fuego, Antártida e Islas del Atlántico Sur","interseccion":0.0037310535774460127},"fuente":"IGN","categoria":"Departamento","centroide":{"lon":-53.402640216,"lat":-52.50066288}}},
{"type":"Feature","geometry":{"type":"Polygon","coordinates":[[[-59.553214,-36.006791],[-59.592439,-36.040529],[-59.718057,-36.105853],[-59.797111,-36.043748],[-59.966942,-36.248596],[-60.090175,-36.16134],[-60.245918,-36.303369],[-60.35968,-36.326405],[-60.523546,-36.214032],[-60.565185,-36.236201],[-60.699437,-36.135354],[-60.810381,-36.210357],[-60.799079,-36.231555],[-60.860253,-36.322509],[-60.929622,-36.424551],[-60.87544,-36.467829],[-60.762831,-36.378607],[-60.649975,-36.342881],[-60.532234,-36.412521],[-60.478052,-36.529731],[-60.326504,-36.652525],[-60.285566,-36.619947],[-60.161412,-36.719657],[-60.135004,-36.674827],[-60.062826,-36.731805],[-59.918892,-36.614812],[-60.023689,-36.531839],[-59.931181,-36.466614],[-59.727204,-36.288222],[-59.634577,-36.35887],[-59.382453,-36.135384],[-59.553214,-36.006791]]]},"properties":{"id":"06798","nombre":"Tapalqué","nombre_completo":"Partido de Tapalqué","provincia":{"id":"06","nombre":"Buenos Aires","interseccion":0.013554573928140823},"fuente":"IGN","categoria":"Partido","centroide":{"lon":-60.131065028,"lat":-36.34714364}}},
{"type":"Feature","geometry":{"type":"Polygon","coordinates":[[[-61.204736,-34.702486],[-61.246724,-34.668183],[-61.338484,-34.592169],[-61.436411,-34.671162],[-61.516405,-34.603201],[-61.644585,-34.683654],[-61.772899,-34.676405],[-61.673472,-34.760952],[-61.902716,-34.952754],[-61.9832,-34.886031],[-62.185372,-35.0507],[-62.166223,-35.067128],[-62.270612,-35.151768],[-62.210043,-35.201858],[-62.225018,-35.214139],[-61.783275,-35.585449],[-61.300941,-35.185202],[-61.419742,-35.087908],[-61.127689,-34.847407],[-61.182368,-34.802214],[-61.151165,-34.777206],[-61.222551,-34.717368],[-61.204736,-34.702486]]]},"properties":{"id":"06469","nombre":"Lincoln","nombre_completo":"Partido de Lincoln","provincia":{"id":"06","nombre":"Buenos Aires","interseccion":0.01849595858210462},"fuente":"IGN","categoria":"Partido","centroide":{"lon":-61.682458385,"lat":-35.07044797}}},
{"type":"Feature","geometry":{"type":"Polygon","coordinates":[[[-60.471735,-37.349229],[-60.731738,-37.140234],[-60.814527,-37.051239],[-61.010956,-37.203526],[-60.891327,-37.302355],[-60.975452,-37.36813],[-60.878539,-37.451456],[-61.178034,-37.680843],[-60.851948,-37.940792],[-60.556671,-37.720854],[-60.58083,-37.700807],[-60.452736,-37.601036],[-60.46588,-37.590272],[-60.349195,-37.496044],[-60.502677,-37.3735],[-60.471735,-37.349229]]]},"properties":{"id":"06448","nombre":"Laprida","nombre_completo":"Partido de Laprida","provincia":{"id":"06","nombre":"Buenos Aires","interseccion":0.011381987339045743},"fuente":"IGN","categoria":"Partido","centroide":{"lon":-60.768148181,"lat":-37.516505585}}},
{"type":"Feature","geometry":{"type":"Polygon","coordinates":[[[-58.553764,-34.530205],[-58.4794,-34.489761],[-58.514155,-34.443526],[-58.600303,-34.490354],[-58.553764,-34.530205]]]},"properties":{"id":"06756","nombre":"San Isidro","nombre_completo":"Partido de San Isidro","provincia":{"id":"06","nombre":"Buenos Aires","interseccion":0.00016650060207031595},"fuente":"IGN","categoria":"Partido","centroide":{"lon":-58.537209077,"lat":-34.486892954}}},
{"type":"Feature","geometry":{"type":"Polygon","coordinates":[[[-59.986742,-37.339941],[-60.200584,-37.178043],[-60.437154,-37.376819],[-60.471735,-37.349229],[-60.502677,-37.3735],[-60.349195,-37.496044],[-60.46588,-37.590272],[-60.378022,-37.662685],[-60.424207,-37.697668],[-60.323435,-37.776369],[-60.261959,-37.728752],[-60.089129,-37.851671],[-60.018164,-37.860745],[-59.936614,-37.794446],[-59.673675,-37.979546],[-59.383349,-37.758604],[-59.225977,-37.650843],[-59.779743,-37.238388],[-59.811552,-37.256322],[-59.826494,-37.31093],[-59.953258,-37.447512],[-59.986742,-37.339941]]]},"properties":{"id":"06084","nombre":"Benito Juárez","nombre_completo":"Partido de Benito Juárez","provincia":{"id":"06","nombre":"Buenos Aires","interseccion":0.017630699095665888},"fuente":"IGN","categoria":"Partido","centroide":{"lon":-59.888397841,"lat":-37.586110706}}},
{"type":"Feature","geometry":{"type":"Polygon","coordinates":[[[-61.062694,-34.039381],[-60.906517,-33.887309],[-60.942796,-33.85686],[-60.861294,-33.780965],[-60.810809,-33.674801],[-60.934033,-33.654727],[-61.331409,-34.025678],[-61.209891,-34.125642],[-61.175017,-34.095284],[-61.062694,-34.039381]]]},"properties":{"id":"06175","nombre":"Colón","nombre_completo":"Partido de Colón","provincia":{"id":"06","nombre":"Buenos Aires","interseccion":0.0031442828625256034},"fuente":"IGN","categoria":"Partido","centroide":{"lon":-61.062483729,"lat":-33.885864544}}},
{"type":"Feature","geometry":{"type":"Polygon","coordinates":[[[-61.712556,-26.809114],[-62.06466,-26.809429],[-62.064821,-26.789884],[-62.504222,-26.787217],[-62.504024,-26.83267],[-62.928476,-26.820257],[-62.929303,-26.793736],[-63.233593,-26.794241],[-63.240822,-27.108496],[-63.222201,-27.149493],[-63.255199,-27.312091],[-63.208,-27.321496],[-63.183905,-27.547459],[-63.223496,-27.728033],[-62.948568,-27.751464],[-62.884297,-27.819759],[-62.231979,-27.819882],[-62.231422,-27.790473],[-61.711901,-27.797181],[-61.712556,-26.809114]]]},"properties":{"id":"86119","nombre":"Moreno","nombre_completo":"Departamento Moreno","provincia":{"id":"86","nombre":"Santiago del Estero","interseccion":0.11925899454866022},"fuente":"IGN","categoria":"Departamento","centroide":{"lon":-62.463902654,"lat":-27.298200656}}},
{"type":"Feature","geometry":{"type":"Polygon","coordinates":[[[-62.625748,-36.50236],[-62.939748,-36.248841],[-62.978901,-36.280138],[-63.048637,-36.415414],[-63.127556,-36.479504],[-62.816036,-36.731947],[-62.607583,-36.561423],[-62.625748,-36.50236]]]},"properties":{"id":"06847","nombre":"Tres Lomas","nombre_completo":"Partido de Tres Lomas","provincia":{"id":"06","nombre":"Buenos Aires","interseccion":0.004078918964452557},"fuente":"IGN","categoria":"Partido","centroide":{"lon":-62.863907773,"lat":-36.497100216}}},
{"type":"Feature","geometry":{"type":"Polygon","coordinates":[[[-60.695447,-35.968815],[-60.867915,-35.840008],[-60.969673,-35.926616],[-61.035297,-35.876663],[-61.439692,-36.214419],[-61.406099,-36.240961],[-61.724667,-36.494265],[-61.685623,-36.535906],[-61.616876,-36.569896],[-61.664098,-36.606887],[-61.497217,-36.744068],[-61.36885,-36.640992],[-61.254822,-36.734982],[-60.896234,-36.451336],[-60.929622,-36.424551],[-60.860253,-36.322509],[-60.799079,-36.231555],[-60.810381,-36.210357],[-60.727343,-36.13721],[-60.634758,-36.110023],[-60.57241,-36.028751],[-60.638071,-35.921069],[-60.695447,-35.968815]]]},"properties":{"id":"06105","nombre":"Bolívar","nombre_completo":"Partido de Bolívar","provincia":{"id":"06","nombre":"Buenos Aires","interseccion":0.01603647256003602},"fuente":"IGN","categoria":"Partido","centroide":{"lon":-61.149860085,"lat":-36.298947958}}},
{"type":"Feature","geometry":{"type":"Polygon","coordinates":[[[-57.096832,-27.665062],[-56.944241,-27.572044],[-56.974307,-27.495234],[-57.254562,-27.473549],[-57.303886,-27.550707],[-57.422867,-27.653563],[-57.593285,-27.766373],[-57.726868,-27.93218],[-57.777597,-27.971318],[-57.627571,-28.136196],[-57.604725,-28.252985],[-57.680553,-28.319607],[-57.658833,-28.410524],[-57.644291,-28.419729],[-57.589853,-28.37517],[-57.510433,-28.340254],[-57.442059,-28.269846],[-57.398335,-28.1483],[-57.412785,-28.069336],[-57.354622,-27.934608],[-57.194695,-27.807371],[-57.096832,-27.665062]]]},"properties":{"id":"18154","nombre":"San Miguel","nombre_completo":"Departamento San Miguel","provincia":{"id":"18","nombre":"Corrientes","interseccion":0.03406396778830746},"fuente":"IGN","categoria":"Departamento","centroide":{"lon":-57.410042173,"lat":-27.875859657}}},
{"type":"Feature","geometry":{"type":"Polygon","coordinates":[[[-58.596397,-27.647038],[-58.727235,-27.627213],[-58.804003,-27.654654],[-58.809708,-27.783407],[-58.844006,-27.880447],[-58.829262,-27.961873],[-58.857739,-28.011612],[-58.859734,-28.050318],[-58.952965,-28.137106],[-59.087635,-28.171772],[-59.087678,-28.20177],[-59.061775,-28.192995],[-59.030342,-28.190832],[-59.0116,-28.187397],[-58.992298,-28.17289],[-58.976071,-28.19468],[-58.874566,-28.175848],[-58.855801,-28.17503],[-58.835164,-28.166887],[-58.817584,-28.122003],[-58.638569,-28.039007],[-58.630909,-28.022553],[-58.580823,-27.995351],[-58.465427,-27.97023],[-58.438828,-27.994385],[-58.303917,-27.953382],[-58.328262,-27.85288],[-58.385864,-27.784874],[-58.49754,-27.728188],[-58.601025,-27.718502],[-58.596397,-27.647038]]]},"properties":{"id":"18042","nombre":"Empedrado","nombre_completo":"Departamento Empedrado","provincia":{"id":"18","nombre":"Corrientes","interseccion":0.021839984716697833},"fuente":"IGN","categoria":"Departamento","centroide":{"lon":-58.6658403,"lat":-27.896112665}}},
{"type":"Feature","geometry":{"type":"Polygon","coordinates":[[[-58.204319,-35.825715],[-58.263821,-35.823052],[-58.271799,-35.858634],[-58.571854,-36.120966],[-58.70753,-36.01728],[-58.828857,-36.110816],[-58.763092,-36.208308],[-58.579097,-36.347371],[-58.213064,-36.615489],[-58.101463,-36.521294],[-58.189421,-36.452361],[-57.959721,-36.252922],[-58.093219,-36.154813],[-57.966803,-36.064632],[-58.033108,-36.014475],[-58.008142,-35.960545],[-58.090674,-35.939232],[-58.147228,-35.866575],[-58.185232,-35.863478],[-58.204319,-35.825715]]]},"properties":{"id":"06630","nombre":"Pila","nombre_completo":"Partido de Pila","provincia":{"id":"06","nombre":"Buenos Aires","interseccion":0.011196120457295091},"fuente":"IGN","categoria":"Partido","centroide":{"lon":-58.340443051,"lat":-36.202984224}}},
{"type":"Feature","geometry":{"type":"Polygon","coordinates":[[[-66.734711,-28.852306],[-66.836624,-28.627951],[-67.011925,-28.603785],[-67.023186,-28.635773],[-67.06469,-28.652649],[-67.068665,-28.71863],[-67.142181,-28.848173],[-67.044434,-28.971107],[-66.96254,-29.00922],[-66.943291,-29.10899],[-66.86219,-29.174427],[-66.832169,-29.151594],[-66.775421,-29.049044],[-66.734711,-28.852306]]]},"properties":{"id":"46021","nombre":"Castro Barros","nombre_completo":"Departamento Castro Barros","provincia":{"id":"46","nombre":"La Rioja","interseccion":0.016578334397668114},"fuente":"IGN","categoria":"Departamento","centroide":{"lon":-66.918584756,"lat":-28.859982948}}},
{"type":"Feature","geometry":{"type":"Polygon","coordinates":[[[-64.480943,-35.011517],[-64.581785,-35.011527],[-65.106759,-35.01533],[-65.107583,-35.801212],[-64.4932,-35.810673],[-64.480943,-35.011517]]]},"properties":{"id":"42126","nombre":"Rancul","nombre_completo":"Departamento Rancul","provincia":{"id":"42","nombre":"La Pampa","interseccion":0.03384848874483481},"fuente":"IGN","categoria":"Departamento","centroide":{"lon":-64.79620577,"lat":-35.408324405}}},
{"type":"Feature","geometry":{"type":"Polygon","coordinates":[[[-54.700954,-26.979055],[-54.659249,-26.966629],[-54.793449,-26.666248],[-54.801548,-26.649533],[-54.942158,-26.68238],[-54.95626,-26.781356],[-55.057543,-26.798985],[-55.13406,-26.857284],[-55.13206,-26.944512],[-55.206881,-26.999223],[-55.179983,-27.026716],[-55.011556,-27.062222],[-54.953859,-27.082729],[-54.886254,-26.981522],[-54.786473,-27.007869],[-54.756532,-26.946596],[-54.700954,-26.979055]]]},"properties":{"id":"54077","nombre":"Libertador General San Martín","nombre_completo":"Departamento Libertador General San Martín","provincia":{"id":"54","nombre":"Misiones","interseccion":0.04890165970054607},"fuente":"IGN","categoria":"Departamento","centroide":{"lon":-54.923362961,"lat":-26.89314489}}},
{"type":"Feature","geometry":{"type":"Polygon","coordinates":[[[-68.637709,-32.833743],[-68.826347,-32.876739],[-68.839026,-32.929283],[-68.825678,-32.92201],[-68.721265,-32.944761],[-68.66137,-32.915592],[-68.651205,-32.841694],[-68.637709,-32.833743]]]},"properties":{"id":"50028","nombre":"Guaymallén","nombre_completo":"Departamento Guaymallén","provincia":{"id":"50","nombre":"Mendoza","interseccion":0.0010668395778545446},"fuente":"IGN","categoria":"Departamento","centroide":{"lon":-68.733303493,"lat":-32.892974815}}},
{"type":"Feature","geometry":{"type":"Polygon","coordinates":[[[-63.385171,-36.807848],[-63.952545,-36.806188],[-64.169899,-36.805552],[-64.174235,-37.25687],[-63.38534,-37.258935],[-63.385171,-36.807848]]]},"properties":{"id":"42007","nombre":"Atreucó","nombre_completo":"Departamento Atreucó","provincia":{"id":"42","nombre":"La Pampa","interseccion":0.024444264388557346},"fuente":"IGN","categoria":"Departamento","centroide":{"lon":-63.778884953,"lat":-37.032494404}}},
{"type":"Feature","geometry":{"type":"Polygon","coordinates":[[[-61.382702,-33.366514],[-61.347199,-33.413215],[-61.416516,-33.45054],[-61.125074,-33.833905],[-60.934033,-33.654727],[-60.918108,-33.58837],[-60.781951,-33.578969],[-60.684582,-33.585157],[-60.556949,-33.646598],[-60.463407,-33.634615],[-60.45738,-33.58236],[-60.413831,-33.545012],[-60.410217,-33.467886],[-60.323963,-33.350753],[-60.264612,-33.281316],[-60.272714,-33.263863],[-60.297829,-33.242284],[-60.329475,-33.176849],[-60.333292,-33.21455],[-60.40258,-33.202726],[-60.49149,-33.315064],[-60.579748,-33.361901],[-60.711278,-33.307414],[-60.759675,-33.310795],[-60.791615,-33.274931],[-60.819877,-33.266556],[-60.894599,-33.293708],[-60.933745,-33.356879],[-61.066813,-33.429335],[-61.074989,-33.419047],[-61.188837,-33.491621],[-61.313782,-33.329084],[-61.382702,-33.366514]]]},"properties":{"id":"82028","nombre":"Constitución","nombre_completo":"Departamento Constitución","provincia":{"id":"82","nombre":"Santa Fe","interseccion":0.024354567772595127},"fuente":"IGN","categoria":"Departamento","centroide":{"lon":-60.83740013,"lat":-33.487139917}}},
{"type":"Feature","geometry":{"type":"Polygon","coordinates":[[[-61.06195,-33.090011],[-61.207199,-32.902701],[-61.246233,-32.943183],[-61.296765,-32.986913],[-61.635657,-33.066655],[-61.663449,-33.091601],[-61.701136,-33.093937],[-61.743878,-33.073054],[-61.795935,-33.014465],[-61.896648,-33.112544],[-61.923249,-33.119581],[-62.131135,-33.397569],[-61.969436,-33.433803],[-61.910255,-33.511215],[-61.674763,-33.37764],[-61.607372,-33.286881],[-61.515909,-33.406103],[-61.470455,-33.380616],[-61.452371,-33.404411],[-61.313782,-33.329084],[-61.188837,-33.491621],[-61.074989,-33.419047],[-61.129567,-33.349297],[-61.168606,-33.243838],[-61.154842,-33.164672],[-61.06195,-33.090011]]]},"properties":{"id":"82014","nombre":"Caseros","nombre_completo":"Departamento Caseros","provincia":{"id":"82","nombre":"Santa Fe","interseccion":0.02681277568145202},"fuente":"IGN","categoria":"Departamento","centroide":{"lon":-61.54286212,"lat":-33.224973938}}},
{"type":"Feature","geometry":{"type":"Polygon","coordinates":[[[-60.658922,-32.833918],[-60.781536,-32.838679],[-60.842348,-32.820071],[-60.877885,-32.953012],[-60.991511,-33.033095],[-60.912189,-33.094549],[-60.942514,-33.155495],[-61.001614,-33.247383],[-60.92414,-33.339684],[-60.888991,-33.290054],[-60.804328,-33.265988],[-60.711278,-33.307414],[-60.579748,-33.361901],[-60.49149,-33.315064],[-60.40258,-33.202726],[-60.333292,-33.21455],[-60.398004,-33.186843],[-60.513184,-33.112915],[-60.681398,-32.871564],[-60.658922,-32.833918]]]},"properties":{"id":"82084","nombre":"Rosario","nombre_completo":"Departamento Rosario","provincia":{"id":"82","nombre":"Santa Fe","interseccion":0.015268244372427431},"fuente":"IGN","categoria":"Departamento","centroide":{"lon":-60.723242232,"lat":-33.117847265}}},
{"type":"Feature","geometry":{"type":"Polygon","coordinates":[[[-60.747375,-32.554321],[-60.860205,-32.502068],[-60.842397,-32.590679],[-60.874438,-32.680302],[-60.888647,-32.668882],[-60.994258,-32.693607],[-61.054691,-32.77002],[-61.062543,-32.802532],[-61.207199,-32.902701],[-61.06195,-33.090011],[-61.154842,-33.164672],[-61.168606,-33.243838],[-61.129567,-33.349297],[-61.066813,-33.429335],[-60.92414,-33.339684],[-61.001614,-33.247383],[-60.942514,-33.155495],[-60.912189,-33.094549],[-60.991511,-33.033095],[-60.877885,-32.953012],[-60.842348,-32.820071],[-60.781536,-32.838679],[-60.658922,-32.833918],[-60.716003,-32.773621],[-60.747375,-32.554321]]]},"properties":{"id":"82119","nombre":"San Lorenzo","nombre_completo":"Departamento San Lorenzo","provincia":{"id":"82","nombre":"Santa Fe","interseccion":0.014502816041853942},"fuente":"IGN","categoria":"Departamento","centroide":{"lon":-60.964007888,"lat":-32.941332536}}},
{"type":"Feature","geometry":{"type":"Polygon","coordinates":[[[-60.896693,-32.467448],[-61.19277,-32.438832],[-61.437693,-32.393785],[-61.532836,-32.846619],[-61.642431,-32.883241],[-61.712784,-33.090654],[-61.649399,-33.088897],[-61.635657,-33.066655],[-61.296765,-32.986913],[-61.246233,-32.943183],[-61.178001,-32.857238],[-61.062543,-32.802532],[-61.054691,-32.77002],[-60.995131,-32.694171],[-60.888647,-32.668882],[-60.874438,-32.680302],[-60.842397,-32.590679],[-60.860205,-32.502068],[-60.867643,-32.451598],[-60.896693,-32.467448]]]},"properties":{"id":"82056","nombre":"Iriondo","nombre_completo":"Departamento Iriondo","provincia":{"id":"82","nombre":"Santa Fe","interseccion":0.02466278868428208},"fuente":"IGN","categoria":"Departamento","centroide":{"lon":-61.273387709,"lat":-32.706083609}}},
{"type":"Feature","geometry":{"type":"Polygon","coordinates":[[[-65.722338,-26.521405],[-65.721542,-26.542421],[-65.755589,-26.601056],[-65.694986,-26.717768],[-65.651388,-26.756759],[-65.515817,-26.748104],[-65.444312,-26.799842],[-65.427162,-26.767596],[-65.396307,-26.786624],[-65.359718,-26.725498],[-65.258597,-26.751374],[-65.160966,-26.790937],[-65.191804,-26.640974],[-65.171896,-26.578423],[-65.191423,-26.580735],[-65.183405,-26.533293],[-65.221235,-26.571436],[-65.234039,-26.580618],[-65.330495,-26.610282],[-65.392534,-26.619881],[-65.55989,-26.534774],[-65.650987,-26.524504],[-65.722338,-26.521405]]]},"properties":{"id":"90105","nombre":"Tafí Viejo","nombre_completo":"Departamento Tafí Viejo","provincia":{"id":"90","nombre":"Tucumán","interseccion":0.051819330596633933},"fuente":"IGN","categoria":"Departamento","centroide":{"lon":-65.46407393,"lat":-26.660149145}}},
{"type":"Feature","geometry":{"type":"Polygon","coordinates":[[[-66.86219,-29.174427],[-66.943291,-29.10899],[-66.96254,-29.00922],[-67.044434,-28.971107],[-67.142181,-28.848173],[-67.210281,-28.975138],[-67.21743,-29.047279],[-67.199104,-29.113386],[-67.218681,-29.136675],[-67.180923,-29.274517],[-67.150635,-29.295511],[-67.078735,-29.422981],[-67.029678,-29.427347],[-66.948204,-29.361061],[-66.898094,-29.254398],[-66.86219,-29.174427]]]},"properties":{"id":"46126","nombre":"Sanagasta","nombre_completo":"Departamento Sanagasta","provincia":{"id":"46","nombre":"La Rioja","interseccion":0.014192371124769967},"fuente":"IGN","categoria":"Departamento","centroide":{"lon":-67.065883634,"lat":-29.15852697}}},
{"type":"Feature","geometry":{"type":"Polygon","coordinates":[[[-62.789667,-41.024164],[-62.710424,-41.037676],[-62.553041,-40.959188],[-62.310693,-40.869816],[-62.172589,-40.584828],[-62.418947,-40.463666],[-62.489403,-40.317686],[-62.33889,-40.186875],[-62.331094,-39.915772],[-62.166528,-39.830179],[-62.370786,-39.775662],[-62.375086,-39.764014],[-62.476386,-39.693672],[-62.475051,-39.628245],[-62.616835,-39.548087],[-62.69157,-39.53479],[-62.754412,-39.506181],[-62.958821,-39.517566],[-63.113111,-39.451769],[-63.239324,-39.366346],[-63.383269,-39.328492],[-63.379348,-40.710371],[-63.192082,-40.716685],[-62.957589,-40.81811],[-62.789667,-41.024164]]]},"properties":{"id":"06602","nombre":"Patagones","nombre_completo":"Partido de Patagones","provincia":{"id":"06","nombre":"Buenos Aires","interseccion":0.0466025403566978},"fuente":"IGN","categoria":"Partido","centroide":{"lon":-62.850802363,"lat":-40.196383308}}},
{"type":"Feature","geometry":{"type":"Polygon","coordinates":[[[-67.014413,-33.10459],[-67.01398,-33.085722],[-67.183481,-33.087025],[-67.18433,-33.128921],[-67.167223,-33.166178],[-67.152606,-33.412153],[-67.095979,-33.503497],[-67.065912,-33.549979],[-66.949449,-33.731333],[-66.873256,-33.832946],[-66.804389,-33.860908],[-66.663207,-33.98628],[-66.708247,-34.024731],[-66.72946,-34.207391],[-66.747999,-34.222447],[-66.78426,-34.232558],[-66.801194,-34.258365],[-66.776119,-34.298614],[-66.802799,-34.305715],[-66.799531,-34.335739],[-66.786874,-34.377675],[-66.795312,-34.411367],[-66.754372,-34.443125],[-66.765167,-34.550917],[-66.712036,-34.628376],[-66.69011,-34.690731],[-66.647346,-34.743403],[-66.530084,-34.812145],[-66.447017,-34.8239],[-66.099437,-34.772371],[-65.976425,-34.778612],[-66.009651,-34.712349],[-66.012969,-34.421448],[-65.99609,-34.401049],[-66.005321,-34.044008],[-66.142375,-34.007197],[-66.11949,-33.860574],[-66.220158,-33.837065],[-66.165555,-33.654807],[-66.13569,-33.389875],[-66.110121,-33.383434],[-66.102543,-33.277293],[-66.228309,-33.168576],[-66.215174,-33.129303],[-66.361068,-33.128685],[-66.363213,-33.101792],[-66.515381,-33.108541],[-66.580672,-33.18516],[-66.800056,-33.115031],[-66.80995,-33.170396],[-66.973349,-33.140801],[-67.014413,-33.10459]]]},"properties":{"id":"74056","nombre":"Juan Martín de Pueyrredón","nombre_completo":"Departamento Juan Martín de Pueyrredón","provincia":{"id":"74","nombre":"San Luis","interseccion":0.1797416975487319},"fuente":"IGN","categoria":"Departamento","centroide":{"lon":-66.502440226,"lat":-33.900714617}}},
{"type":"Feature","geometry":{"type":"Polygon","coordinates":[[[-65.17005,-32.926011],[-65.283225,-32.906557],[-65.479039,-32.95984],[-65.559996,-33.006407],[-65.616629,-33.075557],[-65.607786,-33.285603],[-65.563708,-33.411776],[-65.557004,-33.469822],[-65.735469,-33.469994],[-65.792911,-33.507467],[-66.048597,-33.375597],[-66.13569,-33.389875],[-66.165555,-33.654807],[-66.220158,-33.837065],[-66.11949,-33.860574],[-66.142375,-34.007197],[-66.005321,-34.044008],[-65.99609,-34.401049],[-66.012969,-34.421448],[-66.009651,-34.712349],[-65.669827,-34.712299],[-65.567979,-34.668866],[-65.252487,-34.667778],[-65.251982,-34.652965],[-65.105896,-34.65324],[-65.109226,-33.950569],[-65.142999,-33.194775],[-65.070801,-33.138277],[-64.999704,-33.002665],[-65.013894,-32.961802],[-65.17005,-32.926011]]]},"properties":{"id":"74035","nombre":"General Pedernera","nombre_completo":"Departamento General Pedernera","provincia":{"id":"74","nombre":"San Luis","interseccion":0.19704776806641514},"fuente":"IGN","categoria":"Departamento","centroide":{"lon":-65.559774563,"lat":-33.892224445}}},
{"type":"Feature","geometry":{"type":"Polygon","coordinates":[[[-66.480667,-31.095749],[-67.066866,-31.084046],[-67.101229,-31.382986],[-66.951966,-31.633298],[-66.868184,-31.633298],[-66.825261,-31.761347],[-66.505257,-31.767111],[-66.311188,-31.826946],[-66.260788,-31.685463],[-66.293068,-31.53656],[-66.356789,-31.431215],[-66.341103,-31.258141],[-66.265259,-31.203176],[-66.308075,-31.18865],[-66.419266,-31.187534],[-66.480667,-31.095749]]]},"properties":{"id":"46112","nombre":"Rosario Vera Peñaloza","nombre_completo":"Departamento Rosario Vera Peñaloza","provincia":{"id":"46","nombre":"La Rioja","interseccion":0.0552984961866907},"fuente":"IGN","categoria":"Departamento","centroide":{"lon":-66.67416413,"lat":-31.422983453}}},
{"type":"Feature","geometry":{"type":"Polygon","coordinates":[[[-67.07991,-45.046268],[-66.359198,-45.039739],[-66.192685,-44.981951],[-65.87298,-45.002252],[-65.611322,-45.033813],[-65.572889,-44.895607],[-65.724536,-44.856523],[-65.688636,-44.716551],[-65.464431,-44.576847],[-65.381299,-44.575092],[-65.334459,-44.456],[-65.216735,-44.366741],[-65.311773,-44.204271],[-65.220402,-44.13679],[-65.353212,-43.758739],[-66.459299,-43.782024],[-66.43261,-43.859138],[-66.485252,-43.965725],[-66.628487,-44.019592],[-66.694481,-44.191696],[-66.798882,-44.262852],[-66.83461,-44.387577],[-66.931267,-44.480919],[-66.974312,-44.592419],[-67.015818,-44.651926],[-67.048195,-44.668427],[-67.092657,-44.721024],[-67.07991,-45.046268]]]},"properties":{"id":"26028","nombre":"Florentino Ameghino","nombre_completo":"Departamento Florentino Ameghino","provincia":{"id":"26","nombre":"Chubut","interseccion":0.07144458608280323},"fuente":"IGN","categoria":"Departamento","centroide":{"lon":-66.130264108,"lat":-44.423136927}}},
{"type":"Feature","geometry":{"type":"Polygon","coordinates":[[[-65.511271,-27.614121],[-65.532296,-27.622768],[-65.547585,-27.6092],[-65.672107,-27.636182],[-65.710238,-27.60972],[-65.752689,-27.65699],[-65.770008,-27.741272],[-65.719306,-27.816268],[-65.666266,-27.973235],[-65.612599,-27.991293],[-65.576328,-28.014123],[-65.500113,-27.92414],[-65.436201,-27.886491],[-65.414937,-27.796494],[-65.503933,-27.738183],[-65.511271,-27.614121]]]},"properties":{"id":"90049","nombre":"La Cocha","nombre_completo":"Departamento La Cocha","provincia":{"id":"90","nombre":"Tucumán","interseccion":0.042774614431169394},"fuente":"IGN","categoria":"Departamento","centroide":{"lon":-65.597787708,"lat":-27.794060481}}},
{"type":"Feature","geometry":{"type":"Polygon","coordinates":[[[-65.341667,-27.537119],[-65.518329,-27.549329],[-65.535178,-27.621513],[-65.511271,-27.614121],[-65.503933,-27.738183],[-65.414937,-27.796494],[-65.436201,-27.886491],[-65.364667,-27.845792],[-65.170798,-27.946465],[-65.178132,-27.916417],[-65.039037,-27.879261],[-64.986025,-27.741646],[-65.027115,-27.587145],[-65.024248,-27.559542],[-65.115061,-27.568189],[-65.168706,-27.565586],[-65.341667,-27.537119]]]},"properties":{"id":"90035","nombre":"Graneros","nombre_completo":"Departamento Graneros","provincia":{"id":"90","nombre":"Tucumán","interseccion":0.07536778713990287},"fuente":"IGN","categoria":"Departamento","centroide":{"lon":-65.255036028,"lat":-27.713277596}}},
{"type":"Feature","geometry":{"type":"Polygon","coordinates":[[[-65.758568,-27.526786],[-65.878695,-27.514593],[-65.931572,-27.438435],[-65.97573,-27.493506],[-65.915396,-27.66914],[-65.865487,-27.689008],[-65.828908,-27.812795],[-65.820693,-27.820355],[-65.753235,-27.76997],[-65.770008,-27.741272],[-65.752689,-27.65699],[-65.710238,-27.60972],[-65.672107,-27.636182],[-65.549641,-27.608981],[-65.535172,-27.621489],[-65.516747,-27.550285],[-65.601425,-27.515847],[-65.758568,-27.526786]]]},"properties":{"id":"90042","nombre":"Juan Bautista Alberdi","nombre_completo":"Departamento Juan Bautista Alberdi","provincia":{"id":"90","nombre":"Tucumán","interseccion":0.032836071439247966},"fuente":"IGN","categoria":"Departamento","centroide":{"lon":-65.783191259,"lat":-27.606075702}}},
{"type":"Feature","geometry":{"type":"Polygon","coordinates":[[[-65.612311,-27.409176],[-65.719714,-27.35697],[-65.792869,-27.356211],[-65.901146,-27.367397],[-65.930335,-27.383345],[-65.96753,-27.399075],[-65.931572,-27.438435],[-65.878695,-27.514593],[-65.758568,-27.526786],[-65.726669,-27.541539],[-65.662725,-27.520273],[-65.593165,-27.516422],[-65.545089,-27.541513],[-65.532191,-27.484938],[-65.558428,-27.47997],[-65.604662,-27.409998],[-65.612311,-27.409176]]]},"properties":{"id":"90077","nombre":"Río Chico","nombre_completo":"Departamento Río Chico","provincia":{"id":"90","nombre":"Tucumán","interseccion":0.027214563167420668},"fuente":"IGN","categoria":"Departamento","centroide":{"lon":-65.751826639,"lat":-27.450120354}}},
{"type":"Feature","geometry":{"type":"Polygon","coordinates":[[[-65.335006,-27.216514],[-65.446047,-27.216926],[-65.470072,-27.299977],[-65.460919,-27.327029],[-65.487186,-27.404635],[-65.558428,-27.47997],[-65.532191,-27.484938],[-65.545089,-27.541513],[-65.407263,-27.540375],[-65.348071,-27.524316],[-65.341667,-27.537119],[-65.168706,-27.565586],[-65.115061,-27.568189],[-65.024248,-27.559542],[-64.991676,-27.571277],[-64.973592,-27.562711],[-64.972641,-27.498703],[-65.037928,-27.479267],[-65.063131,-27.44233],[-65.063288,-27.46163],[-65.088642,-27.438572],[-65.111454,-27.426428],[-65.157239,-27.371957],[-65.300805,-27.267266],[-65.335006,-27.216514]]]},"properties":{"id":"90091","nombre":"Simoca","nombre_completo":"Departamento Simoca","provincia":{"id":"90","nombre":"Tucumán","interseccion":0.05946929153886762},"fuente":"IGN","categoria":"Departamento","centroide":{"lon":-65.292484779,"lat":-27.423837061}}},
{"type":"Feature","geometry":{"type":"Polygon","coordinates":[[[-65.922897,-27.095654],[-66.005688,-27.103609],[-66.078763,-27.209464],[-66.109951,-27.215521],[-66.029273,-27.298152],[-65.973092,-27.331617],[-65.96753,-27.399075],[-65.930335,-27.383345],[-65.900548,-27.367221],[-65.727965,-27.355347],[-65.618347,-27.420073],[-65.612311,-27.409176],[-65.604662,-27.409998],[-65.487186,-27.404635],[-65.460919,-27.327029],[-65.517313,-27.292433],[-65.696915,-27.20156],[-65.795946,-27.195064],[-65.823072,-27.136887],[-65.922897,-27.095654]]]},"properties":{"id":"90021","nombre":"Chicligasta","nombre_completo":"Departamento Chicligasta","provincia":{"id":"90","nombre":"Tucumán","interseccion":0.05737076481113552},"fuente":"IGN","categoria":"Departamento","centroide":{"lon":-65.811063721,"lat":-27.269601868}}},
{"type":"Feature","geometry":{"type":"Polygon","coordinates":[[[-69.62981,-28.393692],[-69.662334,-28.58301],[-69.73142,-28.684033],[-69.692902,-28.770896],[-69.765702,-28.898793],[-69.754408,-28.984239],[-69.788285,-29.13314],[-69.876121,-29.138899],[-69.938155,-29.249921],[-69.99799,-29.285798],[-70.021276,-29.3844],[-69.966313,-29.414223],[-69.939526,-29.654419],[-69.878671,-29.725808],[-69.914848,-29.792706],[-69.888515,-29.904588],[-69.915414,-30.025584],[-69.96487,-30.085446],[-69.809442,-30.154777],[-69.883916,-30.270706],[-69.827231,-30.368612],[-69.780504,-30.419682],[-69.72839,-30.541067],[-69.702733,-30.61472],[-69.632139,-30.624057],[-69.603969,-30.664474],[-69.335422,-30.698435],[-69.145294,-30.778708],[-69.088586,-30.728861],[-69.120605,-30.650343],[-68.984899,-30.5518],[-69.00672,-30.545928],[-69.062253,-30.468311],[-69.03916,-30.294901],[-69.071504,-30.072382],[-69.029866,-29.984434],[-69.027669,-29.871184],[-69.020123,-29.814839],[-69.014768,-29.699123],[-69.014142,-29.659907],[-69.033718,-29.532973],[-68.974589,-29.36415],[-69.001239,-29.186642],[-68.91189,-29.128584],[-68.908508,-29.044922],[-68.956066,-28.949476],[-68.908706,-28.85932],[-69.161971,-28.761135],[-69.209585,-28.682414],[-69.202646,-28.595962],[-69.316172,-28.411606],[-69.429959,-28.450992],[-69.62981,-28.393692]]]},"properties":{"id":"70049","nombre":"Iglesia","nombre_completo":"Departamento Iglesia","provincia":{"id":"70","nombre":"San Juan","interseccion":0.21400980855124224},"fuente":"IGN","categoria":"Departamento","centroide":{"lon":-69.438720106,"lat":-29.601190702}}},
{"type":"Feature","geometry":{"type":"Polygon","coordinates":[[[-61.728495,-38.657088],[-61.742365,-38.627211],[-61.818412,-38.687872],[-61.847934,-38.665363],[-61.925669,-38.731246],[-62.061985,-38.712333],[-62.165912,-38.812045],[-62.073409,-38.925111],[-61.81303,-38.992392],[-61.706697,-38.965466],[-61.61287,-39.003649],[-61.45573,-38.995401],[-61.476432,-38.945051],[-61.626116,-38.878552],[-61.693487,-38.826158],[-61.698761,-38.781423],[-61.715451,-38.714322],[-61.728495,-38.657088]]]},"properties":{"id":"06182","nombre":"Coronel de Marina Leonardo Rosales","nombre_completo":"Partido de Coronel de Marina Leonardo Rosales","provincia":{"id":"06","nombre":"Buenos Aires","interseccion":0.004335238860542502},"fuente":"IGN","categoria":"Partido","centroide":{"lon":-61.83558442,"lat":-38.849077328}}},
{"type":"Feature","geometry":{"type":"Polygon","coordinates":[[[-59.240136,-33.896258],[-59.302739,-33.852853],[-59.289171,-33.82628],[-59.22272,-33.813425],[-59.254822,-33.793884],[-59.239807,-33.730103],[-59.393678,-33.736573],[-59.456482,-33.719177],[-59.562577,-33.759372],[-59.510109,-33.778837],[-59.572434,-33.775721],[-59.653019,-33.917206],[-59.754392,-34.013563],[-59.707232,-34.09359],[-59.722274,-34.13107],[-59.562088,-34.167967],[-59.463094,-34.135008],[-59.406464,-34.06095],[-59.319635,-34.023797],[-59.345587,-33.952398],[-59.340883,-33.92538],[-59.260541,-33.941577],[-59.240136,-33.896258]]]},"properties":{"id":"06070","nombre":"Baradero","nombre_completo":"Partido de Baradero","provincia":{"id":"06","nombre":"Buenos Aires","interseccion":0.004831185404839287},"fuente":"IGN","categoria":"Partido","centroide":{"lon":-59.492787138,"lat":-33.931961377}}},
{"type":"Feature","geometry":{"type":"Polygon","coordinates":[[[-59.562577,-33.759372],[-59.489098,-33.643329],[-59.529764,-33.633392],[-59.612778,-33.695168],[-59.65891,-33.620037],[-59.726635,-33.603886],[-59.778388,-33.606682],[-59.827921,-33.581359],[-60.041144,-33.768819],[-60.072709,-33.778856],[-59.779343,-34.013386],[-59.653019,-33.917206],[-59.572434,-33.775721],[-59.510109,-33.778837],[-59.562577,-33.759372]]]},"properties":{"id":"06770","nombre":"San Pedro","nombre_completo":"Partido de San Pedro","provincia":{"id":"06","nombre":"Buenos Aires","interseccion":0.004306731449578401},"fuente":"IGN","categoria":"Partido","centroide":{"lon":-59.782626011,"lat":-33.78098602}}},
{"type":"Feature","geometry":{"type":"Polygon","coordinates":[[[-64.503468,-22.521971],[-64.47453,-22.468381],[-64.565747,-22.372047],[-64.537105,-22.285547],[-64.617104,-22.205164],[-64.73685,-22.193902],[-64.861681,-22.122004],[-64.991416,-22.087599],[-65.186567,-22.08535],[-65.240295,-22.279248],[-65.22678,-22.320674],[-65.281721,-22.413425],[-65.347295,-22.526002],[-65.284689,-22.541436],[-65.15069,-22.60435],[-64.806408,-22.575806],[-64.848544,-22.515669],[-64.794633,-22.512343],[-64.753304,-22.733214],[-64.795665,-22.80117],[-64.759176,-22.802991],[-64.672512,-22.754193],[-64.610031,-22.668431],[-64.503304,-22.606767],[-64.503468,-22.521971]]]},"properties":{"id":"66161","nombre":"Santa Victoria","nombre_completo":"Departamento Santa Victoria","provincia":{"id":"66","nombre":"Salta","interseccion":0.025693580304281007},"fuente":"IGN","categoria":"Departamento","centroide":{"lon":-64.895564796,"lat":-22.395891732}}},
{"type":"Feature","geometry":{"type":"Polygon","coordinates":[[[-63.132185,-21.999333],[-63.931457,-21.999377],[-63.958069,-22.085774],[-64.062408,-22.238381],[-64.115516,-22.405607],[-64.241691,-22.557726],[-64.265343,-22.766659],[-64.325086,-22.916284],[-64.32722,-22.953351],[-64.281585,-23.028942],[-64.2388,-23.096327],[-64.203406,-23.122796],[-64.20368,-23.182071],[-64.214077,-23.182128],[-64.177626,-23.234533],[-64.162403,-23.273137],[-64.007044,-23.332433],[-63.910014,-23.299718],[-63.844335,-23.323429],[-63.72572,-23.3226],[-63.662444,-23.390945],[-63.499552,-23.451129],[-63.412514,-23.509559],[-63.395419,-23.549468],[-63.361864,-23.563194],[-63.331236,-23.625633],[-63.27724,-23.649294],[-63.266083,-23.459683],[-63.203688,-22.943087],[-63.123079,-22.944284],[-63.132185,-21.999333]]]},"properties":{"id":"66056","nombre":"General José de San Martín","nombre_completo":"Departamento General José de San Martín","provincia":{"id":"66","nombre":"Salta","interseccion":0.10244972639861241},"fuente":"IGN","categoria":"Departamento","centroide":{"lon":-63.658286429,"lat":-22.714462381}}},
{"type":"Feature","geometry":{"type":"Polygon","coordinates":[[[-62.342352,-24.392113],[-62.342341,-22.456975],[-62.463894,-22.372069],[-62.518603,-22.378235],[-62.642315,-22.29467],[-62.684916,-22.21234],[-62.813938,-22.105008],[-62.811176,-21.998768],[-63.132185,-21.999333],[-63.123079,-22.944284],[-63.203688,-22.943087],[-63.266083,-23.459683],[-63.27724,-23.649294],[-63.331236,-23.625633],[-63.361864,-23.563194],[-63.437018,-23.710302],[-63.45781,-23.706357],[-63.508635,-23.958497],[-63.498624,-23.960204],[-63.530426,-24.127875],[-63.426997,-24.144923],[-63.344785,-24.156739],[-63.376989,-24.304161],[-63.171883,-24.304539],[-63.05305,-24.392224],[-63.026267,-24.234043],[-62.946539,-24.27423],[-62.936936,-24.715993],[-63.234117,-24.718762],[-63.233513,-24.856568],[-63.074614,-24.855589],[-63.070694,-25.243804],[-62.342352,-24.392113]]]},"properties":{"id":"66133","nombre":"Rivadavia","nombre_completo":"Departamento Rivadavia","provincia":{"id":"66","nombre":"Salta","interseccion":0.1676762920392844},"fuente":"IGN","categoria":"Departamento","centroide":{"lon":-62.828594022,"lat":-23.519471828}}},
{"type":"Feature","geometry":{"type":"Polygon","coordinates":[[[-65.786631,-24.055384],[-65.872932,-24.002423],[-66.007818,-24.002153],[-66.105937,-24.147705],[-66.141579,-24.271227],[-66.137313,-24.527457],[-66.121632,-24.597347],[-66.128239,-24.675222],[-66.115883,-24.741516],[-66.004563,-24.765538],[-65.955397,-24.918488],[-65.887355,-24.939189],[-65.88454,-25.039325],[-65.851766,-25.072139],[-65.778085,-25.07103],[-65.667062,-25.054702],[-65.613454,-25.020338],[-65.523212,-25.019041],[-65.514914,-24.988229],[-65.54187,-24.879181],[-65.514989,-24.857543],[-65.599435,-24.806455],[-65.582332,-24.573743],[-65.660772,-24.528912],[-65.655448,-24.35706],[-65.682687,-24.307724],[-65.725017,-24.186],[-65.73077,-24.144211],[-65.720861,-24.109339],[-65.786631,-24.055384]]]},"properties":{"id":"66147","nombre":"Rosario de Lerma","nombre_completo":"Departamento Rosario de Lerma","provincia":{"id":"66","nombre":"Salta","interseccion":0.03311761855507661},"fuente":"IGN","categoria":"Departamento","centroide":{"lon":-65.853007841,"lat":-24.545751906}}},
{"type":"Feature","geometry":{"type":"Polygon","coordinates":[[[-64.180216,-37.707772],[-63.385486,-37.707647],[-63.38534,-37.258935],[-64.174235,-37.25687],[-64.180216,-37.707772]]]},"properties":{"id":"42070","nombre":"Guatraché","nombre_completo":"Departamento Guatraché","provincia":{"id":"42","nombre":"La Pampa","interseccion":0.024582616904070813},"fuente":"IGN","categoria":"Departamento","centroide":{"lon":-63.78130813,"lat":-37.483647147}}},
{"type":"Feature","geometry":{"type":"Polygon","coordinates":[[[-64.928818,-31.909292],[-65.018725,-31.878588],[-65.044973,-31.872023],[-65.103997,-31.914991],[-65.173976,-31.9258],[-65.179884,-31.939711],[-65.251988,-31.9484],[-65.352632,-31.904234],[-65.606366,-31.908465],[-65.316291,-32.040173],[-65.245829,-32.089015],[-65.2249,-32.167799],[-65.212045,-32.326736],[-64.97718,-32.321351],[-64.9528,-32.308596],[-64.961366,-32.281971],[-64.928818,-31.909292]]]},"properties":{"id":"14133","nombre":"San Javier","nombre_completo":"Departamento San Javier","provincia":{"id":"14","nombre":"Córdoba","interseccion":0.009399123193485074},"fuente":"IGN","categoria":"Departamento","centroide":{"lon":-65.142223607,"lat":-32.076087129}}},
{"type":"Feature","geometry":{"type":"Polygon","coordinates":[[[-63.35698,-30.575861],[-63.565038,-30.534026],[-63.59851,-30.672191],[-63.662385,-30.667025],[-63.728235,-30.93437],[-63.820109,-30.971573],[-63.823204,-31.073393],[-63.864404,-31.111935],[-63.863346,-31.272767],[-63.953326,-31.346072],[-63.954347,-31.535376],[-63.898267,-31.542972],[-63.618982,-31.494092],[-63.54748,-31.414087],[-63.358429,-31.367609],[-63.365609,-31.315061],[-63.260256,-31.334387],[-63.245916,-31.264816],[-63.177584,-31.283441],[-63.153925,-31.159465],[-62.955167,-31.079796],[-62.933761,-30.967461],[-62.83405,-30.932506],[-62.843774,-30.82079],[-62.905775,-30.78579],[-62.932417,-30.719941],[-63.026161,-30.703344],[-63.030021,-30.695348],[-63.213639,-30.662078],[-63.35698,-30.575861]]]},"properties":{"id":"14105","nombre":"Río Primero","nombre_completo":"Departamento Río Primero","provincia":{"id":"14","nombre":"Córdoba","interseccion":0.04037875022201501},"fuente":"IGN","categoria":"Departamento","centroide":{"lon":-63.436114778,"lat":-31.031524076}}},
{"type":"Feature","geometry":{"type":"Polygon","coordinates":[[[-62.182143,-32.063679],[-62.282458,-32.046516],[-62.339387,-32.136807],[-62.375949,-32.287481],[-62.245026,-32.32905],[-62.266009,-32.429051],[-62.390519,-32.438148],[-62.542888,-32.946712],[-62.520812,-33.127526],[-62.574896,-33.211518],[-62.688415,-33.285673],[-62.645663,-33.358522],[-62.75337,-33.783466],[-62.776693,-33.779326],[-62.805151,-33.895996],[-62.544274,-33.943225],[-61.923249,-33.119581],[-61.888748,-33.10599],[-61.787668,-33.006202],[-61.771552,-32.901465],[-61.77769,-32.830402],[-61.828402,-32.754511],[-61.946168,-32.651026],[-61.902477,-32.568619],[-61.914512,-32.494664],[-62.011635,-32.347328],[-62.037889,-32.262914],[-62.178877,-32.159422],[-62.19678,-32.11477],[-62.182143,-32.063679]]]},"properties":{"id":"14063","nombre":"Marcos Juárez","nombre_completo":"Departamento Marcos Juárez","provincia":{"id":"14","nombre":"Córdoba","interseccion":0.05634831312168844},"fuente":"IGN","categoria":"Departamento","centroide":{"lon":-62.277594705,"lat":-33.030843151}}},
{"type":"Feature","geometry":{"type":"Polygon","coordinates":[[[-64.657688,-23.483167],[-64.738427,-23.467616],[-64.787476,-23.496161],[-64.859555,-23.583328],[-64.920149,-23.706415],[-65.014913,-23.699021],[-65.087896,-23.73797],[-65.096747,-23.856643],[-65.23274,-23.790473],[-65.271326,-23.828184],[-65.295915,-23.819497],[-65.291449,-23.861422],[-65.181792,-23.925106],[-65.18209,-23.951091],[-65.136601,-23.974286],[-65.109873,-24.032541],[-65.073254,-24.015447],[-65.001268,-24.02221],[-64.919369,-24.010652],[-64.852566,-24.050174],[-64.844108,-24.078915],[-64.783564,-24.09452],[-64.696119,-24.041602],[-64.693555,-24.013995],[-64.664027,-23.992413],[-64.644745,-23.877323],[-64.572274,-23.788499],[-64.484765,-23.700613],[-64.462014,-23.652982],[-64.448334,-23.639416],[-64.49587,-23.567137],[-64.532561,-23.521357],[-64.657688,-23.483167]]]},"properties":{"id":"38035","nombre":"Ledesma","nombre_completo":"Departamento Ledesma","provincia":{"id":"38","nombre":"Jujuy","interseccion":0.05618873752451495},"fuente":"IGN","categoria":"Departamento","centroide":{"lon":-64.828874633,"lat":-23.785485919}}},
{"type":"Feature","geometry":{"type":"Polygon","coordinates":[[[-65.306061,-22.7304],[-65.272519,-22.661924],[-65.27765,-22.646379],[-65.344713,-22.606383],[-65.410521,-22.744693],[-65.507649,-22.765339],[-65.522351,-22.824995],[-65.672724,-22.955179],[-65.736331,-23.229009],[-65.721125,-23.273565],[-65.743954,-23.314307],[-65.730888,-23.354565],[-65.742715,-23.412583],[-65.710449,-23.38533],[-65.534279,-23.311579],[-65.436049,-23.332132],[-65.338717,-23.39106],[-65.167546,-23.315203],[-65.084494,-23.197085],[-65.04502,-23.155738],[-65.06221,-23.11878],[-65.067977,-23.04494],[-65.133765,-23.001884],[-65.218238,-22.95895],[-65.253335,-22.924745],[-65.274232,-22.790107],[-65.306061,-22.7304]]]},"properties":{"id":"38028","nombre":"Humahuaca","nombre_completo":"Departamento Humahuaca","provincia":{"id":"38","nombre":"Jujuy","interseccion":0.06620143897276329},"fuente":"IGN","categoria":"Departamento","centroide":{"lon":-65.409522749,"lat":-23.082009918}}},
{"type":"Feature","geometry":{"type":"Polygon","coordinates":[[[-65.50771,-22.525873],[-65.546253,-22.479946],[-65.644583,-22.467556],[-65.828482,-22.438667],[-65.838585,-22.537606],[-65.92132,-22.620704],[-65.999455,-22.589581],[-66.039493,-22.648058],[-66.223233,-22.710308],[-66.312329,-22.694952],[-66.356664,-22.767515],[-66.59148,-22.852128],[-66.584886,-22.999308],[-66.281764,-22.999309],[-66.111321,-23.160263],[-66.105877,-23.223333],[-66.198332,-23.391699],[-66.011199,-23.508777],[-65.987219,-23.509654],[-66.00193,-23.681883],[-65.921016,-23.635913],[-65.843559,-23.481606],[-65.839277,-23.419077],[-65.833369,-23.383472],[-65.820028,-23.372941],[-65.760181,-23.415745],[-65.742715,-23.412583],[-65.730888,-23.354565],[-65.743954,-23.314307],[-65.721125,-23.273565],[-65.736331,-23.229009],[-65.672724,-22.955179],[-65.522351,-22.824995],[-65.507649,-22.765339],[-65.410521,-22.744693],[-65.348579,-22.622621],[-65.348637,-22.551182],[-65.50771,-22.525873]]]},"properties":{"id":"38007","nombre":"Cochinoca","nombre_completo":"Departamento Cochinoca","provincia":{"id":"38","nombre":"Jujuy","interseccion":0.1346238133404653},"fuente":"IGN","categoria":"Departamento","centroide":{"lon":-65.934726094,"lat":-22.939213078}}},
{"type":"Feature","geometry":{"type":"Polygon","coordinates":[[[-65.689892,-23.375792],[-65.755271,-23.416314],[-65.814085,-23.376359],[-65.833369,-23.383472],[-65.839277,-23.419077],[-65.843559,-23.481606],[-65.921016,-23.635913],[-66.00193,-23.681883],[-66.021926,-23.861713],[-65.992573,-23.979955],[-65.86737,-24.00333],[-65.786631,-24.055384],[-65.705044,-23.983854],[-65.688173,-23.863836],[-65.594587,-23.886364],[-65.596642,-23.995883],[-65.547059,-24.021267],[-65.345084,-23.927245],[-65.353235,-23.856679],[-65.305531,-23.864253],[-65.289482,-23.862408],[-65.295915,-23.819497],[-65.377531,-23.778937],[-65.351938,-23.711975],[-65.488136,-23.684273],[-65.559881,-23.520134],[-65.63494,-23.383065],[-65.689892,-23.375792]]]},"properties":{"id":"38098","nombre":"Tumbaya","nombre_completo":"Departamento Tumbaya","provincia":{"id":"38","nombre":"Jujuy","interseccion":0.06207577635187773},"fuente":"IGN","categoria":"Departamento","centroide":{"lon":-65.696190197,"lat":-23.743474948}}},
{"type":"Feature","geometry":{"type":"Polygon","coordinates":[[[-56.640598,-28.262726],[-56.880928,-28.235033],[-57.215617,-28.499369],[-57.164395,-28.631326],[-57.178683,-28.82659],[-57.271001,-28.957141],[-57.430329,-29.06815],[-57.45814,-29.120584],[-57.476669,-29.182554],[-57.427742,-29.227316],[-57.100868,-29.257418],[-56.949764,-29.20105],[-56.866684,-29.201643],[-56.848579,-29.323858],[-56.86916,-29.470119],[-56.838651,-29.498216],[-56.767462,-29.382561],[-56.703944,-29.362244],[-56.64541,-29.199299],[-56.578546,-29.116609],[-56.663511,-28.965767],[-56.707554,-28.742702],[-56.624283,-28.537325],[-56.592945,-28.537596],[-56.596931,-28.492958],[-56.52924,-28.359777],[-56.640598,-28.262726]]]},"properties":{"id":"18147","nombre":"San Martín","nombre_completo":"Departamento San Martín","provincia":{"id":"18","nombre":"Corrientes","interseccion":0.07468107625038052},"fuente":"IGN","categoria":"Departamento","centroide":{"lon":-56.931583511,"lat":-28.828980149}}},
{"type":"Feature","geometry":{"type":"Polygon","coordinates":[[[-58.813267,-29.238363],[-58.787984,-29.112331],[-58.942623,-29.071383],[-59.026535,-29.089983],[-59.183426,-29.059797],[-59.211496,-29.094438],[-59.234397,-29.071425],[-59.346766,-29.11435],[-59.402065,-29.216896],[-59.500633,-29.243518],[-59.519788,-29.343189],[-59.604283,-29.394743],[-59.579953,-29.459848],[-59.590185,-29.569779],[-59.613979,-29.668765],[-59.617549,-29.77584],[-59.659665,-29.843179],[-59.6047,-29.902666],[-59.56948,-30.01901],[-59.545568,-30.016549],[-59.513369,-29.978132],[-59.474087,-29.851862],[-59.409062,-29.811951],[-59.382051,-29.824443],[-59.307452,-29.800356],[-59.261703,-29.78327],[-59.080956,-29.656965],[-59.056438,-29.580484],[-58.957909,-29.530602],[-58.886032,-29.41404],[-58.87458,-29.389759],[-58.863468,-29.345491],[-58.792229,-29.269186],[-58.813267,-29.238363]]]},"properties":{"id":"18070","nombre":"Goya","nombre_completo":"Departamento Goya","provincia":{"id":"18","nombre":"Corrientes","interseccion":0.05402426096588053},"fuente":"IGN","categoria":"Departamento","centroide":{"lon":-59.255912152,"lat":-29.451453509}}},
{"type":"Feature","geometry":{"type":"Polygon","coordinates":[[[-65.245829,-32.089015],[-65.312637,-32.042078],[-65.628041,-31.898627],[-65.775465,-31.889097],[-65.826399,-31.897395],[-65.821721,-32.015894],[-65.811214,-32.059263],[-65.683868,-32.062648],[-65.717326,-32.211909],[-65.698277,-32.203686],[-65.475097,-32.276754],[-65.375961,-32.36587],[-65.435956,-32.52393],[-65.348567,-32.552602],[-65.300141,-32.527542],[-65.238861,-32.493277],[-65.084797,-32.498862],[-65.014108,-32.483044],[-65.00728,-32.4732],[-64.999499,-32.482521],[-64.919446,-32.479363],[-64.929844,-32.42325],[-64.941407,-32.298344],[-64.97718,-32.321351],[-65.212045,-32.326736],[-65.2249,-32.167799],[-65.245829,-32.089015]]]},"properties":{"id":"74049","nombre":"Junín","nombre_completo":"Departamento Junín","provincia":{"id":"74","nombre":"San Luis","interseccion":0.034426665918243025},"fuente":"IGN","categoria":"Departamento","centroide":{"lon":-65.394843119,"lat":-32.216301666}}},
{"type":"Feature","geometry":{"type":"Polygon","coordinates":[[[-62.558011,-29.482397],[-62.616519,-29.364141],[-62.752611,-29.363374],[-62.752747,-29.306957],[-62.891456,-29.283612],[-62.891542,-29.202104],[-62.994243,-29.21857],[-63.157838,-29.312376],[-63.133464,-29.317827],[-63.128039,-29.405347],[-62.935108,-29.621942],[-62.883792,-29.636459],[-62.848975,-29.748771],[-62.805775,-29.781894],[-62.803812,-29.819361],[-62.80874,-29.837131],[-62.829228,-29.841586],[-62.820277,-29.903936],[-62.785849,-29.940024],[-62.753622,-29.966419],[-62.723878,-29.990808],[-62.654993,-30.007345],[-62.674742,-30.035185],[-62.608507,-30.056461],[-62.436146,-29.949579],[-62.437844,-29.596778],[-62.533618,-29.596851],[-62.558011,-29.482397]]]},"properties":{"id":"86112","nombre":"Mitre","nombre_completo":"Departamento Mitre","provincia":{"id":"86","nombre":"Santiago del Estero","interseccion":0.025178254245274735},"fuente":"IGN","categoria":"Departamento","centroide":{"lon":-62.738675756,"lat":-29.615049032}}},
{"type":"Feature","geometry":{"type":"Polygon","coordinates":[[[-63.78646,-28.435725],[-63.816247,-28.41549],[-63.817017,-28.395553],[-63.838894,-28.40506],[-63.851277,-28.391108],[-64.019708,-28.488065],[-64.043499,-28.593775],[-64.206275,-28.596173],[-64.23441,-28.682425],[-64.138749,-28.794371],[-64.109868,-28.833573],[-63.95628,-28.87133],[-63.89229,-28.911108],[-63.859267,-28.912325],[-63.835488,-28.894183],[-63.816142,-28.914221],[-63.739373,-28.930951],[-63.733619,-28.94301],[-63.667387,-28.942101],[-63.592891,-28.876249],[-63.658616,-28.793683],[-63.58399,-28.724242],[-63.581536,-28.648223],[-63.699556,-28.545765],[-63.68985,-28.518852],[-63.78646,-28.435725]]]},"properties":{"id":"86021","nombre":"Atamisqui","nombre_completo":"Departamento Atamisqui","provincia":{"id":"86","nombre":"Santiago del Estero","interseccion":0.017776713041895285},"fuente":"IGN","categoria":"Departamento","centroide":{"lon":-63.881563998,"lat":-28.69181817}}},
{"type":"Feature","geometry":{"type":"Polygon","coordinates":[[[-57.387708,-27.421561],[-57.507518,-27.444201],[-57.70535,-27.325562],[-57.793517,-27.341484],[-57.742363,-27.355633],[-57.875954,-27.43956],[-57.836723,-27.482002],[-57.790596,-27.505714],[-57.684235,-27.49383],[-57.689507,-27.572962],[-57.548527,-27.651056],[-57.40374,-27.515515],[-57.387708,-27.421561]]]},"properties":{"id":"18014","nombre":"Berón de Astrada","nombre_completo":"Departamento Berón de Astrada","provincia":{"id":"18","nombre":"Corrientes","interseccion":0.009444131238338063},"fuente":"IGN","categoria":"Departamento","centroide":{"lon":-57.611380771,"lat":-27.47797044}}},
{"type":"Feature","geometry":{"type":"Polygon","coordinates":[[[-65.977242,-54.59842],[-66.468948,-54.47716],[-66.752477,-54.252397],[-66.949002,-54.188489],[-68.607937,-54.188546],[-68.608954,-54.424099],[-68.531285,-54.440567],[-68.368232,-54.457498],[-68.369767,-54.619811],[-67.392451,-54.619811],[-67.38777,-54.744201],[-67.006266,-54.747967],[-67.002579,-54.598425],[-65.977242,-54.59842]]]},"properties":{"id":"94011","nombre":"Tolhuin","nombre_completo":"Departamento Tolhuin","provincia":{"id":"94","nombre":"Tierra del Fuego, Antártida e Islas del Atlántico Sur","interseccion":0.0015746484163447776},"fuente":"IGN","categoria":"Departamento","centroide":{"lon":-67.503484945,"lat":-54.424560895}}},
{"type":"Feature","geometry":{"type":"Polygon","coordinates":[[[-55.816538,-27.476184],[-55.794628,-27.434125],[-55.896346,-27.342718],[-56.028888,-27.382855],[-56.055421,-27.420687],[-56.026635,-27.507277],[-55.9789,-27.5402],[-55.850848,-27.758415],[-55.777877,-27.73242],[-55.772897,-27.690905],[-55.752531,-27.716966],[-55.619567,-27.715007],[-55.609842,-27.644511],[-55.655829,-27.6386],[-55.674819,-27.593408],[-55.723014,-27.589028],[-55.778566,-27.498841],[-55.816538,-27.476184]]]},"properties":{"id":"54028","nombre":"Capital","nombre_completo":"Departamento Capital","provincia":{"id":"54","nombre":"Misiones","interseccion":0.032704447698845854},"fuente":"IGN","categoria":"Departamento","centroide":{"lon":-55.856583337,"lat":-27.550525929}}},
{"type":"Feature","geometry":{"type":"Polygon","coordinates":[[[-55.281854,-27.414587],[-55.305154,-27.40614],[-55.324216,-27.403266],[-55.346921,-27.3951],[-55.386375,-27.390248],[-55.379938,-27.378666],[-55.416214,-27.382307],[-55.408433,-27.389668],[-55.462183,-27.372977],[-55.485203,-27.321766],[-55.503948,-27.298575],[-55.587623,-27.31334],[-55.732774,-27.443108],[-55.816538,-27.476184],[-55.778566,-27.498841],[-55.723014,-27.589028],[-55.674819,-27.593408],[-55.63898,-27.626127],[-55.499666,-27.537438],[-55.281854,-27.414587]]]},"properties":{"id":"54021","nombre":"Candelaria","nombre_completo":"Departamento Candelaria","provincia":{"id":"54","nombre":"Misiones","interseccion":0.030900335197807733},"fuente":"IGN","categoria":"Departamento","centroide":{"lon":-55.582690038,"lat":-27.460850055}}},
{"type":"Feature","geometry":{"type":"Polygon","coordinates":[[[-65.592359,-26.933541],[-65.656217,-26.927838],[-65.71242,-26.972181],[-65.770541,-27.092378],[-65.854179,-27.016446],[-65.88983,-26.969776],[-65.913799,-26.982644],[-65.964306,-27.033103],[-65.922897,-27.095654],[-65.823072,-27.136887],[-65.795946,-27.195064],[-65.696915,-27.20156],[-65.517313,-27.292433],[-65.470072,-27.299977],[-65.446047,-27.216926],[-65.400063,-27.174589],[-65.485043,-27.09576],[-65.490398,-27.019647],[-65.592359,-26.933541]]]},"properties":{"id":"90070","nombre":"Monteros","nombre_completo":"Departamento Monteros","provincia":{"id":"90","nombre":"Tucumán","interseccion":0.05277877333860165},"fuente":"IGN","categoria":"Departamento","centroide":{"lon":-65.643076881,"lat":-27.110620171}}},
{"type":"Feature","geometry":{"type":"Polygon","coordinates":[[[-65.251082,-26.973261],[-65.314031,-26.986476],[-65.300534,-27.02012],[-65.314751,-27.010012],[-65.351351,-27.087395],[-65.389996,-27.088708],[-65.421944,-27.112146],[-65.335006,-27.216514],[-65.300805,-27.267266],[-65.157239,-27.371957],[-65.111454,-27.426428],[-65.088642,-27.438572],[-65.063288,-27.46163],[-65.063131,-27.44233],[-65.008868,-27.483713],[-64.974365,-27.350918],[-64.854259,-27.318301],[-64.781173,-27.076613],[-65.046546,-27.015125],[-65.121313,-27.025949],[-65.256503,-27.022298],[-65.251082,-26.973261]]]},"properties":{"id":"90056","nombre":"Leales","nombre_completo":"Departamento Leales","provincia":{"id":"90","nombre":"Tucumán","interseccion":0.08750788132807337},"fuente":"IGN","categoria":"Departamento","centroide":{"lon":-65.084864735,"lat":-27.191883176}}},
{"type":"Feature","geometry":{"type":"Polygon","coordinates":[[[-58.992298,-28.17289],[-59.0116,-28.187397],[-59.030342,-28.190832],[-59.061775,-28.192995],[-59.087678,-28.20177],[-59.103458,-28.328816],[-59.048857,-28.493311],[-59.105013,-28.633937],[-59.078601,-28.667487],[-59.142661,-28.774474],[-59.038349,-28.793287],[-59.041962,-28.811935],[-58.952117,-28.773113],[-58.856542,-28.639122],[-58.73615,-28.58844],[-58.660099,-28.511686],[-58.713394,-28.44128],[-58.813704,-28.240982],[-58.951954,-28.303944],[-59.032555,-28.266871],[-59.015807,-28.255046],[-59.020349,-28.212171],[-58.992298,-28.17289]]]},"properties":{"id":"18007","nombre":"Bella Vista","nombre_completo":"Departamento Bella Vista","provincia":{"id":"18","nombre":"Corrientes","interseccion":0.01989159494170078},"fuente":"IGN","categoria":"Departamento","centroide":{"lon":-58.930435432,"lat":-28.497387009}}},
{"type":"Feature","geometry":{"type":"Polygon","coordinates":[[[-56.152083,-27.798644],[-56.22932,-27.769571],[-56.239689,-27.81897],[-56.321867,-27.878542],[-56.425632,-27.880533],[-56.467884,-27.939465],[-56.624626,-27.850466],[-56.663376,-27.952679],[-56.779537,-28.080662],[-56.831875,-28.176758],[-56.880928,-28.235033],[-56.640598,-28.262726],[-56.52924,-28.359777],[-56.544956,-28.432724],[-56.43005,-28.440952],[-56.369259,-28.522245],[-56.365456,-28.619799],[-56.450665,-28.693317],[-56.30629,-28.79283],[-56.185516,-28.770001],[-56.118573,-28.681681],[-56.007602,-28.604952],[-56.008646,-28.505999],[-55.882362,-28.477707],[-55.878303,-28.361162],[-55.75745,-28.368588],[-55.669942,-28.330763],[-55.782542,-28.253937],[-55.620259,-28.14575],[-55.716718,-28.061268],[-55.749427,-28.0271],[-55.874653,-27.958235],[-56.152083,-27.798644]]]},"properties":{"id":"18168","nombre":"Santo Tomé","nombre_completo":"Departamento Santo Tomé","provincia":{"id":"18","nombre":"Corrientes","interseccion":0.07820945819788147},"fuente":"IGN","categoria":"Departamento","centroide":{"lon":-56.222176625,"lat":-28.231104129}}},
{"type":"Feature","geometry":{"type":"Polygon","coordinates":[[[-58.334587,-28.118395],[-58.457966,-27.976162],[-58.514908,-27.977043],[-58.592981,-28.001386],[-58.638569,-28.039007],[-58.817584,-28.122003],[-58.835593,-28.16726],[-58.921345,-28.176809],[-58.955119,-28.183597],[-59.011292,-28.206596],[-59.021355,-28.214145],[-59.032555,-28.266871],[-58.951954,-28.303944],[-58.813704,-28.240982],[-58.713394,-28.44128],[-58.600182,-28.45735],[-58.545208,-28.376575],[-58.460434,-28.336666],[-58.448031,-28.312782],[-58.316254,-28.2134],[-58.368477,-28.143345],[-58.334587,-28.118395]]]},"properties":{"id":"18126","nombre":"Saladas","nombre_completo":"Departamento Saladas","provincia":{"id":"18","nombre":"Corrientes","interseccion":0.021424034852359754},"fuente":"IGN","categoria":"Departamento","centroide":{"lon":-58.619912888,"lat":-28.212468685}}},
{"type":"Feature","geometry":{"type":"Polygon","coordinates":[[[-57.254562,-27.473549],[-57.387708,-27.421561],[-57.40374,-27.515515],[-57.548527,-27.651056],[-57.689507,-27.572962],[-57.677635,-27.502224],[-57.686867,-27.492233],[-57.776161,-27.509283],[-57.831104,-27.485617],[-57.954086,-27.625614],[-58.145527,-27.697081],[-58.304054,-27.795339],[-58.226856,-27.841124],[-58.104816,-27.811577],[-58.089752,-27.871513],[-58.023941,-27.953491],[-57.93824,-27.941122],[-57.919472,-28.009323],[-57.804302,-27.984934],[-57.732334,-27.938063],[-57.593285,-27.766373],[-57.422867,-27.653563],[-57.303886,-27.550707],[-57.254562,-27.473549]]]},"properties":{"id":"18063","nombre":"General Paz","nombre_completo":"Departamento General Paz","provincia":{"id":"18","nombre":"Corrientes","interseccion":0.02899392225136303},"fuente":"IGN","categoria":"Departamento","centroide":{"lon":-57.787633185,"lat":-27.719931961}}},
{"type":"Feature","geometry":{"type":"Polygon","coordinates":[[[-55.329654,-27.479208],[-55.329709,-27.465934],[-55.345956,-27.463868],[-55.365252,-27.461439],[-55.499666,-27.537438],[-55.63898,-27.626127],[-55.655829,-27.6386],[-55.609842,-27.644511],[-55.617144,-27.696994],[-55.493939,-27.708837],[-55.50141,-27.763525],[-55.331195,-27.785757],[-55.165253,-27.698335],[-55.180987,-27.62192],[-55.329654,-27.479208]]]},"properties":{"id":"54070","nombre":"Leandro N. Alem","nombre_completo":"Departamento Leandro N. Alem","provincia":{"id":"54","nombre":"Misiones","interseccion":0.03597122348494305},"fuente":"IGN","categoria":"Departamento","centroide":{"lon":-55.388067732,"lat":-27.630665258}}},
{"type":"Feature","geometry":{"type":"Polygon","coordinates":[[[-55.036179,-27.661345],[-55.075547,-27.619],[-55.170463,-27.625345],[-55.165253,-27.698335],[-55.331195,-27.785757],[-55.313111,-27.921786],[-55.197201,-27.85713],[-55.025023,-27.832573],[-55.004896,-27.73973],[-55.036179,-27.661345]]]},"properties":{"id":"54105","nombre":"San Javier","nombre_completo":"Departamento San Javier","provincia":{"id":"54","nombre":"Misiones","interseccion":0.021853850119151596},"fuente":"IGN","categoria":"Departamento","centroide":{"lon":-55.167459594,"lat":-27.777103145}}},
{"type":"Feature","geometry":{"type":"Polygon","coordinates":[[[-64.4932,-35.810673],[-65.107583,-35.801212],[-65.107769,-35.979113],[-65.050417,-35.980454],[-65.056547,-36.254714],[-63.942909,-36.265613],[-63.939771,-35.814017],[-64.4932,-35.810673]]]},"properties":{"id":"42035","nombre":"Conhelo","nombre_completo":"Departamento Conhelo","provincia":{"id":"42","nombre":"La Pampa","interseccion":0.035185500668087025},"fuente":"IGN","categoria":"Departamento","centroide":{"lon":-64.50864922,"lat":-36.032004391}}},
{"type":"Feature","geometry":{"type":"Polygon","coordinates":[[[-57.215617,-28.499369],[-57.329388,-28.573658],[-57.612274,-28.595654],[-57.939793,-28.703724],[-58.106304,-28.712961],[-58.305588,-28.795643],[-58.304347,-28.837901],[-58.340234,-28.882304],[-58.377728,-28.892904],[-58.451664,-28.93054],[-58.582127,-29.022694],[-58.533657,-29.065612],[-58.372089,-29.228919],[-58.307998,-29.252348],[-58.249111,-29.315235],[-58.193204,-29.40306],[-58.114979,-29.440615],[-57.903274,-29.558326],[-57.80455,-29.71036],[-57.646957,-29.717011],[-57.587873,-29.689348],[-57.507992,-29.565937],[-57.541779,-29.398495],[-57.578899,-29.334051],[-57.538678,-29.259416],[-57.546752,-29.2126],[-57.45814,-29.120584],[-57.430329,-29.06815],[-57.271001,-28.957141],[-57.175599,-28.8183],[-57.164395,-28.631326],[-57.215617,-28.499369]]]},"properties":{"id":"18105","nombre":"Mercedes","nombre_completo":"Departamento Mercedes","provincia":{"id":"18","nombre":"Corrientes","interseccion":0.10962520407343536},"fuente":"IGN","categoria":"Departamento","centroide":{"lon":-57.818385933,"lat":-29.064506764}}},
{"type":"Feature","geometry":{"type":"Polygon","coordinates":[[[-66.582443,-30.739527],[-66.609146,-30.685656],[-66.744965,-30.634565],[-66.778694,-30.573494],[-66.781296,-30.534712],[-67.507849,-30.515677],[-67.419492,-30.61997],[-67.282792,-30.69528],[-67.128841,-30.895631],[-67.116441,-31.016001],[-67.066866,-31.084046],[-66.480667,-31.095749],[-66.489899,-30.986942],[-66.41143,-30.938917],[-66.39016,-30.848833],[-66.325699,-30.7929],[-66.384712,-30.676701],[-66.582443,-30.739527]]]},"properties":{"id":"46070","nombre":"General Juan Facundo Quiroga","nombre_completo":"Departamento General Juan Facundo Quiroga","provincia":{"id":"46","nombre":"La Rioja","interseccion":0.04762214111711283},"fuente":"IGN","categoria":"Departamento","centroide":{"lon":-66.867857195,"lat":-30.800638253}}},
{"type":"Feature","geometry":{"type":"Polygon","coordinates":[[[-65.770831,-31.368347],[-66.265259,-31.203176],[-66.341103,-31.258141],[-66.356789,-31.431215],[-66.293068,-31.53656],[-66.260788,-31.685463],[-66.311188,-31.826946],[-66.505257,-31.767111],[-66.825261,-31.761347],[-66.777513,-31.83992],[-66.661788,-31.920536],[-66.604538,-31.923379],[-66.366953,-31.998017],[-66.299031,-31.931309],[-66.16019,-31.962789],[-65.979026,-31.889163],[-65.890276,-31.910631],[-65.770397,-31.889004],[-65.770831,-31.368347]]]},"properties":{"id":"46091","nombre":"General San Martín","nombre_completo":"Departamento General San Martín","provincia":{"id":"46","nombre":"La Rioja","interseccion":0.04998947138684118},"fuente":"IGN","categoria":"Departamento","centroide":{"lon":-66.14581623,"lat":-31.641465143}}},
{"type":"Feature","geometry":{"type":"Polygon","coordinates":[[[-66.942561,-28.266171],[-67.07466,-28.270193],[-67.155443,-28.384407],[-67.375305,-28.384526],[-67.446399,-28.368021],[-67.437355,-28.417009],[-67.300072,-28.49814],[-67.26223,-28.537127],[-67.258049,-28.73811],[-67.225487,-28.850174],[-67.174805,-28.905529],[-67.068665,-28.71863],[-67.06469,-28.652649],[-67.026833,-28.638578],[-67.012413,-28.616808],[-67.012711,-28.569901],[-66.987709,-28.479774],[-67.022827,-28.356867],[-66.942561,-28.266171]]]},"properties":{"id":"46119","nombre":"San Blas de Los Sauces","nombre_completo":"Departamento San Blas de Los Sauces","provincia":{"id":"46","nombre":"La Rioja","interseccion":0.015567249695042088},"fuente":"IGN","categoria":"Departamento","centroide":{"lon":-67.158135297,"lat":-28.543293844}}},
{"type":"Feature","geometry":{"type":"Polygon","coordinates":[[[-61.470455,-33.380616],[-61.516292,-33.405622],[-61.607372,-33.286881],[-61.674763,-33.37764],[-61.910255,-33.511215],[-61.969436,-33.433803],[-62.131135,-33.397569],[-62.883909,-34.38655],[-61.719753,-34.385555],[-61.125074,-33.833905],[-61.416516,-33.45054],[-61.347199,-33.413215],[-61.382702,-33.366514],[-61.452371,-33.404411],[-61.470455,-33.380616]]]},"properties":{"id":"82042","nombre":"General López","nombre_completo":"Departamento General López","provincia":{"id":"82","nombre":"Santa Fe","interseccion":0.08989266401485906},"fuente":"IGN","categoria":"Departamento","centroide":{"lon":-61.939680212,"lat":-33.922189821}}},
{"type":"Feature","geometry":{"type":"Polygon","coordinates":[[[-68.887262,-29.620371],[-68.93479,-29.620129],[-69.012988,-29.652045],[-69.014142,-29.659907],[-69.014768,-29.699123],[-69.020123,-29.814839],[-69.027669,-29.871184],[-69.029866,-29.984434],[-69.071504,-30.072382],[-69.03916,-30.294901],[-69.062253,-30.468311],[-69.00672,-30.545928],[-68.781071,-30.597889],[-68.829405,-30.690995],[-68.796574,-30.803191],[-68.768034,-30.856802],[-68.755762,-31.004107],[-68.500057,-31.004354],[-68.483299,-30.981802],[-68.425732,-30.92949],[-67.530569,-30.929547],[-67.741444,-30.702326],[-67.810818,-30.378537],[-67.913724,-30.246482],[-68.007376,-30.199473],[-68.029776,-30.086961],[-68.135891,-29.908302],[-68.227294,-29.997073],[-68.298274,-29.862565],[-68.358013,-29.805739],[-68.258789,-29.746726],[-68.467712,-29.644287],[-68.68251,-29.646533],[-68.887262,-29.620371]]]},"properties":{"id":"70056","nombre":"Jáchal","nombre_completo":"Departamento Jáchal","provincia":{"id":"70","nombre":"San Juan","interseccion":0.16140714862404085},"fuente":"IGN","categoria":"Departamento","centroide":{"lon":-68.439996584,"lat":-30.354641357}}},
{"type":"Feature","geometry":{"type":"Polygon","coordinates":[[[-68.199003,-29.781091],[-68.26777,-29.758605],[-68.258789,-29.746726],[-68.358192,-29.805325],[-68.298274,-29.862565],[-68.227294,-29.997073],[-68.135891,-29.908302],[-68.029776,-30.086961],[-68.007376,-30.199473],[-67.913724,-30.246482],[-67.810818,-30.378537],[-67.741444,-30.702326],[-67.497455,-30.955511],[-67.507699,-30.988519],[-67.45158,-31.062356],[-67.439294,-31.209442],[-67.354164,-31.409299],[-67.280632,-31.448397],[-67.078253,-31.433999],[-67.101229,-31.382986],[-67.066765,-31.083172],[-67.116441,-31.016001],[-67.128841,-30.895631],[-67.282792,-30.69528],[-67.410093,-30.627466],[-67.494802,-30.536332],[-67.578012,-30.404177],[-67.590873,-30.298148],[-67.930541,-30.030221],[-67.990087,-29.988104],[-68.054332,-29.900302],[-68.15879,-29.885431],[-68.199003,-29.781091]]]},"properties":{"id":"70119","nombre":"Valle Fértil","nombre_completo":"Departamento Valle Fértil","provincia":{"id":"70","nombre":"San Juan","interseccion":0.05957535697116675},"fuente":"IGN","categoria":"Departamento","centroide":{"lon":-67.527673679,"lat":-30.716885675}}},
{"type":"Feature","geometry":{"type":"Polygon","coordinates":[[[-67.497455,-30.955511],[-67.530393,-30.929763],[-67.875254,-30.930697],[-67.813713,-31.012246],[-67.910245,-31.162889],[-67.903569,-31.270667],[-67.967129,-31.401952],[-68.021585,-31.44684],[-68.029379,-31.508603],[-68.042087,-31.520959],[-68.030531,-31.56699],[-67.983931,-31.630501],[-68.364846,-31.571218],[-68.336658,-31.660029],[-68.346888,-31.694703],[-67.239883,-31.880064],[-67.136729,-31.833805],[-67.00593,-31.855355],[-66.885696,-31.897693],[-66.661788,-31.920536],[-66.791992,-31.825378],[-66.845209,-31.714582],[-66.868184,-31.633298],[-66.951966,-31.633298],[-67.078271,-31.43397],[-67.280632,-31.448397],[-67.354164,-31.409299],[-67.439294,-31.209442],[-67.45158,-31.062356],[-67.507699,-30.988519],[-67.497455,-30.955511]]]},"properties":{"id":"70035","nombre":"Caucete","nombre_completo":"Departamento Caucete","provincia":{"id":"70","nombre":"San Juan","interseccion":0.08618279009396719},"fuente":"IGN","categoria":"Departamento","centroide":{"lon":-67.545440866,"lat":-31.506900326}}},
{"type":"Feature","geometry":{"type":"Polygon","coordinates":[[[-57.82723,-25.759365],[-58.020584,-25.687279],[-58.037159,-25.608295],[-58.152691,-25.562923],[-58.22121,-25.587954],[-58.604973,-25.583075],[-58.604748,-25.777243],[-58.925861,-25.778561],[-58.926033,-26.185305],[-58.757656,-26.183554],[-58.505394,-26.173637],[-58.504131,-26.343353],[-58.267353,-26.344185],[-58.215852,-26.384135],[-58.159666,-26.348817],[-58.163825,-26.264373],[-58.118638,-26.154354],[-57.919515,-26.032325],[-57.796564,-25.824855],[-57.82723,-25.759365]]]},"properties":{"id":"34014","nombre":"Formosa","nombre_completo":"Departamento Formosa","provincia":{"id":"34","nombre":"Formosa","interseccion":0.08688593652267305},"fuente":"IGN","categoria":"Departamento","centroide":{"lon":-58.377317449,"lat":-25.939635232}}},
{"type":"Feature","geometry":{"type":"Polygon","coordinates":[[[-57.476669,-29.182554],[-57.546752,-29.2126],[-57.538678,-29.259416],[-57.578899,-29.334051],[-57.541779,-29.398495],[-57.507992,-29.565937],[-57.587873,-29.689348],[-57.678173,-29.819057],[-57.700939,-29.937775],[-57.639626,-29.986542],[-57.609131,-30.020803],[-57.566921,-30.042349],[-57.628218,-30.174459],[-57.474243,-30.119768],[-57.342929,-29.999996],[-57.327833,-29.883264],[-57.229949,-29.779164],[-57.11022,-29.756998],[-56.968237,-29.639106],[-56.969577,-29.605023],[-56.838651,-29.498216],[-56.86916,-29.470119],[-56.848579,-29.323858],[-56.866684,-29.201643],[-56.949764,-29.20105],[-57.100868,-29.257418],[-57.427742,-29.227316],[-57.476669,-29.182554]]]},"properties":{"id":"18119","nombre":"Paso de los Libres","nombre_completo":"Departamento Paso de los Libres","provincia":{"id":"18","nombre":"Corrientes","interseccion":0.05532982148314749},"fuente":"IGN","categoria":"Departamento","centroide":{"lon":-57.299633836,"lat":-29.59363634}}},
{"type":"Feature","geometry":{"type":"Polygon","coordinates":[[[-59.038349,-28.793287],[-59.160454,-28.794789],[-59.158075,-28.877356],[-59.199715,-29.031545],[-59.234397,-29.071425],[-59.211496,-29.094438],[-59.183426,-29.059797],[-59.026535,-29.089983],[-58.942623,-29.071383],[-58.787984,-29.112331],[-58.813267,-29.238363],[-58.76226,-29.217735],[-58.730232,-29.178719],[-58.687344,-29.118032],[-58.673637,-29.103195],[-58.618732,-29.067238],[-58.70874,-28.951208],[-58.896347,-28.841202],[-59.041962,-28.811935],[-59.038349,-28.793287]]]},"properties":{"id":"18091","nombre":"Lavalle","nombre_completo":"Departamento Lavalle","provincia":{"id":"18","nombre":"Corrientes","interseccion":0.016786255977419857},"fuente":"IGN","categoria":"Departamento","centroide":{"lon":-58.933723256,"lat":-28.987990488}}},
{"type":"Feature","geometry":{"type":"Polygon","coordinates":[[[-58.307365,-28.832933],[-58.422886,-28.740574],[-58.508568,-28.783726],[-58.547489,-28.729944],[-58.540123,-28.701162],[-58.490421,-28.646807],[-58.499756,-28.590223],[-58.311817,-28.451077],[-58.460434,-28.336666],[-58.545208,-28.376575],[-58.600182,-28.45735],[-58.73615,-28.58844],[-58.856542,-28.639122],[-58.952117,-28.773113],[-58.889828,-28.844698],[-58.70874,-28.951208],[-58.582127,-29.022694],[-58.451664,-28.93054],[-58.377728,-28.892904],[-58.340234,-28.882304],[-58.307365,-28.832933]]]},"properties":{"id":"18161","nombre":"San Roque","nombre_completo":"Departamento San Roque","provincia":{"id":"18","nombre":"Corrientes","interseccion":0.027222350387345304},"fuente":"IGN","categoria":"Departamento","centroide":{"lon":-58.613035902,"lat":-28.705807189}}},
{"type":"Feature","geometry":{"type":"Polygon","coordinates":[[[-56.43005,-28.440952],[-56.542102,-28.430982],[-56.596931,-28.492958],[-56.592945,-28.537596],[-56.624283,-28.537325],[-56.707554,-28.742702],[-56.663511,-28.965767],[-56.578546,-29.116609],[-56.419525,-29.078981],[-56.386554,-28.952725],[-56.297827,-28.88939],[-56.30629,-28.79283],[-56.450665,-28.693317],[-56.365456,-28.619799],[-56.369259,-28.522245],[-56.43005,-28.440952]]]},"properties":{"id":"18056","nombre":"General Alvear","nombre_completo":"Departamento General Alvear","provincia":{"id":"18","nombre":"Corrientes","interseccion":0.02185956596228277},"fuente":"IGN","categoria":"Departamento","centroide":{"lon":-56.511530434,"lat":-28.775163187}}},
{"type":"Feature","geometry":{"type":"Polygon","coordinates":[[[-57.627571,-28.136196],[-57.777597,-27.971318],[-58.007408,-28.027674],[-58.133297,-28.120834],[-58.306973,-28.205576],[-58.430818,-28.301777],[-58.311817,-28.451077],[-58.499756,-28.590223],[-58.490421,-28.646807],[-58.547333,-28.71928],[-58.528275,-28.769928],[-58.508568,-28.783726],[-58.422886,-28.740574],[-58.307365,-28.832933],[-58.305588,-28.795643],[-58.106304,-28.712961],[-57.939793,-28.703724],[-57.612274,-28.595654],[-57.690651,-28.501316],[-57.658833,-28.410524],[-57.680553,-28.319607],[-57.604725,-28.252985],[-57.627571,-28.136196]]]},"properties":{"id":"18028","nombre":"Concepción","nombre_completo":"Departamento Concepción","provincia":{"id":"18","nombre":"Corrientes","interseccion":0.0590525344459261},"fuente":"IGN","categoria":"Departamento","centroide":{"lon":-58.031392843,"lat":-28.408399531}}},
{"type":"Feature","geometry":{"type":"Polygon","coordinates":[[[-61.471675,-34.307407],[-61.549084,-34.303386],[-61.648388,-34.319473],[-61.719753,-34.385555],[-61.81615,-34.385601],[-61.983941,-34.518249],[-61.84537,-34.637413],[-61.769608,-34.576422],[-61.644585,-34.683654],[-61.516405,-34.603201],[-61.436411,-34.671162],[-61.275199,-34.541214],[-61.355509,-34.473947],[-61.329167,-34.453145],[-61.416972,-34.392317],[-61.395408,-34.373502],[-61.471675,-34.307407]]]},"properties":{"id":"06462","nombre":"Leandro N. Alem","nombre_completo":"Partido de Leandro N. Alem","provincia":{"id":"06","nombre":"Buenos Aires","interseccion":0.0050999961045908844},"fuente":"IGN","categoria":"Partido","centroide":{"lon":-61.612587474,"lat":-34.49856528}}},
{"type":"Feature","geometry":{"type":"Polygon","coordinates":[[[-55.752531,-27.716966],[-55.772897,-27.690905],[-55.780158,-27.734392],[-55.850848,-27.758415],[-55.825537,-27.791656],[-55.827123,-27.854597],[-55.824392,-27.948447],[-55.749427,-28.0271],[-55.716718,-28.061268],[-55.620237,-28.137544],[-55.553211,-28.038175],[-55.577152,-27.945135],[-55.631249,-27.943994],[-55.5234,-27.761248],[-55.50141,-27.763525],[-55.493939,-27.708837],[-55.617144,-27.696994],[-55.619567,-27.715007],[-55.752531,-27.716966]]]},"properties":{"id":"54007","nombre":"Apóstoles","nombre_completo":"Departamento Apóstoles","provincia":{"id":"54","nombre":"Misiones","interseccion":0.03497616837976706},"fuente":"IGN","categoria":"Departamento","centroide":{"lon":-55.678113484,"lat":-27.888753952}}},
{"type":"Feature","geometry":{"type":"Polygon","coordinates":[[[-58.95922,-27.091385],[-58.95328,-26.869694],[-59.170005,-26.869917],[-59.02824,-27.027387],[-59.171954,-27.154485],[-59.09989,-27.218842],[-59.108371,-27.226864],[-59.058679,-27.293954],[-59.028609,-27.283384],[-58.868872,-27.426537],[-58.879949,-27.46235],[-58.874906,-27.488555],[-58.77281,-27.378201],[-58.76782,-27.323376],[-58.759196,-27.244611],[-58.777981,-27.217149],[-58.870335,-27.137748],[-58.95922,-27.091385]]]},"properties":{"id":"22126","nombre":"1° de Mayo","nombre_completo":"Departamento 1° de Mayo","provincia":{"id":"22","nombre":"Chaco","interseccion":0.012943599338166332},"fuente":"IGN","categoria":"Departamento","centroide":{"lon":-58.958741559,"lat":-27.167803735}}},
{"type":"Feature","geometry":{"type":"Polygon","coordinates":[[[-62.964607,-35.311894],[-63.115413,-35.188868],[-63.211173,-35.22897],[-63.285144,-35.288491],[-63.310018,-35.267808],[-63.347169,-35.300041],[-63.329475,-35.323156],[-63.385707,-35.369724],[-63.385471,-35.883677],[-63.20373,-36.033076],[-62.623811,-35.550743],[-62.777689,-35.408695],[-62.873097,-35.371607],[-62.864144,-35.288502],[-62.964607,-35.311894]]]},"properties":{"id":"06679","nombre":"Rivadavia","nombre_completo":"Partido de Rivadavia","provincia":{"id":"06","nombre":"Buenos Aires","interseccion":0.012738516622740503},"fuente":"IGN","categoria":"Partido","centroide":{"lon":-63.094761685,"lat":-35.581056986}}},
{"type":"Feature","geometry":{"type":"Polygon","coordinates":[[[-58.506782,-34.63583],[-58.519216,-34.633028],[-58.530367,-34.634814],[-58.529205,-34.654751],[-58.50262,-34.674594],[-58.464394,-34.660066],[-58.460366,-34.656824],[-58.466998,-34.651486],[-58.469206,-34.641414],[-58.471267,-34.636673],[-58.476036,-34.638952],[-58.478509,-34.637012],[-58.502262,-34.645836],[-58.506782,-34.63583]]]},"properties":{"id":"02063","nombre":"Comuna 9","nombre_completo":"Comuna 9","provincia":{"id":"02","nombre":"Ciudad Autónoma de Buenos Aires","interseccion":0.08012221805107113},"fuente":"IGN","categoria":"Comuna","centroide":{"lon":-58.499175174,"lat":-34.651788797}}},
{"type":"Feature","geometry":{"type":"Polygon","coordinates":[[[-58.279639,-34.678642],[-58.338381,-34.633576],[-58.406505,-34.663512],[-58.333505,-34.726984],[-58.279639,-34.678642]]]},"properties":{"id":"06035","nombre":"Avellaneda","nombre_completo":"Partido de Avellaneda","provincia":{"id":"06","nombre":"Buenos Aires","interseccion":0.00017913873991003956},"fuente":"IGN","categoria":"Partido","centroide":{"lon":-58.341144545,"lat":-34.678199308}}},
{"type":"Feature","geometry":{"type":"Polygon","coordinates":[[[-63.692344,-26.478669],[-63.768156,-26.478281],[-63.801772,-26.641291],[-63.877283,-26.721246],[-64.162415,-26.697073],[-64.263575,-26.634451],[-64.282071,-26.568611],[-64.508357,-26.553957],[-64.498582,-26.67359],[-64.58702,-26.657929],[-64.617889,-26.802693],[-64.707391,-26.82004],[-64.742586,-27.00441],[-64.766864,-27.014813],[-64.798546,-27.150766],[-64.764361,-27.185531],[-64.680976,-27.233682],[-64.570414,-27.338507],[-64.558122,-27.309456],[-64.487469,-27.352839],[-64.44518,-27.174764],[-64.177974,-27.198591],[-64.176707,-27.10862],[-63.989981,-27.030282],[-63.989021,-26.904399],[-63.823954,-26.924318],[-63.657187,-26.925117],[-63.68207,-26.907029],[-63.689121,-26.865263],[-63.65456,-26.665873],[-63.652537,-26.59698],[-63.646715,-26.528104],[-63.692344,-26.478669]]]},"properties":{"id":"86091","nombre":"Jiménez","nombre_completo":"Departamento Jiménez","provincia":{"id":"86","nombre":"Santiago del Estero","interseccion":0.04040055973525302},"fuente":"IGN","categoria":"Departamento","centroide":{"lon":-64.272473667,"lat":-26.899608103}}},
{"type":"Feature","geometry":{"type":"Polygon","coordinates":[[[-59.02824,-27.027387],[-59.170034,-26.899698],[-59.301754,-27.015867],[-59.351126,-27.027335],[-59.402909,-27.012435],[-59.553776,-27.012864],[-59.554348,-27.239884],[-59.600162,-27.280809],[-59.45973,-27.409983],[-59.26898,-27.247977],[-59.02824,-27.027387]]]},"properties":{"id":"22056","nombre":"General Donovan","nombre_completo":"Departamento General Donovan","provincia":{"id":"22","nombre":"Chaco","interseccion":0.015322209852247288},"fuente":"IGN","categoria":"Departamento","centroide":{"lon":-59.346782935,"lat":-27.138889991}}},
{"type":"Feature","geometry":{"type":"Polygon","coordinates":[[[-59.853503,-26.304214],[-60.001517,-26.303593],[-60.005749,-26.702958],[-60.088585,-26.673782],[-60.272489,-27.09494],[-60.21229,-27.116055],[-60.212945,-27.285073],[-60.011302,-27.286396],[-60.011123,-27.196274],[-60.03718,-27.177625],[-59.854078,-26.755302],[-59.852453,-26.530181],[-59.803646,-26.530884],[-59.803496,-26.319286],[-59.853503,-26.304214]]]},"properties":{"id":"22168","nombre":"25 de Mayo","nombre_completo":"Departamento 25 de Mayo","provincia":{"id":"22","nombre":"Chaco","interseccion":0.02389459643038139},"fuente":"IGN","categoria":"Departamento","centroide":{"lon":-60.018459486,"lat":-26.817040614}}},
{"type":"Feature","geometry":{"type":"Polygon","coordinates":[[[-60.992731,-26.841964],[-60.989993,-26.661331],[-61.33222,-26.658346],[-61.335665,-26.839113],[-61.215135,-26.870445],[-60.817034,-27.142401],[-60.816236,-26.90229],[-60.883056,-26.927046],[-60.992731,-26.841964]]]},"properties":{"id":"22049","nombre":"General Belgrano","nombre_completo":"Departamento General Belgrano","provincia":{"id":"22","nombre":"Chaco","interseccion":0.01309548738577538},"fuente":"IGN","categoria":"Departamento","centroide":{"lon":-61.071333832,"lat":-26.847815755}}},
{"type":"Feature","geometry":{"type":"Polygon","coordinates":[[[-62.188183,-34.682722],[-62.36867,-34.650056],[-62.584849,-34.61069],[-62.622173,-34.632497],[-62.606722,-34.99671],[-62.642162,-34.996989],[-62.548554,-35.073872],[-62.471445,-35.010657],[-62.285185,-35.163819],[-62.166223,-35.067128],[-62.185372,-35.0507],[-62.104559,-34.984689],[-62.28306,-34.856773],[-62.263804,-34.743064],[-62.188183,-34.682722]]]},"properties":{"id":"06277","nombre":"Florentino Ameghino","nombre_completo":"Partido de Florentino Ameghino","provincia":{"id":"06","nombre":"Buenos Aires","interseccion":0.005788839306283431},"fuente":"IGN","categoria":"Partido","centroide":{"lon":-62.401716265,"lat":-34.874105806}}},
{"type":"Feature","geometry":{"type":"Polygon","coordinates":[[[-61.558839,-31.850133],[-61.539067,-31.76801],[-61.613253,-31.754531],[-61.613747,-31.767674],[-61.712692,-31.749632],[-62.030284,-31.673633],[-62.022062,-31.639974],[-62.139716,-31.618346],[-62.241683,-31.699677],[-62.22349,-31.883934],[-62.167797,-31.98601],[-62.19678,-32.11477],[-62.178877,-32.159422],[-62.037889,-32.262914],[-62.012276,-32.345524],[-61.903751,-32.32745],[-61.912431,-32.307208],[-61.495218,-32.38325],[-61.448043,-32.19996],[-61.391942,-32.210239],[-61.355358,-32.082715],[-61.378058,-31.989121],[-61.34776,-31.866572],[-61.392776,-31.857951],[-61.397582,-31.878353],[-61.558839,-31.850133]]]},"properties":{"id":"82126","nombre":"San Martín","nombre_completo":"Departamento San Martín","provincia":{"id":"82","nombre":"Santa Fe","interseccion":0.03755909185728585},"fuente":"IGN","categoria":"Departamento","centroide":{"lon":-61.809074201,"lat":-32.012270646}}},
{"type":"Feature","geometry":{"type":"Polygon","coordinates":[[[-61.209783,-30.747944],[-61.42313,-30.711694],[-61.438066,-30.77608],[-61.65528,-30.737504],[-61.666156,-30.782457],[-61.844051,-30.750383],[-62.123495,-31.605408],[-62.139716,-31.618346],[-62.022062,-31.639974],[-62.030284,-31.673633],[-61.712692,-31.749632],[-61.541434,-31.767575],[-61.499352,-31.588328],[-61.391599,-31.539274],[-61.209783,-30.747944]]]},"properties":{"id":"82021","nombre":"Castellanos","nombre_completo":"Departamento Castellanos","provincia":{"id":"82","nombre":"Santa Fe","interseccion":0.05072954043437379},"fuente":"IGN","categoria":"Departamento","centroide":{"lon":-61.657258446,"lat":-31.23146155}}},
{"type":"Feature","geometry":{"type":"Polygon","coordinates":[[[-63.385445,-35.905471],[-63.940406,-35.90445],[-63.943343,-36.35557],[-63.385555,-36.356316],[-63.385445,-35.905471]]]},"properties":{"id":"42119","nombre":"Quemú Quemú","nombre_completo":"Departamento Quemú Quemú","provincia":{"id":"42","nombre":"La Pampa","interseccion":0.017278255990448018},"fuente":"IGN","categoria":"Departamento","centroide":{"lon":-63.663730013,"lat":-36.130640566}}},
{"type":"Feature","geometry":{"type":"Polygon","coordinates":[[[-64.180216,-37.707772],[-64.179601,-37.661367],[-64.172098,-36.986759],[-65.634782,-36.965811],[-65.999749,-36.961395],[-65.977724,-37.683216],[-65.654886,-37.675961],[-65.654651,-37.690144],[-64.180216,-37.707772]]]},"properties":{"id":"42154","nombre":"Utracán","nombre_completo":"Departamento Utracán","provincia":{"id":"42","nombre":"La Pampa","interseccion":0.09016650184660895},"fuente":"IGN","categoria":"Departamento","centroide":{"lon":-65.082831668,"lat":-37.333879481}}},
{"type":"Feature","geometry":{"type":"Polygon","coordinates":[[[-58.089752,-27.871513],[-58.16853,-27.829624],[-58.147911,-27.857052],[-58.194675,-27.901176],[-58.267742,-27.945772],[-58.438828,-27.994385],[-58.334587,-28.118395],[-58.368477,-28.143345],[-58.316254,-28.2134],[-58.133297,-28.120834],[-58.015419,-28.031778],[-57.919472,-28.009323],[-57.93824,-27.941122],[-58.023941,-27.953491],[-58.089752,-27.871513]]]},"properties":{"id":"18098","nombre":"Mburucuyá","nombre_completo":"Departamento Mburucuyá","provincia":{"id":"18","nombre":"Corrientes","interseccion":0.011124506426621836},"fuente":"IGN","categoria":"Departamento","centroide":{"lon":-58.185563999,"lat":-28.016383899}}},
{"type":"Feature","geometry":{"type":"Polygon","coordinates":[[[-55.553211,-28.038175],[-55.444976,-28.097208],[-55.370462,-28.028453],[-55.313111,-27.921786],[-55.357501,-27.77834],[-55.5234,-27.761248],[-55.631249,-27.943994],[-55.577152,-27.945135],[-55.553211,-28.038175]]]},"properties":{"id":"54035","nombre":"Concepción","nombre_completo":"Departamento Concepción","provincia":{"id":"54","nombre":"Misiones","interseccion":0.02623447327641412},"fuente":"IGN","categoria":"Departamento","centroide":{"lon":-55.467036491,"lat":-27.931167394}}},
{"type":"Feature","geometry":{"type":"Polygon","coordinates":[[[-58.879949,-27.46235],[-58.868872,-27.426537],[-58.971233,-27.334239],[-59.115187,-27.461289],[-59.404093,-27.452051],[-59.401201,-28.000064],[-58.884005,-28.000001],[-58.880822,-28.066825],[-58.857739,-28.011612],[-58.829262,-27.961873],[-58.844894,-27.885572],[-58.809708,-27.783407],[-58.818775,-27.681178],[-58.882746,-27.608523],[-58.871379,-27.579871],[-58.874906,-27.488555],[-58.879949,-27.46235]]]},"properties":{"id":"22140","nombre":"San Fernando","nombre_completo":"Departamento San Fernando","provincia":{"id":"22","nombre":"Chaco","interseccion":0.036059055626844125},"fuente":"IGN","categoria":"Departamento","centroide":{"lon":-59.115443991,"lat":-27.715698289}}},
{"type":"Feature","geometry":{"type":"Polygon","coordinates":[[[-58.333505,-34.726984],[-58.446915,-34.688777],[-58.413453,-34.732627],[-58.347314,-34.73984],[-58.333505,-34.726984]]]},"properties":{"id":"06434","nombre":"Lanús","nombre_completo":"Partido de Lanús","provincia":{"id":"06","nombre":"Buenos Aires","interseccion":0.0001600517046103628},"fuente":"IGN","categoria":"Partido","centroide":{"lon":-58.394696505,"lat":-34.705654244}}},
{"type":"Feature","geometry":{"type":"Polygon","coordinates":[[[-58.346962,-34.739344],[-58.413269,-34.732865],[-58.434443,-34.705195],[-58.446915,-34.688777],[-58.483902,-34.732136],[-58.500797,-34.722992],[-58.430528,-34.817248],[-58.336639,-34.754401],[-58.346962,-34.739344]]]},"properties":{"id":"06490","nombre":"Lomas de Zamora","nombre_completo":"Partido de Lomas de Zamora","provincia":{"id":"06","nombre":"Buenos Aires","interseccion":0.0002829771781283097},"fuente":"IGN","categoria":"Partido","centroide":{"lon":-58.42409543,"lat":-34.754967955}}},
{"type":"Feature","geometry":{"type":"Polygon","coordinates":[[[-59.108371,-27.226864],[-59.09989,-27.218842],[-59.171954,-27.154485],[-59.26898,-27.247977],[-59.45973,-27.409983],[-59.58098,-27.298472],[-59.582229,-27.468114],[-59.404093,-27.452051],[-59.115187,-27.461289],[-58.971233,-27.334239],[-59.028609,-27.283384],[-59.058679,-27.293954],[-59.108371,-27.226864]]]},"properties":{"id":"22077","nombre":"Libertad","nombre_completo":"Departamento Libertad","provincia":{"id":"22","nombre":"Chaco","interseccion":0.010513622050761636},"fuente":"IGN","categoria":"Departamento","centroide":{"lon":-59.259787769,"lat":-27.349325097}}},
{"type":"Feature","geometry":{"type":"Polygon","coordinates":[[[-58.46019,-34.578314],[-58.503507,-34.594469],[-58.476356,-34.600218],[-58.468877,-34.601879],[-58.446213,-34.607634],[-58.46019,-34.578314]]]},"properties":{"id":"02105","nombre":"Comuna 15","nombre_completo":"Comuna 15","provincia":{"id":"02","nombre":"Ciudad Autónoma de Buenos Aires","interseccion":0.06963503607215457},"fuente":"IGN","categoria":"Comuna","centroide":{"lon":-58.462774022,"lat":-34.59188367}}},
{"type":"Feature","geometry":{"type":"Polygon","coordinates":[[[-68.642091,-31.502473],[-68.651705,-31.472364],[-68.707756,-31.563755],[-68.686499,-31.5645],[-68.694881,-31.621206],[-68.601521,-31.570886],[-68.608511,-31.543611],[-68.558915,-31.510888],[-68.642091,-31.502473]]]},"properties":{"id":"70084","nombre":"Rivadavia","nombre_completo":"Departamento Rivadavia","provincia":{"id":"70","nombre":"San Juan","interseccion":0.0013722853755685875},"fuente":"IGN","categoria":"Departamento","centroide":{"lon":-68.641623254,"lat":-31.554232539}}},
{"type":"Feature","geometry":{"type":"Polygon","coordinates":[[[-68.019307,-31.461987],[-68.44219,-31.459],[-68.460751,-31.463119],[-68.375692,-31.568336],[-67.983931,-31.630501],[-68.030531,-31.56699],[-68.019307,-31.461987]]]},"properties":{"id":"70091","nombre":"San Martín","nombre_completo":"Departamento San Martín","provincia":{"id":"70","nombre":"San Juan","interseccion":0.00627852995341095},"fuente":"IGN","categoria":"Departamento","centroide":{"lon":-68.207266974,"lat":-31.528545756}}},
{"type":"Feature","geometry":{"type":"Polygon","coordinates":[[[-57.974604,-34.872367],[-57.996665,-34.875349],[-58.083632,-34.835145],[-58.288398,-35.017265],[-58.161419,-34.971845],[-58.177251,-35.057152],[-58.018072,-35.168111],[-58.054086,-35.236827],[-57.752355,-34.970663],[-57.895903,-34.930436],[-57.974604,-34.872367]]]},"properties":{"id":"06441","nombre":"La Plata","nombre_completo":"Partido de La Plata","provincia":{"id":"06","nombre":"Buenos Aires","interseccion":0.002855383689322559},"fuente":"IGN","categoria":"Partido","centroide":{"lon":-58.017777789,"lat":-35.003847016}}}
]}