{"type":"FeatureCollection", "features": [
{"type":"Feature","geometry":{"type":"Polygon","coordinates":[[[-58.343101,-34.630238],[-58.361636,-34.581156],[-58.458347,-34.526668],[-58.463532,-34.533399],[-58.50077,-34.54946],[-58.52888,-34.654627],[-58.461206,-34.705412],[-58.423795,-34.662247],[-58.374052,-34.657194],[-58.343101,-34.630238]]]},"properties":{"id":"02","nombre":"Ciudad Autónoma de Buenos Aires","nombre_completo":"Ciudad Autónoma de Buenos Aires","fuente":"IGN","categoria":"Ciudad Autónoma","centroide":{"lon":-58.445876325,"lat":-34.614442065},"iso_id":"AR-C","iso_nombre":"Ciudad Autónoma de Buenos Aires"}},
{"type":"Feature","geometry":{"type":"Polygon","coordinates":[[[-70.394986,-36.194329],[-70.397378,-36.119489],[-70.49132,-36.178856],[-70.528893,-36.143994],[-70.706203,-36.272585],[-70.712428,-36.344968],[-70.679276,-36.389966],[-70.790897,-36.428747],[-70.883775,-36.396241],[-70.893884,-36.471272],[-70.958117,-36.503647],[-71.036917,-36.475546],[-71.057176,-36.618662],[-71.009206,-36.691237],[-71.111401,-36.728297],[-71.131936,-36.814671],[-71.095621,-36.925336],[-71.10596,-36.970886],[-71.167303,-36.996985],[-71.141774,-37.069539],[-71.092291,-37.114654],[-71.135304,-37.147754],[-71.115344,-37.207752],[-71.187988,-37.275906],[-71.197326,-37.383857],[-71.153567,-37.400667],[-71.11818,-37.468945],[-71.127985,-37.587557],[-71.206307,-37.647683],[-71.211111,-37.697463],[-71.156366,-37.756894],[-71.107918,-37.89105],[-71.113907,-37.952057],[-71.062599,-37.970213],[-71.054869,-38.043626],[-70.98799,-38.087752],[-71.042962,-38.122772],[-70.996652,-38.170985],[-71.020758,-38.213369],[-70.997618,-38.291988],[-70.984018,-38.430662],[-70.910659,-38.503798],[-70.843061,-38.537524],[-70.826411,-38.591353],[-70.904512,-38.666862],[-70.883736,-38.701807],[-70.92673,-38.763197],[-71.093818,-38.754878],[-71.117365,-38.781516],[-71.238442,-38.802789],[-71.296536,-38.873354],[-71.433604,-38.928944],[-71.441512,-38.981027],[-71.396008,-39.045635],[-71.421186,-39.151075],[-71.381073,-39.211327],[-71.374093,-39.283159],[-71.433572,-39.372116],[-71.472945,-39.493267],[-71.534381,-39.530408],[-71.461119,-39.582861],[-71.502409,-39.637797],[-71.610089,-39.628199],[-71.698683,-39.587356],[-71.717225,-39.649529],[-71.669482,-39.683012],[-71.712425,-39.72442],[-71.680874,-39.768616],[-71.69154,-39.841421],[-71.61267,-39.87437],[-71.592685,-39.911381],[-71.651132,-39.971381],[-71.699475,-40.116674],[-71.813504,-40.080792],[-71.798432,-40.137239],[-71.824487,-40.231686],[-71.761817,-40.276555],[-71.684979,-40.294007],[-71.656824,-40.363796],[-71.736853,-40.44082],[-71.824957,-40.421898],[-71.855654,-40.5094],[-71.84395,-40.627943],[-71.965046,-40.727576],[-71.921356,-40.78576],[-71.935137,-40.821368],[-71.869049,-40.892966],[-71.861077,-41.031024],[-71.785278,-41.018799],[-71.621887,-41.034912],[-71.550598,-41.023193],[-71.456421,-41.041687],[-71.360718,-41.088684],[-71.240479,-41.095093],[-71.141648,-41.055976],[-71.102449,-40.990797],[-71.032023,-40.933145],[-71.046837,-40.871216],[-71.099954,-40.840363],[-71.120791,-40.75822],[-71.029724,-40.724426],[-70.976501,-40.648682],[-70.855408,-40.593384],[-70.733127,-40.580054],[-70.653917,-40.591337],[-70.549683,-40.520996],[-70.465088,-40.512207],[-70.424927,-40.536316],[-70.170569,-40.483009],[-70.174942,-40.42761],[-70.062686,-40.37464],[-70.058823,-40.248955],[-69.950278,-40.178985],[-70.005372,-40.047434],[-69.970888,-39.977742],[-69.865938,-39.910899],[-69.697056,-39.846445],[-69.629985,-39.842906],[-69.421918,-39.768063],[-69.272278,-39.629028],[-69.2771,-39.596375],[-69.177124,-39.560608],[-69.112793,-39.514709],[-68.999878,-39.515198],[-68.912504,-39.417872],[-68.823961,-39.374926],[-68.802391,-39.284909],[-68.663152,-39.214954],[-68.660803,-39.172344],[-68.561736,-39.076485],[-68.307448,-38.990468],[-68.207606,-38.971241],[-68.078046,-38.995104],[-68.023978,-38.976428],[-67.998088,-38.995764],[-68.069227,-38.902937],[-68.118261,-38.793257],[-68.163124,-38.73789],[-68.256278,-38.679548],[-68.254253,-37.571931],[-68.354952,-37.547228],[-68.436663,-37.544564],[-68.504908,-37.454093],[-68.69658,-37.442344],[-68.766087,-37.366485],[-68.884681,-37.381995],[-69.026041,-37.364793],[-69.064131,-37.223647],[-69.268318,-37.144501],[-69.396988,-37.171903],[-69.529573,-37.174436],[-69.711541,-37.101483],[-69.755634,-37.068641],[-69.778998,-36.916821],[-69.759652,-36.87152],[-69.850603,-36.846272],[-69.921877,-36.794712],[-69.94753,-36.721607],[-70.045693,-36.656612],[-70.182686,-36.491076],[-70.225354,-36.32712],[-70.303406,-36.340558],[-70.343923,-36.333333],[-70.372183,-36.280165],[-70.370616,-36.223792],[-70.394986,-36.194329]]]},"properties":{"id":"58","nombre":"Neuquén","nombre_completo":"Provincia del Neuquén","fuente":"IGN","categoria":"Provincia","centroide":{"lon":-70.119897224,"lat":-38.641982863},"iso_id":"AR-Q","iso_nombre":"Neuquén"}},
{"type":"Feature","geometry":{"type":"Polygon","coordinates":[[[-67.00593,-31.855355],[-67.136729,-31.833805],[-67.241536,-31.880805],[-67.379244,-31.868116],[-67.365234,-31.975901],[-67.38197,-32.211264],[-67.37039,-32.246281],[-67.278008,-32.292324],[-67.263799,-32.381859],[-67.310131,-32.424741],[-67.224982,-32.682167],[-67.166335,-32.758716],[-67.177981,-32.82035],[-67.23235,-32.884999],[-67.179286,-33.003509],[-67.18489,-33.123516],[-67.152606,-33.412153],[-67.095979,-33.503497],[-67.096395,-33.532763],[-66.949449,-33.731333],[-66.883256,-33.768709],[-66.873256,-33.832946],[-66.804389,-33.860908],[-66.722746,-33.935331],[-66.675863,-33.941621],[-66.663207,-33.98628],[-66.708247,-34.024731],[-66.711337,-34.147339],[-66.747999,-34.222447],[-66.801194,-34.258365],[-66.81189,-34.345104],[-66.754372,-34.443125],[-66.757205,-34.566598],[-66.729158,-34.585127],[-66.649667,-34.758331],[-66.561162,-34.832748],[-66.545675,-34.969295],[-66.477995,-35.14187],[-66.484156,-35.240807],[-66.525153,-35.540197],[-66.570236,-35.581164],[-66.547673,-35.638774],[-66.580584,-35.703778],[-66.589446,-35.794422],[-66.622241,-35.848357],[-66.618112,-35.903025],[-66.628867,-35.928595],[-66.618706,-35.965267],[-66.637848,-36.000593],[-65.107809,-35.999062],[-65.109226,-33.950569],[-65.142999,-33.194775],[-65.070801,-33.138277],[-64.999704,-33.002665],[-64.963062,-32.863255],[-64.944619,-32.767336],[-64.909462,-32.685397],[-64.921468,-32.623618],[-64.883229,-32.572577],[-64.919151,-32.483788],[-64.929844,-32.42325],[-64.923332,-32.32779],[-64.943549,-32.297987],[-64.97718,-32.321351],[-65.056849,-32.314],[-65.212045,-32.326736],[-65.208331,-32.249176],[-65.245829,-32.089015],[-65.316291,-32.040173],[-65.628041,-31.898627],[-65.77912,-31.888291],[-65.901673,-31.910417],[-65.979026,-31.889163],[-66.069243,-31.936467],[-66.16019,-31.962789],[-66.299031,-31.931309],[-66.34944,-31.998398],[-66.568819,-31.949813],[-66.604538,-31.923379],[-66.885696,-31.897693],[-67.00593,-31.855355]]]},"properties":{"id":"74","nombre":"San Luis","nombre_completo":"Provincia de San Luis","fuente":"IGN","categoria":"Provincia","centroide":{"lon":-66.025231271,"lat":-33.761103538},"iso_id":"AR-D","iso_nombre":"San Luis"}},
{"type":"Feature","geometry":{"type":"Polygon","coordinates":[[[-58.884005,-28.000001],[-61.04639,-27.998001],[-61.712045,-27.998552],[-62.130653,-30.480433],[-61.842175,-30.744316],[-62.123495,-31.605408],[-62.241683,-31.699677],[-62.218089,-31.740571],[-62.22349,-31.883934],[-62.167797,-31.98601],[-62.19678,-32.11477],[-62.145346,-32.193479],[-62.037889,-32.262914],[-62.011635,-32.347328],[-61.914512,-32.494664],[-61.889495,-32.610798],[-61.946168,-32.651026],[-61.907415,-32.695747],[-61.857988,-32.694552],[-61.795699,-32.773966],[-61.771552,-32.901465],[-61.787668,-33.006202],[-61.888748,-33.10599],[-61.923249,-33.119581],[-62.883909,-34.38655],[-61.719753,-34.385555],[-60.934033,-33.654727],[-60.918108,-33.58837],[-60.87909,-33.554734],[-60.818249,-33.540293],[-60.781951,-33.578969],[-60.684582,-33.585157],[-60.556949,-33.646598],[-60.462817,-33.634187],[-60.45738,-33.58236],[-60.413831,-33.545012],[-60.410217,-33.467886],[-60.335288,-33.412105],[-60.323963,-33.350753],[-60.272714,-33.263863],[-60.297829,-33.242284],[-60.335662,-33.176849],[-60.392055,-33.188984],[-60.493408,-33.131409],[-60.605493,-32.999817],[-60.620246,-32.947945],[-60.676208,-32.899597],[-60.658875,-32.831177],[-60.716003,-32.773621],[-60.723514,-32.671689],[-60.752075,-32.622192],[-60.747375,-32.554321],[-60.776184,-32.507019],[-60.723816,-32.456116],[-60.718993,-32.334044],[-60.679018,-32.319529],[-60.672607,-32.232605],[-60.700382,-32.149769],[-60.656006,-32.067078],[-60.684387,-32.012085],[-60.720659,-31.985215],[-60.721849,-31.966179],[-60.657227,-31.911316],[-60.675781,-31.811707],[-60.638794,-31.742004],[-60.584078,-31.708484],[-60.46759,-31.698303],[-60.330665,-31.608546],[-60.332807,-31.547156],[-60.244001,-31.530395],[-60.212354,-31.467816],[-60.143494,-31.443604],[-60.086792,-31.346985],[-60.105591,-31.289917],[-60.002686,-31.238586],[-59.963379,-31.119873],[-59.925443,-31.105052],[-59.87793,-31.056213],[-59.818176,-30.942505],[-59.734848,-30.876624],[-59.699394,-30.769072],[-59.633301,-30.713928],[-59.678406,-30.646912],[-59.645856,-30.597037],[-59.65033,-30.500977],[-59.703439,-30.44261],[-59.666803,-30.327161],[-59.693453,-30.313123],[-59.712013,-30.276241],[-59.636584,-30.237456],[-59.616121,-30.11301],[-59.56639,-30.008076],[-59.6047,-29.902666],[-59.659665,-29.843179],[-59.617549,-29.77584],[-59.613979,-29.668765],[-59.579953,-29.459848],[-59.604283,-29.394743],[-59.519788,-29.343189],[-59.500633,-29.243518],[-59.407814,-29.221376],[-59.346766,-29.11435],[-59.257536,-29.089604],[-59.199715,-29.031545],[-59.210899,-28.977531],[-59.158075,-28.877356],[-59.160454,-28.794789],[-59.078601,-28.667487],[-59.100008,-28.576399],[-59.048857,-28.493311],[-59.085977,-28.435966],[-59.076213,-28.365341],[-59.103458,-28.328816],[-59.107868,-28.222766],[-59.062413,-28.128109],[-58.945113,-28.133774],[-58.880822,-28.066825],[-58.884005,-28.000001]]]},"properties":{"id":"82","nombre":"Santa Fe","nombre_completo":"Provincia de Santa Fe","fuente":"IGN","categoria":"Provincia","centroide":{"lon":-60.950687277,"lat":-30.708822709},"iso_id":"AR-S","iso_nombre":"Santa Fe"}},
{"type":"Feature","geometry":{"type":"Polygon","coordinates":[[[-68.440281,-27.873656],[-68.510987,-27.846994],[-68.521356,-27.817917],[-68.539147,-27.785378],[-68.582699,-27.819863],[-68.625796,-27.791917],[-68.723595,-27.789049],[-68.799011,-27.755676],[-69.094952,-27.796575],[-69.123019,-27.901461],[-69.173304,-27.971428],[-69.237064,-27.966534],[-69.263118,-28.046732],[-69.301362,-28.07132],[-69.307394,-28.128854],[-69.381783,-28.181788],[-69.456268,-28.183597],[-69.523574,-28.329656],[-69.58276,-28.352442],[-69.605713,-28.419006],[-69.555237,-28.405822],[-69.469602,-28.415027],[-69.429959,-28.450992],[-69.316172,-28.411606],[-69.202646,-28.595962],[-69.209585,-28.682414],[-69.161971,-28.761135],[-68.908706,-28.85932],[-68.956066,-28.949476],[-68.908508,-29.044922],[-68.91189,-29.128584],[-69.001239,-29.186642],[-68.974589,-29.36415],[-69.033718,-29.532973],[-69.015965,-29.650039],[-68.717936,-29.624542],[-68.68251,-29.646533],[-68.520203,-29.637512],[-68.441284,-29.650513],[-68.199003,-29.781091],[-68.15879,-29.885431],[-68.054332,-29.900302],[-67.990087,-29.988104],[-67.590873,-30.298148],[-67.578012,-30.404177],[-67.494802,-30.536332],[-67.410093,-30.627466],[-67.282792,-30.69528],[-67.128841,-30.895631],[-67.08207,-30.916096],[-67.116441,-31.016001],[-67.066765,-31.083172],[-67.101229,-31.382986],[-66.951966,-31.633298],[-66.868184,-31.633298],[-66.804321,-31.808777],[-66.722667,-31.883821],[-66.661788,-31.920536],[-66.604538,-31.923379],[-66.568819,-31.949813],[-66.34944,-31.998398],[-66.299031,-31.931309],[-66.16019,-31.962789],[-66.069243,-31.936467],[-65.979026,-31.889163],[-65.890276,-31.910631],[-65.770397,-31.889004],[-65.77146,-31.044159],[-65.525245,-30.490816],[-65.422985,-30.119602],[-65.719247,-29.409936],[-65.717258,-29.328612],[-65.74834,-29.269686],[-65.816185,-29.269847],[-65.817374,-29.178856],[-66.099724,-28.944417],[-66.400154,-28.860726],[-66.351513,-28.720946],[-66.395996,-28.677002],[-66.496217,-28.622294],[-66.496273,-28.531339],[-66.57081,-28.288634],[-67.016245,-28.254251],[-67.07466,-28.270193],[-67.155443,-28.384407],[-67.375305,-28.384526],[-67.691464,-28.311834],[-67.799949,-28.345554],[-67.813209,-28.37168],[-67.841568,-28.316529],[-67.893532,-28.260415],[-67.922439,-28.171218],[-67.914375,-28.1137],[-68.022364,-28.124684],[-68.107311,-28.173463],[-68.141218,-28.101842],[-68.29541,-28.068604],[-68.396618,-28.004169],[-68.442422,-28.024276],[-68.46122,-28.002861],[-68.440281,-27.873656]]]},"properties":{"id":"46","nombre":"La Rioja","nombre_completo":"Provincia de La Rioja","fuente":"IGN","categoria":"Provincia","centroide":{"lon":-67.181757581,"lat":-29.684937278},"iso_id":"AR-F","iso_nombre":"La Rioja"}},
{"type":"Feature","geometry":{"type":"Polygon","coordinates":[[[-67.864601,-25.2384],[-68.505365,-25.16851],[-68.509335,-25.231667],[-68.548503,-25.26219],[-68.523866,-25.378917],[-68.589169,-25.448806],[-68.538523,-25.50912],[-68.544744,-25.633758],[-68.477339,-25.70164],[-68.381433,-26.177834],[-68.558355,-26.287369],[-68.588092,-26.492428],[-68.362249,-26.802818],[-68.262427,-26.918846],[-68.34664,-27.033451],[-68.428828,-27.064326],[-68.494339,-27.136665],[-68.557024,-27.115124],[-68.574962,-27.177552],[-68.631347,-27.163305],[-68.670533,-27.099018],[-68.751089,-27.112349],[-68.842878,-27.160109],[-68.886962,-27.398698],[-68.930337,-27.409519],[-68.942515,-27.525931],[-69.038833,-27.595103],[-69.089257,-27.721672],[-69.094952,-27.796575],[-68.799011,-27.755676],[-68.723595,-27.789049],[-68.625796,-27.791917],[-68.582699,-27.819863],[-68.539147,-27.785378],[-68.514077,-27.842557],[-68.440281,-27.873656],[-68.456699,-28.015591],[-68.440002,-28.025391],[-68.396618,-28.004169],[-68.29541,-28.068604],[-68.141218,-28.101842],[-68.107311,-28.173463],[-68.022364,-28.124684],[-67.914375,-28.1137],[-67.922439,-28.171218],[-67.893532,-28.260415],[-67.841568,-28.316529],[-67.813209,-28.37168],[-67.799949,-28.345554],[-67.691464,-28.311834],[-67.375305,-28.384526],[-67.155443,-28.384407],[-67.07466,-28.270193],[-67.016245,-28.254251],[-66.57081,-28.288634],[-66.496273,-28.531339],[-66.496217,-28.622294],[-66.395996,-28.677002],[-66.351513,-28.720946],[-66.400154,-28.860726],[-66.099724,-28.944417],[-65.817374,-29.178856],[-65.816185,-29.269847],[-65.74834,-29.269686],[-65.717258,-29.328612],[-65.719247,-29.409936],[-65.422985,-30.119602],[-65.15827,-30.047267],[-64.937932,-29.847511],[-64.964052,-29.596091],[-64.824628,-29.574305],[-64.825937,-29.473654],[-64.785969,-29.405497],[-64.842593,-29.333741],[-64.830215,-29.278633],[-64.837596,-29.228569],[-64.85449,-29.197398],[-64.859844,-29.035],[-64.906601,-28.932445],[-64.901128,-28.841312],[-64.977271,-28.789202],[-65.016627,-28.737805],[-65.126835,-28.716219],[-65.136522,-28.64688],[-65.170609,-28.618386],[-65.184617,-28.60057],[-65.125891,-28.611468],[-65.097089,-28.470938],[-65.112391,-28.186654],[-65.170798,-27.946465],[-65.365788,-27.845841],[-65.500113,-27.92414],[-65.56847,-28.013186],[-65.612599,-27.991293],[-65.666266,-27.973235],[-65.698865,-27.889597],[-65.703914,-27.808094],[-65.753235,-27.76997],[-65.794649,-27.807098],[-65.828908,-27.812795],[-65.865487,-27.689008],[-65.915396,-27.66914],[-65.930639,-27.64526],[-65.97573,-27.493506],[-65.971974,-27.332926],[-66.139582,-27.261828],[-66.078763,-27.209464],[-66.054513,-27.144918],[-65.988965,-27.103983],[-65.964306,-27.033103],[-65.917123,-27.014876],[-65.857644,-26.901267],[-65.900475,-26.86379],[-65.830161,-26.744222],[-66.04219,-26.600372],[-66.17124,-26.631212],[-66.163891,-26.501811],[-66.154844,-26.443666],[-66.11913,-26.376967],[-66.121152,-26.276078],[-66.094091,-26.248591],[-66.099225,-26.216568],[-66.170524,-26.133993],[-66.216175,-26.139473],[-66.292958,-26.229306],[-66.382024,-26.416799],[-66.461022,-26.364094],[-66.539877,-26.353162],[-66.584189,-26.15983],[-66.659349,-26.107205],[-66.757273,-26.050133],[-66.780387,-26.046912],[-66.843463,-25.97734],[-66.847566,-25.796268],[-66.873566,-25.766185],[-66.801734,-25.698806],[-66.648577,-25.712032],[-66.630408,-25.654367],[-66.563902,-25.621762],[-66.518548,-25.44033],[-66.537099,-25.372483],[-66.599798,-25.362251],[-66.558191,-25.300654],[-66.879266,-25.241731],[-67.864601,-25.2384]]]},"properties":{"id":"10","nombre":"Catamarca","nombre_completo":"Provincia de Catamarca","fuente":"IGN","categoria":"Provincia","centroide":{"lon":-66.947897245,"lat":-27.335953796},"iso_id":"AR-K","iso_nombre":"Catamarca"}},
{"type":"Feature","geometry":{"type":"Polygon","coordinates":[[[-65.297906,-26.081736],[-65.359154,-26.059438],[-65.424556,-26.109015],[-65.548146,-26.087535],[-65.613633,-26.123473],[-65.688515,-26.117262],[-65.702825,-26.24164],[-65.722753,-26.2798],[-65.72303,-26.312712],[-65.711451,-26.328698],[-65.717759,-26.352467],[-66.040109,-26.250901],[-66.099757,-26.220486],[-66.094091,-26.248591],[-66.121152,-26.276078],[-66.11913,-26.376967],[-66.154844,-26.443666],[-66.163891,-26.501811],[-66.17124,-26.631212],[-66.04219,-26.600372],[-65.830161,-26.744222],[-65.900475,-26.86379],[-65.857644,-26.901267],[-65.917123,-27.014876],[-65.964306,-27.033103],[-65.988965,-27.103983],[-66.054513,-27.144918],[-66.078763,-27.209464],[-66.139582,-27.261828],[-65.971974,-27.332926],[-65.971185,-27.524443],[-65.930032,-27.646509],[-65.915396,-27.66914],[-65.865487,-27.689008],[-65.828908,-27.812795],[-65.794649,-27.807098],[-65.753235,-27.76997],[-65.703914,-27.808094],[-65.698865,-27.889597],[-65.666266,-27.973235],[-65.612599,-27.991293],[-65.576328,-28.014123],[-65.519695,-27.961868],[-65.523175,-27.949344],[-65.498447,-27.922772],[-65.370884,-27.846145],[-65.170798,-27.946465],[-65.178132,-27.916417],[-65.039037,-27.879261],[-64.986025,-27.741646],[-65.027115,-27.587145],[-64.966216,-27.551289],[-65.008868,-27.483713],[-64.974365,-27.350918],[-64.854259,-27.318301],[-64.766864,-27.014813],[-64.742586,-27.00441],[-64.707391,-26.82004],[-64.617889,-26.802693],[-64.58702,-26.657929],[-64.498582,-26.67359],[-64.534767,-26.410118],[-64.481788,-26.307587],[-64.497523,-26.216145],[-64.564152,-26.226925],[-64.579581,-26.218181],[-64.732152,-26.241556],[-64.845319,-26.238596],[-64.873443,-26.274922],[-64.951182,-26.306848],[-64.972518,-26.274381],[-65.039509,-26.290334],[-65.040725,-26.229933],[-65.275338,-26.171237],[-65.297906,-26.081736]]]},"properties":{"id":"90","nombre":"Tucumán","nombre_completo":"Provincia de Tucumán","fuente":"IGN","categoria":"Provincia","centroide":{"lon":-65.36476558,"lat":-26.948283502},"iso_id":"AR-T","iso_nombre":"Tucumán"}},
{"type":"Feature","geometry":{"type":"Polygon","coordinates":[[[-58.443824,-26.83206],[-58.569117,-26.727702],[-58.572181,-26.687517],[-58.744377,-26.602646],[-58.792258,-26.519425],[-58.845614,-26.519216],[-58.985715,-26.379999],[-59.068475,-26.374233],[-59.140226,-26.299443],[-59.192587,-26.329734],[-59.357506,-26.33797],[-59.428885,-26.198811],[-59.477396,-26.162347],[-59.584773,-26.121826],[-59.678304,-26.115002],[-59.668182,-26.024916],[-59.725094,-25.999758],[-59.753458,-25.920721],[-59.879063,-25.841987],[-60.011559,-25.729469],[-60.034852,-25.689419],[-60.102829,-25.670036],[-60.226422,-25.586002],[-60.224521,-25.485083],[-60.274433,-25.466528],[-60.327198,-25.407394],[-60.354294,-25.322742],[-60.427499,-25.315397],[-60.44176,-25.265266],[-60.541002,-25.167448],[-60.630634,-25.177561],[-60.721447,-25.12521],[-60.748523,-25.069369],[-60.806992,-25.064174],[-60.953522,-24.972647],[-60.994186,-24.916385],[-61.075102,-24.872696],[-61.144022,-24.804977],[-61.150202,-24.74986],[-61.208074,-24.698026],[-61.255731,-24.621735],[-61.346107,-24.638663],[-61.453956,-24.612175],[-61.518605,-24.51914],[-61.596403,-24.479293],[-61.582844,-24.441594],[-61.694488,-24.415154],[-61.760563,-24.328505],[-61.839948,-24.301497],[-61.908516,-24.306762],[-61.907838,-24.259432],[-62.076428,-24.201301],[-62.136097,-24.196022],[-62.182682,-24.155029],[-62.342157,-24.110249],[-62.342352,-24.392113],[-63.422412,-25.64922],[-61.711816,-25.654744],[-61.712045,-27.998552],[-58.884005,-28.000001],[-58.880822,-28.066825],[-58.857739,-28.011612],[-58.829262,-27.961873],[-58.844894,-27.885572],[-58.809708,-27.783407],[-58.818775,-27.681178],[-58.882746,-27.608523],[-58.871019,-27.571271],[-58.881402,-27.497892],[-58.781012,-27.381778],[-58.668787,-27.359092],[-58.616488,-27.318632],[-58.592479,-27.229028],[-58.66163,-27.186578],[-58.652207,-27.130556],[-58.554897,-27.108913],[-58.556039,-27.035701],[-58.472606,-27.003836],[-58.484137,-26.935354],[-58.398665,-26.864892],[-58.443824,-26.83206]]]},"properties":{"id":"22","nombre":"Chaco","nombre_completo":"Provincia del Chaco","fuente":"IGN","categoria":"Provincia","centroide":{"lon":-60.76511626,"lat":-26.386987184},"iso_id":"AR-H","iso_nombre":"Chaco"}},
{"type":"Feature","geometry":{"type":"Polygon","coordinates":[[[-58.398665,-26.864892],[-58.325272,-26.869674],[-58.334863,-26.809557],[-58.246005,-26.750337],[-58.260224,-26.645089],[-58.194094,-26.597804],[-58.224932,-26.536072],[-58.1809,-26.457397],[-58.221727,-26.399495],[-58.159666,-26.348817],[-58.163825,-26.264373],[-58.104227,-26.229894],[-58.118638,-26.154354],[-58.090928,-26.11628],[-58.015404,-26.101668],[-57.919515,-26.032325],[-57.854756,-26.008455],[-57.895302,-25.960713],[-57.836767,-25.915599],[-57.858469,-25.858001],[-57.796564,-25.824855],[-57.742785,-25.651878],[-57.678067,-25.661072],[-57.674983,-25.596998],[-57.616848,-25.616072],[-57.560602,-25.452714],[-57.70285,-25.322201],[-57.753504,-25.176473],[-57.837014,-25.131425],[-57.861132,-25.08159],[-57.999517,-25.074166],[-58.068674,-25.045712],[-58.090575,-25.00875],[-58.255365,-24.931865],[-58.333677,-25.000018],[-58.430017,-24.893304],[-58.573584,-24.821026],[-58.673502,-24.831515],[-58.726992,-24.774331],[-58.807361,-24.772409],[-58.972971,-24.662056],[-59.023883,-24.660099],[-59.127806,-24.617952],[-59.185538,-24.563641],[-59.350488,-24.483049],[-59.374104,-24.421867],[-59.421276,-24.408879],[-59.475908,-24.331139],[-60.039006,-24.011656],[-60.177525,-24.044022],[-60.295069,-24.041431],[-60.374233,-24.023722],[-60.389508,-23.994954],[-60.477794,-23.950936],[-60.509661,-23.970865],[-60.589928,-23.958839],[-60.612822,-23.903819],[-60.694212,-23.902591],[-60.742974,-23.87272],[-60.847339,-23.871548],[-60.933932,-23.800326],[-60.986809,-23.812867],[-61.095178,-23.666661],[-61.089515,-23.613861],[-61.176573,-23.547538],[-61.246901,-23.540801],[-61.35207,-23.449954],[-61.44949,-23.419048],[-61.494122,-23.424436],[-61.566557,-23.339381],[-61.572954,-23.30403],[-61.663075,-23.27665],[-61.734897,-23.235754],[-61.754424,-23.171093],[-61.89183,-23.069633],[-61.934727,-23.067687],[-62.010376,-22.975686],[-62.040548,-22.869415],[-62.108199,-22.819527],[-62.20102,-22.683658],[-62.207208,-22.645761],[-62.26421,-22.600209],[-62.233477,-22.57049],[-62.252286,-22.5153],[-62.342256,-22.460941],[-62.342157,-24.110249],[-62.182682,-24.155029],[-62.136097,-24.196022],[-62.076428,-24.201301],[-61.907838,-24.259432],[-61.908516,-24.306762],[-61.839948,-24.301497],[-61.760563,-24.328505],[-61.694488,-24.415154],[-61.582844,-24.441594],[-61.596403,-24.479293],[-61.518605,-24.51914],[-61.453956,-24.612175],[-61.346107,-24.638663],[-61.255731,-24.621735],[-61.208074,-24.698026],[-61.150202,-24.74986],[-61.144022,-24.804977],[-61.075102,-24.872696],[-60.994186,-24.916385],[-60.953522,-24.972647],[-60.806992,-25.064174],[-60.748523,-25.069369],[-60.721447,-25.12521],[-60.630634,-25.177561],[-60.541002,-25.167448],[-60.44176,-25.265266],[-60.427499,-25.315397],[-60.354294,-25.322742],[-60.327198,-25.407394],[-60.274433,-25.466528],[-60.224521,-25.485083],[-60.226422,-25.586002],[-60.102829,-25.670036],[-60.034852,-25.689419],[-60.011559,-25.729469],[-59.879063,-25.841987],[-59.753458,-25.920721],[-59.725094,-25.999758],[-59.668182,-26.024916],[-59.678304,-26.115002],[-59.584773,-26.121826],[-59.477396,-26.162347],[-59.428885,-26.198811],[-59.357506,-26.33797],[-59.192587,-26.329734],[-59.140226,-26.299443],[-59.068475,-26.374233],[-58.985715,-26.379999],[-58.845614,-26.519216],[-58.792258,-26.519425],[-58.744377,-26.602646],[-58.572181,-26.687517],[-58.569117,-26.727702],[-58.443824,-26.83206],[-58.398665,-26.864892]]]},"properties":{"id":"34","nombre":"Formosa","nombre_completo":"Provincia de Formosa","fuente":"IGN","categoria":"Provincia","centroide":{"lon":-59.932190112,"lat":-24.895087176},"iso_id":"AR-P","iso_nombre":"Formosa"}},
{"type":"Feature","geometry":{"type":"Polygon","coordinates":[[[-71.644901,-46],[-71.714897,-46.090206],[-71.914554,-46.139819],[-71.859368,-46.194703],[-71.777569,-46.198792],[-71.726883,-46.2719],[-71.756522,-46.345629],[-71.669291,-46.527842],[-71.643372,-46.684822],[-71.685779,-46.697327],[-71.832889,-46.797755],[-71.955377,-46.814422],[-71.931339,-46.868158],[-71.971055,-46.905225],[-71.932566,-46.994376],[-71.954054,-47.076058],[-71.880296,-47.107491],[-71.850481,-47.164187],[-71.864745,-47.230568],[-72.000909,-47.217569],[-71.996445,-47.294954],[-72.047705,-47.339997],[-72.128084,-47.328119],[-72.161339,-47.394485],[-72.244481,-47.406091],[-72.293431,-47.446242],[-72.29114,-47.511889],[-72.379656,-47.635796],[-72.450507,-47.705284],[-72.49593,-47.797108],[-72.468162,-47.812749],[-72.527417,-47.937784],[-72.425973,-47.966986],[-72.443792,-48.064348],[-72.360306,-48.073599],[-72.299081,-48.158634],[-72.316699,-48.23401],[-72.226737,-48.321972],[-72.277981,-48.362613],[-72.406407,-48.416075],[-72.373506,-48.449823],[-72.441592,-48.514087],[-72.58575,-48.487316],[-72.535444,-48.665468],[-72.532232,-48.797557],[-72.636937,-48.86725],[-72.748142,-48.910289],[-72.794589,-48.968082],[-72.919711,-48.935702],[-72.992865,-48.997225],[-72.981373,-49.029156],[-73.062155,-49.127525],[-73.145431,-49.190152],[-73.143677,-49.270996],[-73.470703,-49.201111],[-73.493713,-49.272705],[-73.410583,-49.319397],[-73.426208,-49.391907],[-73.490417,-49.428711],[-73.463806,-49.482483],[-73.539612,-49.49823],[-73.536011,-49.564026],[-73.464111,-49.642395],[-73.498596,-49.691711],[-73.438782,-49.757812],[-73.552612,-49.923889],[-73.505188,-49.966492],[-73.566589,-50.020386],[-73.48291,-50.054077],[-73.541504,-50.119019],[-73.56543,-50.270691],[-73.46991,-50.344482],[-73.422485,-50.442627],[-73.432617,-50.483093],[-73.288696,-50.585999],[-73.270813,-50.648804],[-73.172729,-50.676697],[-73.284912,-50.787903],[-73.203491,-50.820984],[-73.096924,-50.773376],[-72.954699,-50.740959],[-72.891438,-50.670176],[-72.729745,-50.614952],[-72.594695,-50.681659],[-72.490378,-50.600298],[-72.359189,-50.616121],[-72.286248,-50.659646],[-72.345549,-50.759826],[-72.280339,-50.809945],[-72.248064,-50.875034],[-72.265665,-51.035228],[-72.374169,-51.023208],[-72.40906,-51.10749],[-72.348758,-51.20361],[-72.303602,-51.201739],[-72.269179,-51.283252],[-72.360045,-51.319106],[-72.308968,-51.366446],[-72.344661,-51.520738],[-72.287528,-51.669069],[-72.121749,-51.744029],[-71.951015,-51.871624],[-71.928838,-51.914549],[-72.034254,-51.96055],[-71.9215,-51.999984],[-69.9955,-52.000717],[-69.485964,-52.151439],[-69.190011,-52.150102],[-68.986878,-52.203581],[-68.837997,-52.277736],[-68.586025,-52.3067],[-68.573481,-52.325178],[-68.35253,-52.322552],[-68.70845,-51.981247],[-68.961329,-51.62389],[-68.946375,-51.554304],[-69.10858,-51.166986],[-69.166128,-50.980888],[-69.321228,-50.988403],[-69.132019,-50.899586],[-69.141028,-50.727244],[-69.07931,-50.565332],[-68.970992,-50.419866],[-68.880006,-50.335618],[-68.407207,-50.186236],[-68.354906,-50.151305],[-68.490295,-50.088013],[-68.416382,-50.059021],[-68.34358,-50.120801],[-68.147222,-50.105422],[-68.039504,-50.068174],[-67.836403,-49.944609],[-67.732251,-49.782696],[-67.720487,-49.63596],[-67.666578,-49.404776],[-67.603603,-49.295673],[-67.668091,-49.255188],[-67.713806,-49.385925],[-67.818604,-49.405518],[-67.797607,-49.328003],[-67.667603,-49.245911],[-67.613892,-49.185181],[-67.635617,-49.13824],[-67.551289,-49.014365],[-67.41309,-48.912715],[-67.219925,-48.838],[-67.129696,-48.685143],[-66.990583,-48.613442],[-66.875262,-48.593383],[-66.831052,-48.523036],[-66.647614,-48.432177],[-66.494353,-48.417472],[-66.448039,-48.352313],[-66.33388,-48.354685],[-66.337558,-48.277163],[-66.228255,-48.201297],[-66.159926,-48.190461],[-66.121065,-48.123588],[-65.904372,-48.080372],[-65.940868,-48.030851],[-65.924173,-47.939689],[-65.846807,-47.939075],[-65.880018,-47.774238],[-65.844895,-47.734623],[-65.739803,-47.510235],[-65.717846,-47.332161],[-65.757721,-47.222059],[-65.867381,-47.092097],[-65.940692,-47.072181],[-66.197696,-47.087402],[-66.497776,-47.038277],[-66.630507,-47.045786],[-66.791934,-46.999144],[-66.89941,-46.912013],[-66.95092,-46.846982],[-67.027472,-46.81486],[-67.121628,-46.707441],[-67.254463,-46.646231],[-67.355322,-46.61884],[-67.440279,-46.548541],[-67.567368,-46.349066],[-67.613668,-46.23144],[-67.627216,-46.08329],[-67.595705,-45.999872],[-71.644901,-46]]]},"properties":{"id":"78","nombre":"Santa Cruz","nombre_completo":"Provincia de Santa Cruz","fuente":"IGN","categoria":"Provincia","centroide":{"lon":-69.955761914,"lat":-48.815547183},"iso_id":"AR-Z","iso_nombre":"Santa Cruz"}},
{"type":"Feature","geometry":{"type":"Polygon","coordinates":[[[-65.069254,-42],[-67.750569,-41.999988],[-71.773935,-42],[-71.726088,-42.109669],[-71.781727,-42.14808],[-71.957551,-42.141254],[-72.188262,-42.160969],[-72.156808,-42.193731],[-72.168687,-42.257895],[-72.131864,-42.384323],[-72.028486,-42.407523],[-72.012605,-42.494855],[-72.118513,-42.60296],[-72.165019,-42.798314],[-72.142547,-42.899865],[-72.073203,-42.94961],[-72.036165,-43.01339],[-71.93631,-43.052771],[-71.943302,-43.09242],[-71.857337,-43.142577],[-71.760532,-43.164622],[-71.730799,-43.282239],[-71.840097,-43.335205],[-71.934232,-43.449101],[-71.848635,-43.482889],[-71.87748,-43.551083],[-71.776522,-43.538692],[-71.703464,-43.625249],[-71.626294,-43.623707],[-71.599781,-43.696969],[-71.660358,-43.702377],[-71.753419,-43.78818],[-71.762746,-43.840576],[-71.648781,-43.945925],[-71.759426,-44.099609],[-71.848659,-44.113525],[-71.799878,-44.191695],[-71.808761,-44.288212],[-71.839018,-44.349976],[-71.767349,-44.410414],[-71.711693,-44.379224],[-71.657883,-44.408987],[-71.551787,-44.408971],[-71.386197,-44.385275],[-71.348885,-44.424795],[-71.246182,-44.417404],[-71.129689,-44.471803],[-71.091463,-44.532549],[-71.101901,-44.590688],[-71.200847,-44.591636],[-71.235489,-44.640919],[-71.195842,-44.684896],[-71.205969,-44.750455],[-71.291816,-44.813948],[-71.394486,-44.790024],[-71.474207,-44.737073],[-71.666343,-44.787206],[-71.786484,-44.752264],[-71.859802,-44.800476],[-71.914612,-44.776611],[-72.005493,-44.784302],[-72.065593,-44.849996],[-72.037153,-44.90282],[-71.924976,-44.944208],[-71.817219,-44.91979],[-71.74211,-44.958352],[-71.559717,-44.977447],[-71.557986,-45.03148],[-71.505425,-45.072212],[-71.487486,-45.144117],[-71.425178,-45.171744],[-71.320053,-45.29212],[-71.335909,-45.322034],[-71.529458,-45.392704],[-71.533945,-45.432974],[-71.46892,-45.493636],[-71.559562,-45.523584],[-71.682135,-45.515076],[-71.795526,-45.664931],[-71.801054,-45.720894],[-71.743271,-45.802588],[-71.76897,-45.844395],[-71.652519,-45.89039],[-71.612544,-45.963225],[-71.644901,-46],[-67.595705,-45.999872],[-67.552069,-45.925681],[-67.454749,-45.819468],[-67.39788,-45.787524],[-67.345068,-45.623017],[-67.221539,-45.527077],[-67.063995,-45.346155],[-66.964022,-45.272986],[-66.841313,-45.230013],[-66.662014,-45.211418],[-66.518652,-45.222898],[-66.599702,-45.139409],[-66.359198,-45.039739],[-66.283699,-45.04873],[-66.230197,-45.007006],[-66.118945,-44.985234],[-66.019686,-44.998869],[-65.934441,-45.049437],[-65.846532,-45.002074],[-65.697816,-45.045925],[-65.613578,-44.999875],[-65.535769,-44.920758],[-65.663086,-44.890936],[-65.728849,-44.848403],[-65.692978,-44.725028],[-65.63837,-44.665869],[-65.46339,-44.600225],[-65.30079,-44.510193],[-65.334459,-44.456],[-65.216735,-44.366741],[-65.258822,-44.327301],[-65.311773,-44.204271],[-65.287693,-44.154759],[-65.220402,-44.13679],[-65.224778,-44.045342],[-65.299421,-43.933439],[-65.328576,-43.845666],[-65.311194,-43.795579],[-65.354619,-43.764467],[-65.332906,-43.6575],[-65.285644,-43.597597],[-65.194005,-43.539865],[-65.145196,-43.47333],[-65.052579,-43.402579],[-65.050293,-43.328276],[-64.97634,-43.254972],[-64.757608,-43.150603],[-64.458955,-43.064466],[-64.330584,-43.002749],[-64.396822,-42.959591],[-64.542784,-42.919973],[-64.629135,-42.919378],[-64.811592,-42.840214],[-64.877431,-42.834646],[-64.95336,-42.785391],[-65.015345,-42.781703],[-65.036071,-42.730562],[-64.979796,-42.649137],[-64.92316,-42.616843],[-64.833611,-42.610548],[-64.753708,-42.547088],[-64.629167,-42.496334],[-64.489398,-42.500236],[-64.343727,-42.531503],[-64.211141,-42.625411],[-64.249406,-42.683045],[-64.253564,-42.765154],[-64.145191,-42.87379],[-64.110453,-42.878948],[-63.790482,-42.814073],[-63.732851,-42.812788],[-63.629964,-42.764628],[-63.639815,-42.699764],[-63.582803,-42.607346],[-63.604123,-42.547193],[-63.603028,-42.315433],[-63.770304,-42.073775],[-63.934963,-42.103281],[-64.075113,-42.178329],[-64.246898,-42.234181],[-64.089816,-42.253411],[-64.049461,-42.291816],[-64.056837,-42.382664],[-64.124248,-42.429664],[-64.289353,-42.41509],[-64.438545,-42.439807],[-64.610098,-42.426381],[-64.558559,-42.307455],[-64.464209,-42.239523],[-64.739996,-42.214097],[-64.880279,-42.180798],[-65.013988,-42.093375],[-65.069254,-42]]]},"properties":{"id":"26","nombre":"Chubut","nombre_completo":"Provincia del Chubut","fuente":"IGN","categoria":"Provincia","centroide":{"lon":-68.526736334,"lat":-43.788627139},"iso_id":"AR-U","iso_nombre":"Chubut"}},
{"type":"Feature","geometry":{"type":"Polygon","coordinates":[[[-70.126201,-32.574154],[-70.151621,-32.636807],[-70.147581,-32.72843],[-70.044684,-32.86995],[-69.989382,-32.898958],[-70.080917,-33.028295],[-70.064398,-33.205112],[-70.02591,-33.236512],[-70.000908,-33.322875],[-69.915865,-33.266766],[-69.799887,-33.28786],[-69.769065,-33.343213],[-69.865326,-33.583005],[-69.884855,-33.683225],[-69.864603,-33.716782],[-69.904673,-33.771287],[-69.899147,-33.847078],[-69.855521,-33.892096],[-69.854025,-34.056267],[-69.873292,-34.131073],[-69.815258,-34.177865],[-69.807199,-34.248351],[-69.89698,-34.265863],[-69.972438,-34.250007],[-70.030841,-34.287725],[-70.012299,-34.41195],[-70.216984,-34.610737],[-70.215864,-34.683427],[-70.309083,-34.769498],[-70.248195,-34.798868],[-70.27632,-34.876255],[-70.331134,-34.936478],[-70.333674,-34.989925],[-70.376346,-35.050919],[-70.37502,-35.170222],[-70.472086,-35.20391],[-70.53605,-35.199103],[-70.583686,-35.26716],[-70.500196,-35.321068],[-70.431893,-35.318292],[-70.452003,-35.391625],[-70.384696,-35.60511],[-70.423798,-35.641065],[-70.311964,-35.813164],[-70.420483,-35.875069],[-70.422954,-35.971549],[-70.378151,-35.989969],[-70.410544,-36.05641],[-70.397378,-36.119489],[-70.394986,-36.194329],[-70.370616,-36.223792],[-70.371688,-36.281498],[-70.338949,-36.336924],[-70.225354,-36.32712],[-70.182686,-36.491076],[-70.045693,-36.656612],[-69.94753,-36.721607],[-69.921877,-36.794712],[-69.850603,-36.846272],[-69.759652,-36.87152],[-69.778998,-36.916821],[-69.755634,-37.068641],[-69.711541,-37.101483],[-69.529573,-37.174436],[-69.396988,-37.171903],[-69.268318,-37.144501],[-69.064131,-37.223647],[-69.026041,-37.364793],[-68.884681,-37.381995],[-68.766087,-37.366485],[-68.69658,-37.442344],[-68.504908,-37.454093],[-68.436663,-37.544564],[-68.354952,-37.547228],[-68.258036,-37.574501],[-68.250183,-36.172485],[-68.296132,-36.172547],[-68.29641,-35.997622],[-66.637848,-36.000593],[-66.619716,-35.971015],[-66.622895,-35.851665],[-66.589446,-35.794422],[-66.580584,-35.703778],[-66.547673,-35.638774],[-66.570236,-35.581164],[-66.525153,-35.540197],[-66.484156,-35.240807],[-66.477995,-35.14187],[-66.545675,-34.969295],[-66.561162,-34.832748],[-66.649667,-34.758331],[-66.729158,-34.585127],[-66.757205,-34.566598],[-66.754372,-34.443125],[-66.81189,-34.345104],[-66.801194,-34.258365],[-66.747999,-34.222447],[-66.711337,-34.147339],[-66.708247,-34.024731],[-66.663207,-33.98628],[-66.675863,-33.941621],[-66.722746,-33.935331],[-66.804389,-33.860908],[-66.873256,-33.832946],[-66.883256,-33.768709],[-66.949449,-33.731333],[-67.096395,-33.532763],[-67.095979,-33.503497],[-67.152606,-33.412153],[-67.18489,-33.123516],[-67.179286,-33.003509],[-67.23235,-32.884999],[-67.177981,-32.82035],[-67.166335,-32.758716],[-67.224982,-32.682167],[-67.310131,-32.424741],[-67.331762,-32.350724],[-67.472911,-32.306686],[-67.522397,-32.221168],[-67.596926,-32.246277],[-67.676298,-32.225198],[-67.838262,-32.215087],[-67.872869,-32.188012],[-67.916519,-32.175172],[-67.957586,-32.092322],[-68.052905,-32.071038],[-68.073254,-32.098972],[-68.205425,-32.12117],[-68.247932,-32.091545],[-68.301063,-32.13919],[-68.461208,-32.139189],[-68.461209,-32.238052],[-68.665655,-32.337072],[-68.917614,-32.33794],[-68.917615,-32.114646],[-69.013149,-32.115937],[-69.116441,-32.020545],[-69.183994,-31.999385],[-69.244509,-32.016113],[-69.3142,-32.091109],[-69.378604,-32.064209],[-69.454761,-32.074682],[-69.531141,-32.14095],[-69.596233,-32.140907],[-69.630307,-32.262093],[-69.721498,-32.314175],[-69.733157,-32.390556],[-69.689212,-32.430176],[-69.704961,-32.496442],[-69.758861,-32.512382],[-69.778761,-32.542409],[-69.827384,-32.56271],[-70.003558,-32.529095],[-70.025831,-32.578771],[-70.068305,-32.626063],[-70.089601,-32.622434],[-70.126201,-32.574154]]]},"properties":{"id":"50","nombre":"Mendoza","nombre_completo":"Provincia de Mendoza","fuente":"IGN","categoria":"Provincia","centroide":{"lon":-68.582945602,"lat":-34.630388707},"iso_id":"AR-M","iso_nombre":"Mendoza"}},
{"type":"Feature","geometry":{"type":"Polygon","coordinates":[[[-58.496562,-30.207688],[-58.585342,-30.159018],[-58.630015,-30.176859],[-58.647139,-30.163194],[-58.803753,-30.210834],[-58.878856,-30.246662],[-58.965202,-30.21834],[-59.064251,-30.230818],[-59.229703,-30.364175],[-59.347148,-30.324657],[-59.419647,-30.315736],[-59.490212,-30.344331],[-59.557735,-30.33265],[-59.587769,-30.434822],[-59.63682,-30.357754],[-59.671672,-30.338662],[-59.703439,-30.44261],[-59.65033,-30.500977],[-59.645856,-30.597037],[-59.678406,-30.646912],[-59.63269,-30.711304],[-59.699394,-30.769072],[-59.734848,-30.876624],[-59.818176,-30.942505],[-59.902838,-31.084827],[-59.963379,-31.119873],[-60.013428,-31.250671],[-60.105591,-31.289917],[-60.086792,-31.346985],[-60.143494,-31.443604],[-60.212354,-31.467816],[-60.244001,-31.530395],[-60.332807,-31.547156],[-60.330665,-31.608546],[-60.46759,-31.698303],[-60.568135,-31.704914],[-60.627622,-31.73323],[-60.642883,-31.751221],[-60.640947,-31.791765],[-60.675781,-31.811707],[-60.652893,-31.897095],[-60.671875,-31.930176],[-60.719707,-31.958803],[-60.723514,-31.977601],[-60.658081,-32.05072],[-60.658555,-32.080155],[-60.700382,-32.149769],[-60.672607,-32.232605],[-60.679018,-32.319529],[-60.718993,-32.334044],[-60.723816,-32.456116],[-60.776184,-32.507019],[-60.747375,-32.554321],[-60.752075,-32.622192],[-60.723514,-32.671689],[-60.716003,-32.773621],[-60.658875,-32.831177],[-60.676208,-32.899597],[-60.620246,-32.947945],[-60.60121,-33.006004],[-60.513184,-33.112915],[-60.424178,-33.173994],[-60.392055,-33.188984],[-60.335662,-33.176849],[-60.297829,-33.242284],[-60.200684,-33.292175],[-60.169617,-33.348999],[-60.111084,-33.372986],[-60.04484,-33.447527],[-59.933006,-33.474891],[-59.894744,-33.510284],[-59.80953,-33.551657],[-59.809381,-33.588509],[-59.787638,-33.603648],[-59.65891,-33.620037],[-59.636037,-33.642701],[-59.617418,-33.693741],[-59.516737,-33.630834],[-59.467773,-33.704285],[-59.377686,-33.736511],[-59.254272,-33.72229],[-59.235413,-33.73999],[-59.24231,-33.807495],[-59.173584,-33.807007],[-59.130676,-33.847717],[-59.055481,-33.832397],[-58.89978,-33.890991],[-58.854872,-33.947214],[-58.763739,-33.94531],[-58.654997,-34.035254],[-58.60717,-34.037871],[-58.463196,-34.001892],[-58.344989,-34.038397],[-58.423586,-33.916318],[-58.434369,-33.721887],[-58.494713,-33.586549],[-58.445011,-33.541052],[-58.431714,-33.363329],[-58.39047,-33.279121],[-58.404368,-33.180052],[-58.361818,-33.120989],[-58.175963,-33.076893],[-58.098902,-33.020388],[-58.087324,-32.958903],[-58.115576,-32.919768],[-58.119798,-32.815234],[-58.149629,-32.734879],[-58.160583,-32.57078],[-58.204588,-32.462003],[-58.183357,-32.376675],[-58.12299,-32.339999],[-58.099882,-32.260012],[-58.183326,-32.1592],[-58.143142,-32.060556],[-58.1383,-32.001843],[-58.20681,-31.871645],[-58.086138,-31.821137],[-58.038148,-31.759064],[-57.980639,-31.581048],[-58.003795,-31.531906],[-58.082394,-31.457827],[-57.979348,-31.388399],[-57.980907,-31.318799],[-57.91314,-31.212921],[-57.916687,-31.122593],[-57.861725,-31.043471],[-57.914899,-30.920564],[-57.824487,-30.91163],[-57.797397,-30.782707],[-57.843748,-30.721658],[-57.894779,-30.669411],[-57.980233,-30.629397],[-58.037025,-30.5679],[-58.072575,-30.425187],[-58.142282,-30.405238],[-58.20739,-30.288077],[-58.28555,-30.244631],[-58.343726,-30.27125],[-58.451527,-30.224856],[-58.496562,-30.207688]]]},"properties":{"id":"30","nombre":"Entre Ríos","nombre_completo":"Provincia de Entre Ríos","fuente":"IGN","categoria":"Provincia","centroide":{"lon":-59.201262616,"lat":-32.058927894},"iso_id":"AR-E","iso_nombre":"Entre Ríos"}},
{"type":"Feature","geometry":{"type":"Polygon","coordinates":[[[-69.605713,-28.419006],[-69.664736,-28.482182],[-69.662334,-28.58301],[-69.73142,-28.684033],[-69.692902,-28.770896],[-69.765702,-28.898793],[-69.754408,-28.984239],[-69.793645,-29.051055],[-69.788099,-29.132683],[-69.876121,-29.138899],[-69.924355,-29.186395],[-69.938155,-29.249921],[-69.99799,-29.285798],[-70.021437,-29.384096],[-69.966598,-29.413599],[-69.931736,-29.585915],[-69.939526,-29.654419],[-69.878671,-29.725808],[-69.914848,-29.792706],[-69.888515,-29.904588],[-69.915414,-30.025584],[-69.96487,-30.085446],[-69.809041,-30.153372],[-69.835045,-30.219944],[-69.887903,-30.223972],[-69.918696,-30.350116],[-69.955342,-30.385505],[-70.063206,-30.394364],[-70.194815,-30.49163],[-70.179398,-30.511791],[-70.24664,-30.634207],[-70.246094,-30.728522],[-70.28797,-30.786689],[-70.279739,-30.830691],[-70.322821,-30.928026],[-70.297766,-31.020163],[-70.401378,-31.167072],[-70.455838,-31.084302],[-70.497907,-31.122797],[-70.515336,-31.232404],[-70.547157,-31.314853],[-70.531974,-31.407737],[-70.569292,-31.474919],[-70.55226,-31.511161],[-70.567384,-31.600134],[-70.467302,-31.700652],[-70.460442,-31.843866],[-70.376856,-31.884822],[-70.280053,-31.884086],[-70.209316,-31.960411],[-70.248261,-32.023861],[-70.328742,-32.049291],[-70.341655,-32.108644],[-70.303877,-32.136322],[-70.323051,-32.267049],[-70.222366,-32.325004],[-70.236649,-32.429292],[-70.148746,-32.465665],[-70.126201,-32.574154],[-70.089601,-32.622434],[-70.066163,-32.625825],[-70.0457,-32.605183],[-70.003558,-32.529095],[-69.827384,-32.56271],[-69.778761,-32.542409],[-69.758861,-32.512382],[-69.70556,-32.497463],[-69.689212,-32.430176],[-69.733157,-32.390556],[-69.721498,-32.314175],[-69.630307,-32.262093],[-69.596233,-32.140907],[-69.531141,-32.14095],[-69.454761,-32.074682],[-69.378604,-32.064209],[-69.3142,-32.091109],[-69.244509,-32.016113],[-69.183994,-31.999385],[-69.116441,-32.020545],[-69.013149,-32.115937],[-68.917615,-32.114646],[-68.917614,-32.33794],[-68.665655,-32.337072],[-68.461209,-32.238052],[-68.461208,-32.139189],[-68.301063,-32.13919],[-68.247932,-32.091545],[-68.205425,-32.12117],[-68.073254,-32.098972],[-68.052905,-32.071038],[-67.957586,-32.092322],[-67.916519,-32.175172],[-67.872869,-32.188012],[-67.838262,-32.215087],[-67.676298,-32.225198],[-67.596926,-32.246277],[-67.522397,-32.221168],[-67.472911,-32.306686],[-67.332381,-32.350103],[-67.263799,-32.381859],[-67.278008,-32.292324],[-67.37039,-32.246281],[-67.380186,-32.223756],[-67.383793,-32.125212],[-67.365234,-31.975901],[-67.379244,-31.868116],[-67.241536,-31.880805],[-67.136729,-31.833805],[-67.00593,-31.855355],[-66.885696,-31.897693],[-66.661788,-31.920536],[-66.73504,-31.87466],[-66.802429,-31.811829],[-66.868184,-31.633298],[-66.951966,-31.633298],[-67.101229,-31.382986],[-67.066765,-31.083172],[-67.116441,-31.016001],[-67.08207,-30.916096],[-67.128841,-30.895631],[-67.282792,-30.69528],[-67.410093,-30.627466],[-67.494802,-30.536332],[-67.578012,-30.404177],[-67.590873,-30.298148],[-67.990087,-29.988104],[-68.054332,-29.900302],[-68.15879,-29.885431],[-68.199003,-29.781091],[-68.441284,-29.650513],[-68.520203,-29.637512],[-68.68251,-29.646533],[-68.717936,-29.624542],[-69.015965,-29.650039],[-69.033718,-29.532973],[-68.974589,-29.36415],[-69.001239,-29.186642],[-68.91189,-29.128584],[-68.908508,-29.044922],[-68.956066,-28.949476],[-68.908706,-28.85932],[-69.161971,-28.761135],[-69.209585,-28.682414],[-69.202646,-28.595962],[-69.316172,-28.411606],[-69.429959,-28.450992],[-69.469602,-28.415027],[-69.555237,-28.405822],[-69.605713,-28.419006]]]},"properties":{"id":"70","nombre":"San Juan","nombre_completo":"Provincia de San Juan","fuente":"IGN","categoria":"Provincia","centroide":{"lon":-68.888159707,"lat":-30.865660702},"iso_id":"AR-J","iso_nombre":"San Juan"}},
{"type":"Feature","geometry":{"type":"Polygon","coordinates":[[[-65.186567,-22.08535],[-65.589006,-22.098582],[-65.748264,-22.109145],[-65.804835,-22.075248],[-65.924778,-21.93355],[-66.048167,-21.919017],[-66.076306,-21.834975],[-66.207661,-21.788354],[-66.274639,-21.94442],[-66.288604,-22.086955],[-66.347753,-22.128027],[-66.68625,-22.209539],[-66.739278,-22.238458],[-66.784306,-22.401769],[-66.782472,-22.438075],[-66.928556,-22.492228],[-66.972944,-22.540658],[-67.02725,-22.540883],[-67.014083,-22.654814],[-67.12775,-22.722114],[-67.1805,-22.814128],[-66.990503,-23.000006],[-67.213047,-23.694917],[-66.992836,-23.889907],[-66.941121,-23.984036],[-66.880641,-23.974391],[-66.837372,-24.070739],[-66.646276,-24.172513],[-66.543626,-24.207638],[-66.422488,-24.163947],[-66.362287,-24.087357],[-66.368141,-23.971905],[-66.353303,-23.825257],[-66.376856,-23.750218],[-66.36758,-23.694625],[-66.283644,-23.5747],[-66.264906,-23.566253],[-66.239616,-23.492459],[-66.182925,-23.438445],[-66.184289,-23.414608],[-66.163745,-23.415436],[-66.112573,-23.434424],[-66.011199,-23.508777],[-65.987219,-23.509654],[-66.021926,-23.861713],[-65.992573,-23.979955],[-65.947545,-24.007161],[-65.86737,-24.00333],[-65.804518,-24.033019],[-65.720861,-24.109339],[-65.725017,-24.186],[-65.670838,-24.252933],[-65.682687,-24.307724],[-65.656331,-24.37742],[-65.54042,-24.451516],[-65.464285,-24.430577],[-65.358843,-24.461322],[-65.317312,-24.502338],[-65.194119,-24.45986],[-65.10516,-24.523038],[-65.079672,-24.562185],[-64.927407,-24.599773],[-64.842698,-24.467085],[-64.725826,-24.529901],[-64.647548,-24.613357],[-64.560132,-24.577229],[-64.535756,-24.507619],[-64.436295,-24.442659],[-64.421652,-24.402206],[-64.31834,-24.42716],[-64.288777,-24.407116],[-64.251978,-24.364174],[-64.252395,-24.344425],[-64.223127,-24.329375],[-64.161841,-24.221061],[-64.157057,-23.518042],[-64.354331,-23.517997],[-64.393192,-23.610071],[-64.41904,-23.635693],[-64.448334,-23.639416],[-64.49587,-23.567137],[-64.532561,-23.521357],[-64.657688,-23.483167],[-64.682533,-23.452433],[-64.787476,-23.496161],[-64.845038,-23.49725],[-64.868444,-23.447421],[-64.906665,-23.423791],[-64.910177,-23.310812],[-64.947278,-23.269148],[-65.010115,-23.285114],[-65.038648,-23.226904],[-65.04502,-23.155738],[-65.071695,-23.137652],[-65.06683,-23.047261],[-65.133765,-23.001884],[-65.188911,-22.998151],[-65.218238,-22.95895],[-65.251689,-22.927957],[-65.274232,-22.790107],[-65.306061,-22.7304],[-65.271662,-22.64823],[-65.350694,-22.602262],[-65.347124,-22.520101],[-65.305689,-22.466615],[-65.262733,-22.338258],[-65.240295,-22.279248],[-65.22048,-22.169585],[-65.186567,-22.08535]]]},"properties":{"id":"38","nombre":"Jujuy","nombre_completo":"Provincia de Jujuy","fuente":"IGN","categoria":"Provincia","centroide":{"lon":-65.764423919,"lat":-23.319975062},"iso_id":"AR-Y","iso_nombre":"Jujuy"}},
{"type":"Feature","geometry":{"type":"Polygon","coordinates":[[[-61.711816,-25.654744],[-62.379131,-25.65195],[-63.422412,-25.64922],[-63.47552,-25.70995],[-63.566327,-25.709947],[-63.660465,-25.685373],[-64.007837,-25.673766],[-64.025547,-25.753939],[-64.196277,-25.728002],[-64.267966,-25.700569],[-64.413011,-26.040483],[-64.416683,-26.114299],[-64.502102,-26.239475],[-64.481788,-26.307587],[-64.534767,-26.410118],[-64.498582,-26.67359],[-64.58702,-26.657929],[-64.617889,-26.802693],[-64.707391,-26.82004],[-64.742586,-27.00441],[-64.766864,-27.014813],[-64.854259,-27.318301],[-64.974365,-27.350918],[-65.008868,-27.483713],[-64.966216,-27.551289],[-65.027115,-27.587145],[-64.986025,-27.741646],[-65.039037,-27.879261],[-65.178132,-27.916417],[-65.112391,-28.186654],[-65.097089,-28.470938],[-65.125891,-28.611468],[-65.184617,-28.60057],[-65.170609,-28.618386],[-65.136522,-28.64688],[-65.126835,-28.716219],[-65.016627,-28.737805],[-64.977271,-28.789202],[-64.901128,-28.841312],[-64.906601,-28.932445],[-64.859844,-29.035],[-64.85449,-29.197398],[-64.837596,-29.228569],[-64.824747,-29.273779],[-64.842294,-29.312748],[-64.838072,-29.342545],[-64.785969,-29.405497],[-64.825937,-29.473654],[-64.824628,-29.574305],[-64.275482,-29.498674],[-63.980802,-29.551029],[-63.957798,-29.623503],[-63.873856,-29.630787],[-63.841912,-29.580767],[-63.78377,-29.584167],[-63.748408,-29.653277],[-63.465352,-29.664484],[-63.459617,-29.756934],[-62.80634,-29.833773],[-62.83855,-29.865876],[-62.791336,-29.960589],[-62.662369,-29.999255],[-62.65544,-30.055292],[-62.556483,-30.062787],[-62.596801,-30.165742],[-62.593618,-30.259583],[-62.520077,-30.341898],[-62.173794,-30.345314],[-62.130653,-30.480433],[-61.712045,-27.998552],[-61.711816,-25.654744]]]},"properties":{"id":"86","nombre":"Santiago del Estero","nombre_completo":"Provincia de Santiago del Estero","fuente":"IGN","categoria":"Provincia","centroide":{"lon":-63.252626886,"lat":-27.783431882},"iso_id":"AR-G","iso_nombre":"Santiago del Estero"}},
{"type":"Feature","geometry":{"type":"Polygon","coordinates":[[[-68.152544,-37.580318],[-68.254253,-37.571931],[-68.256278,-38.679548],[-68.163124,-38.73789],[-68.118261,-38.793257],[-68.069227,-38.902937],[-67.998088,-38.995764],[-68.023978,-38.976428],[-68.078046,-38.995104],[-68.207606,-38.971241],[-68.307448,-38.990468],[-68.561736,-39.076485],[-68.660803,-39.172344],[-68.663152,-39.214954],[-68.802391,-39.284909],[-68.823961,-39.374926],[-68.912504,-39.417872],[-68.999878,-39.515198],[-69.112793,-39.514709],[-69.177124,-39.560608],[-69.2771,-39.596375],[-69.272278,-39.629028],[-69.421918,-39.768063],[-69.629985,-39.842906],[-69.697056,-39.846445],[-69.865938,-39.910899],[-69.970888,-39.977742],[-70.005372,-40.047434],[-69.950278,-40.178985],[-70.058823,-40.248955],[-70.062686,-40.37464],[-70.174942,-40.42761],[-70.170569,-40.483009],[-70.424927,-40.536316],[-70.465088,-40.512207],[-70.549683,-40.520996],[-70.653917,-40.591337],[-70.733127,-40.580054],[-70.855408,-40.593384],[-70.976501,-40.648682],[-71.029724,-40.724426],[-71.120791,-40.75822],[-71.099954,-40.840363],[-71.046837,-40.871216],[-71.032023,-40.933145],[-71.102449,-40.990797],[-71.141648,-41.055976],[-71.240479,-41.095093],[-71.360718,-41.088684],[-71.456421,-41.041687],[-71.550598,-41.023193],[-71.621887,-41.034912],[-71.785278,-41.018799],[-71.861077,-41.031024],[-71.839364,-41.150405],[-71.887507,-41.169065],[-71.856393,-41.247749],[-71.911245,-41.356743],[-71.86635,-41.393601],[-71.828007,-41.481012],[-71.846801,-41.565288],[-71.885561,-41.605992],[-71.784181,-41.734953],[-71.751368,-41.82493],[-71.797482,-41.84263],[-71.773935,-42],[-65.069254,-42],[-65.066101,-41.905579],[-65.015869,-41.832214],[-65.022705,-41.618408],[-64.986389,-41.576782],[-65.000305,-41.486084],[-65.073608,-41.415222],[-65.138,-41.229614],[-65.166687,-40.973999],[-65.128906,-40.856812],[-65.006897,-40.761169],[-64.899902,-40.760803],[-64.913818,-40.709717],[-64.806274,-40.725525],[-64.875305,-40.828918],[-64.746277,-40.818604],[-64.541199,-40.864929],[-64.40741,-40.913208],[-64.206177,-41.009827],[-63.958496,-41.07312],[-63.886475,-41.130493],[-63.788574,-41.158997],[-63.116516,-41.155518],[-62.884521,-41.079407],[-62.789667,-41.024164],[-62.801969,-40.982566],[-62.957589,-40.81811],[-63.192082,-40.716685],[-63.285308,-40.729432],[-63.379348,-40.710371],[-63.383269,-39.328492],[-63.512012,-39.31266],[-63.538818,-39.279114],[-63.671702,-39.203635],[-63.742994,-39.188847],[-63.788208,-39.109192],[-63.897894,-39.10695],[-63.933463,-39.061592],[-64.063973,-38.991719],[-64.348595,-38.883451],[-64.476379,-38.859985],[-64.596375,-38.859192],[-64.670888,-38.833694],[-64.734746,-38.841134],[-64.807331,-38.816006],[-64.92427,-38.833163],[-65.113447,-38.799712],[-65.191821,-38.83637],[-65.280518,-38.821411],[-65.390813,-38.83074],[-65.523193,-38.779175],[-65.624333,-38.787502],[-65.691121,-38.834783],[-65.951008,-38.747265],[-66.084636,-38.725268],[-66.441804,-38.74561],[-66.538615,-38.720853],[-66.607144,-38.679093],[-66.578186,-38.622803],[-66.60988,-38.557979],[-66.712234,-38.531751],[-66.786072,-38.48053],[-66.896973,-38.443726],[-66.995789,-38.445679],[-67.152992,-38.356795],[-67.153113,-38.291342],[-67.261108,-38.217102],[-67.344177,-38.25177],[-67.547913,-38.256287],[-67.656494,-38.201782],[-67.73033,-38.075764],[-67.809299,-38.072358],[-67.895853,-38.017257],[-67.90328,-37.982086],[-67.846185,-37.917739],[-67.736477,-37.858046],[-67.72079,-37.81059],[-67.785583,-37.652283],[-67.870587,-37.612883],[-68.10676,-37.596242],[-68.152544,-37.580318]]]},"properties":{"id":"62","nombre":"Río Negro","nombre_completo":"Provincia de Río Negro","fuente":"IGN","categoria":"Provincia","centroide":{"lon":-67.2296758,"lat":-40.405079631},"iso_id":"AR-R","iso_nombre":"Río Negro"}},
{"type":"Feature","geometry":{"type":"MultiPolygon","coordinates":[[[[-56.028888,-27.382855],[-56.037043,-27.312912],[-56.151922,-27.328739],[-56.237571,-27.402393],[-56.287181,-27.410932],[-56.293688,-27.494141],[-56.338367,-27.52403],[-56.356158,-27.58589],[-56.42438,-27.602915],[-56.487046,-27.563677],[-56.556735,-27.456781],[-56.60355,-27.431417],[-56.718782,-27.464558],[-56.677864,-27.563271],[-56.743232,-27.605003],[-56.845096,-27.6064],[-56.942233,-27.558315],[-56.96963,-27.497928],[-57.060203,-27.481265],[-57.120548,-27.493446],[-57.225409,-27.470378],[-57.326511,-27.409839],[-57.507518,-27.444201],[-57.609788,-27.395708],[-57.697013,-27.326884],[-57.805291,-27.339396],[-57.873551,-27.272966],[-58.009875,-27.259381],[-58.191339,-27.280832],[-58.249489,-27.261669],[-58.372854,-27.290794],[-58.493509,-27.270649],[-58.616488,-27.318632],[-58.668787,-27.359092],[-58.74556,-27.382238],[-58.768318,-27.376276],[-58.793519,-27.393176],[-58.881938,-27.499654],[-58.871019,-27.571271],[-58.882746,-27.608523],[-58.818775,-27.681178],[-58.809708,-27.783407],[-58.844006,-27.880447],[-58.829262,-27.961873],[-58.857739,-28.011612],[-58.859734,-28.050318],[-58.952965,-28.137106],[-59.062413,-28.128109],[-59.107868,-28.222766],[-59.103458,-28.328816],[-59.076213,-28.365341],[-59.085977,-28.435966],[-59.048857,-28.493311],[-59.100008,-28.576399],[-59.078601,-28.667487],[-59.160454,-28.794789],[-59.158075,-28.877356],[-59.210899,-28.977531],[-59.199715,-29.031545],[-59.257536,-29.089604],[-59.346766,-29.11435],[-59.407814,-29.221376],[-59.500633,-29.243518],[-59.519788,-29.343189],[-59.604283,-29.394743],[-59.579953,-29.459848],[-59.613979,-29.668765],[-59.617549,-29.77584],[-59.659665,-29.843179],[-59.6047,-29.902666],[-59.56639,-30.008076],[-59.616121,-30.11301],[-59.636584,-30.237456],[-59.712013,-30.276241],[-59.693453,-30.313123],[-59.671672,-30.338662],[-59.63682,-30.357754],[-59.587769,-30.434822],[-59.557735,-30.33265],[-59.490212,-30.344331],[-59.419647,-30.315736],[-59.347148,-30.324657],[-59.229703,-30.364175],[-59.064251,-30.230818],[-58.965202,-30.21834],[-58.878856,-30.246662],[-58.803753,-30.210834],[-58.647139,-30.163194],[-58.630015,-30.176859],[-58.576499,-30.160041],[-58.496562,-30.207688],[-58.451527,-30.224856],[-58.343726,-30.27125],[-58.28555,-30.244631],[-58.20739,-30.288077],[-58.142282,-30.405238],[-58.072575,-30.425187],[-58.037025,-30.5679],[-57.980233,-30.629397],[-57.894779,-30.669411],[-57.843748,-30.721658],[-57.808973,-30.695269],[-57.887304,-30.587569],[-57.889609,-30.510684],[-57.64292,-30.341905],[-57.61524,-30.254466],[-57.645072,-30.182408],[-57.54904,-30.166021],[-57.474243,-30.119768],[-57.408541,-30.032024],[-57.336775,-29.990385],[-57.327833,-29.883264],[-57.229949,-29.779164],[-57.119526,-29.763675],[-57.037709,-29.698964],[-56.899923,-29.533387],[-56.813834,-29.48199],[-56.767462,-29.382561],[-56.703944,-29.362244],[-56.649584,-29.272415],[-56.64541,-29.199299],[-56.591503,-29.12431],[-56.419525,-29.078981],[-56.409915,-28.977648],[-56.301949,-28.901111],[-56.29437,-28.797709],[-56.185516,-28.770001],[-56.118573,-28.681681],[-56.007602,-28.604952],[-56.008646,-28.505999],[-55.882362,-28.477707],[-55.90303,-28.408104],[-55.878303,-28.361162],[-55.75745,-28.368588],[-55.691695,-28.417605],[-55.669942,-28.330763],[-55.782542,-28.253937],[-55.632253,-28.176785],[-55.620237,-28.137544],[-55.71242,-28.088318],[-55.716718,-28.061268],[-55.824392,-27.948447],[-55.825537,-27.791656],[-55.9789,-27.5402],[-56.026635,-27.507277],[-56.055421,-27.420687],[-56.028888,-27.382855]]],[[[-56.914826,-27.42354],[-56.970105,-27.492732],[-56.840421,-27.596181],[-56.737973,-27.550577],[-56.764027,-27.502565],[-56.871761,-27.430442],[-56.914826,-27.42354]]]]},"properties":{"id":"18","nombre":"Corrientes","nombre_completo":"Provincia de Corrientes","fuente":"IGN","categoria":"Provincia","centroide":{"lon":-57.80108186,"lat":-28.774204481},"iso_id":"AR-W","iso_nombre":"Corrientes"}},
{"type":"Feature","geometry":{"type":"Polygon","coordinates":[[[-55.716718,-28.061268],[-55.712579,-28.088184],[-55.630211,-28.138839],[-55.607563,-28.1163],[-55.587766,-28.146139],[-55.554787,-28.162795],[-55.498155,-28.080989],[-55.447751,-28.099058],[-55.376044,-28.034973],[-55.384417,-27.982955],[-55.322599,-27.924421],[-55.264207,-27.928894],[-55.197201,-27.85713],[-55.134383,-27.896153],[-55.108495,-27.847421],[-55.025023,-27.832573],[-54.985489,-27.771525],[-54.936241,-27.771868],[-54.902814,-27.721024],[-54.905051,-27.638647],[-54.846802,-27.620278],[-54.812871,-27.532619],[-54.683666,-27.574973],[-54.622276,-27.542041],[-54.581656,-27.453407],[-54.530191,-27.506564],[-54.44635,-27.474155],[-54.469871,-27.42772],[-54.413157,-27.406519],[-54.353337,-27.466267],[-54.281567,-27.44719],[-54.214752,-27.383516],[-54.189732,-27.27569],[-54.08446,-27.299776],[-54.020053,-27.246755],[-54.008431,-27.199287],[-53.836696,-27.169661],[-53.802178,-27.040088],[-53.764,-27.045359],[-53.695609,-26.886891],[-53.698788,-26.769517],[-53.743465,-26.681525],[-53.732786,-26.58648],[-53.695945,-26.490442],[-53.710055,-26.387959],[-53.645624,-26.286073],[-53.641272,-26.213878],[-53.710403,-26.130531],[-53.744293,-26.116237],[-53.737276,-26.041433],[-53.828082,-25.96364],[-53.819449,-25.814951],[-53.866337,-25.744245],[-53.862074,-25.658983],[-54.016363,-25.563655],[-54.081095,-25.55825],[-54.102558,-25.494315],[-54.164055,-25.542255],[-54.205346,-25.540092],[-54.250519,-25.597716],[-54.288417,-25.55573],[-54.382441,-25.596332],[-54.42476,-25.657993],[-54.555332,-25.587703],[-54.594925,-25.597435],[-54.583674,-25.666263],[-54.655242,-25.67038],[-54.631169,-25.765533],[-54.586719,-25.83062],[-54.622013,-25.912399],[-54.610735,-25.977787],[-54.679692,-26.003556],[-54.643107,-26.093607],[-54.672518,-26.156282],[-54.618016,-26.214246],[-54.678585,-26.262537],[-54.647569,-26.31147],[-54.696645,-26.377714],[-54.706353,-26.449134],[-54.800544,-26.536115],[-54.784778,-26.623262],[-54.812421,-26.667842],[-54.880297,-26.655999],[-54.942158,-26.68238],[-54.95626,-26.781356],[-55.057543,-26.798985],[-55.141566,-26.866335],[-55.141464,-26.953458],[-55.203121,-26.969877],[-55.257052,-26.937701],[-55.375741,-26.966166],[-55.44574,-27.025378],[-55.455545,-27.106255],[-55.561323,-27.101324],[-55.56112,-27.160948],[-55.611594,-27.212998],[-55.574081,-27.250257],[-55.589636,-27.331687],[-55.683316,-27.378756],[-55.732774,-27.443108],[-55.787112,-27.44021],[-55.896346,-27.342718],[-56.028888,-27.382855],[-56.055421,-27.420687],[-56.026635,-27.507277],[-55.9789,-27.5402],[-55.825537,-27.791656],[-55.824392,-27.948447],[-55.716718,-28.061268]]]},"properties":{"id":"54","nombre":"Misiones","nombre_completo":"Provincia de Misiones","fuente":"IGN","categoria":"Provincia","centroide":{"lon":-54.651570563,"lat":-26.875302599},"iso_id":"AR-N","iso_nombre":"Misiones"}},
{"type":"Feature","geometry":{"type":"Polygon","coordinates":[[[-62.342352,-24.392113],[-62.342341,-22.456975],[-62.380613,-22.473585],[-62.463894,-22.372069],[-62.518603,-22.378235],[-62.540338,-22.328568],[-62.636645,-22.305281],[-62.684916,-22.21234],[-62.720628,-22.202055],[-62.813938,-22.105008],[-62.811176,-21.998768],[-63.665267,-21.999342],[-63.931457,-21.999377],[-64.0006,-22.157707],[-64.062408,-22.238381],[-64.116889,-22.363235],[-64.115516,-22.405607],[-64.199628,-22.491245],[-64.241691,-22.557726],[-64.271989,-22.71189],[-64.265343,-22.766659],[-64.297467,-22.861445],[-64.328206,-22.862033],[-64.344334,-22.739398],[-64.39073,-22.7121],[-64.433888,-22.631345],[-64.41208,-22.538378],[-64.512846,-22.412544],[-64.565747,-22.372047],[-64.538985,-22.281987],[-64.651044,-22.189506],[-64.73685,-22.193902],[-64.861681,-22.122004],[-64.923718,-22.121129],[-64.993372,-22.082433],[-65.186567,-22.08535],[-65.22048,-22.169585],[-65.240295,-22.279248],[-65.262733,-22.338258],[-65.305689,-22.466615],[-65.350249,-22.53991],[-65.349185,-22.604747],[-65.271662,-22.64823],[-65.306061,-22.7304],[-65.274232,-22.790107],[-65.253335,-22.924745],[-65.218238,-22.95895],[-65.188911,-22.998151],[-65.133765,-23.001884],[-65.067846,-23.045119],[-65.06221,-23.11878],[-65.071695,-23.137652],[-65.04502,-23.155738],[-65.038648,-23.226904],[-65.010115,-23.285114],[-64.947278,-23.269148],[-64.910177,-23.310812],[-64.906665,-23.423791],[-64.868444,-23.447421],[-64.845038,-23.49725],[-64.787476,-23.496161],[-64.682533,-23.452433],[-64.657688,-23.483167],[-64.532561,-23.521357],[-64.49587,-23.567137],[-64.478816,-23.608209],[-64.458495,-23.615218],[-64.444353,-23.639854],[-64.412266,-23.631752],[-64.393192,-23.610071],[-64.354331,-23.517997],[-64.157057,-23.518042],[-64.161841,-24.221061],[-64.223127,-24.329375],[-64.273769,-24.393327],[-64.31583,-24.426307],[-64.421652,-24.402206],[-64.436295,-24.442659],[-64.535756,-24.507619],[-64.560132,-24.577229],[-64.647548,-24.613357],[-64.725826,-24.529901],[-64.842698,-24.467085],[-64.927407,-24.599773],[-65.079672,-24.562185],[-65.10516,-24.523038],[-65.194119,-24.45986],[-65.317312,-24.502338],[-65.358843,-24.461322],[-65.464285,-24.430577],[-65.54042,-24.451516],[-65.656331,-24.37742],[-65.682687,-24.307724],[-65.670838,-24.252933],[-65.725017,-24.186],[-65.720861,-24.109339],[-65.804518,-24.033019],[-65.86737,-24.00333],[-65.947545,-24.007161],[-65.992573,-23.979955],[-66.021926,-23.861713],[-65.987219,-23.509654],[-66.011199,-23.508777],[-66.117616,-23.431347],[-66.184289,-23.414608],[-66.182925,-23.438445],[-66.249075,-23.508818],[-66.283644,-23.5747],[-66.36758,-23.694625],[-66.376856,-23.750218],[-66.353303,-23.825257],[-66.368141,-23.971905],[-66.362287,-24.087357],[-66.422488,-24.163947],[-66.543626,-24.207638],[-66.646276,-24.172513],[-66.837372,-24.070739],[-66.880641,-23.974391],[-66.941121,-23.984036],[-66.992836,-23.889907],[-67.213047,-23.694917],[-67.322617,-24.034158],[-68.259893,-24.402328],[-68.308513,-24.491796],[-68.387758,-24.484054],[-68.434822,-24.606703],[-68.467917,-24.623664],[-68.544274,-24.72435],[-68.568755,-24.794125],[-68.519602,-24.873914],[-68.432594,-24.905871],[-68.407016,-25.030332],[-68.344244,-25.11077],[-68.410221,-25.145263],[-68.437704,-25.122791],[-68.507172,-25.168313],[-67.864601,-25.2384],[-66.879266,-25.241731],[-66.558191,-25.300654],[-66.599798,-25.362251],[-66.537099,-25.372483],[-66.518548,-25.44033],[-66.563902,-25.621762],[-66.630408,-25.654367],[-66.648577,-25.712032],[-66.801734,-25.698806],[-66.873566,-25.766185],[-66.847566,-25.796268],[-66.846634,-25.970069],[-66.778813,-26.048136],[-66.757273,-26.050133],[-66.659349,-26.107205],[-66.584189,-26.15983],[-66.539877,-26.353162],[-66.461022,-26.364094],[-66.382024,-26.416799],[-66.292958,-26.229306],[-66.232867,-26.152134],[-66.194448,-26.130589],[-66.155975,-26.144589],[-66.099757,-26.220486],[-66.071381,-26.238734],[-65.719401,-26.352777],[-65.711451,-26.328698],[-65.72303,-26.312712],[-65.722753,-26.2798],[-65.702825,-26.24164],[-65.688515,-26.117262],[-65.613633,-26.123473],[-65.548146,-26.087535],[-65.424556,-26.109015],[-65.361083,-26.058288],[-65.297906,-26.081736],[-65.275338,-26.171237],[-65.040725,-26.229933],[-65.039509,-26.290334],[-64.972518,-26.274381],[-64.951182,-26.306848],[-64.873443,-26.274922],[-64.845319,-26.238596],[-64.732152,-26.241556],[-64.579581,-26.218181],[-64.564152,-26.226925],[-64.49492,-26.219497],[-64.416683,-26.114299],[-64.413011,-26.040483],[-64.267966,-25.700569],[-64.196277,-25.728002],[-64.025547,-25.753939],[-64.007837,-25.673766],[-63.660465,-25.685373],[-63.566327,-25.709947],[-63.47552,-25.70995],[-62.342352,-24.392113]]]},"properties":{"id":"66","nombre":"Salta","nombre_completo":"Provincia de Salta","fuente":"IGN","categoria":"Provincia","centroide":{"lon":-64.814158657,"lat":-24.299283896},"iso_id":"AR-A","iso_nombre":"Salta"}},
{"type":"Feature","geometry":{"type":"Polygon","coordinates":[[[-63.873856,-29.630787],[-63.957798,-29.623503],[-63.980802,-29.551029],[-64.275482,-29.498674],[-64.964052,-29.596091],[-64.937932,-29.847511],[-65.15827,-30.047267],[-65.422985,-30.119602],[-65.525245,-30.490816],[-65.77146,-31.044159],[-65.769822,-31.888606],[-65.628041,-31.898627],[-65.316291,-32.040173],[-65.245829,-32.089015],[-65.208331,-32.249176],[-65.212045,-32.326736],[-65.056849,-32.314],[-64.97718,-32.321351],[-64.941407,-32.298344],[-64.922779,-32.330308],[-64.929844,-32.42325],[-64.919151,-32.483788],[-64.883229,-32.572577],[-64.921468,-32.623618],[-64.909462,-32.685397],[-64.944619,-32.767336],[-64.963062,-32.863255],[-64.999704,-33.002665],[-65.070801,-33.138277],[-65.142999,-33.194775],[-65.109226,-33.950569],[-65.106759,-35.01533],[-63.385734,-35.002218],[-63.385083,-34.385761],[-62.883909,-34.38655],[-61.923249,-33.119581],[-61.888748,-33.10599],[-61.787668,-33.006202],[-61.771552,-32.901465],[-61.795699,-32.773966],[-61.857988,-32.694552],[-61.907415,-32.695747],[-61.946168,-32.651026],[-61.889495,-32.610798],[-61.914512,-32.494664],[-62.011635,-32.347328],[-62.037889,-32.262914],[-62.145346,-32.193479],[-62.19678,-32.11477],[-62.167797,-31.98601],[-62.22349,-31.883934],[-62.218089,-31.740571],[-62.241683,-31.699677],[-62.123495,-31.605408],[-61.842175,-30.744316],[-62.130653,-30.480433],[-62.173794,-30.345314],[-62.520077,-30.341898],[-62.593618,-30.259583],[-62.596801,-30.165742],[-62.556483,-30.062787],[-62.65544,-30.055292],[-62.662369,-29.999255],[-62.791336,-29.960589],[-62.83855,-29.865876],[-62.80634,-29.833773],[-63.459617,-29.756934],[-63.465352,-29.664484],[-63.748408,-29.653277],[-63.78377,-29.584167],[-63.841912,-29.580767],[-63.873856,-29.630787]]]},"properties":{"id":"14","nombre":"Córdoba","nombre_completo":"Provincia de Córdoba","fuente":"IGN","categoria":"Provincia","centroide":{"lon":-63.801973467,"lat":-32.144799387},"iso_id":"AR-X","iso_nombre":"Córdoba"}},
{"type":"Feature","geometry":{"type":"MultiPolygon","coordinates":[[[[-60.200684,-33.292175],[-60.272714,-33.263863],[-60.323963,-33.350753],[-60.335288,-33.412105],[-60.410217,-33.467886],[-60.413831,-33.545012],[-60.45738,-33.58236],[-60.457506,-33.627619],[-60.468549,-33.63775],[-60.556949,-33.646598],[-60.684582,-33.585157],[-60.781951,-33.578969],[-60.818249,-33.540293],[-60.894345,-33.565392],[-60.918301,-33.588741],[-60.934033,-33.654727],[-61.719753,-34.385555],[-63.385083,-34.385761],[-63.379348,-40.710371],[-63.285308,-40.729432],[-63.192082,-40.716685],[-62.957589,-40.81811],[-62.801969,-40.982566],[-62.789667,-41.024164],[-62.710424,-41.037676],[-62.553041,-40.959188],[-62.413272,-40.920165],[-62.312549,-40.871148],[-62.232314,-40.687906],[-62.173589,-40.634582],[-62.181941,-40.576833],[-62.282497,-40.571479],[-62.320366,-40.504854],[-62.418947,-40.463666],[-62.486619,-40.331034],[-62.44543,-40.249942],[-62.33889,-40.186875],[-62.351867,-40.069997],[-62.330416,-39.998792],[-62.320002,-39.86849],[-62.115243,-39.848793],[-62.119055,-39.662554],[-62.089579,-39.540101],[-62.0455,-39.447421],[-62.211569,-39.360932],[-62.199945,-39.3074],[-62.085587,-39.390106],[-62.009206,-39.367495],[-62.12989,-39.292723],[-62.316916,-39.266054],[-62.286365,-39.233295],[-62.342234,-39.162954],[-62.35416,-39.101107],[-62.299285,-39.025007],[-62.345713,-38.950311],[-62.320529,-38.904268],[-62.371954,-38.843674],[-62.295009,-38.785269],[-62.238396,-38.788705],[-62.126237,-38.841826],[-62.073409,-38.925111],[-61.866476,-38.969041],[-61.809704,-38.99302],[-61.70674,-38.965466],[-61.606517,-39.004063],[-61.37978,-38.98833],[-61.143207,-39.000066],[-61.013593,-38.9815],[-60.852816,-38.979782],[-60.11653,-38.865749],[-59.853962,-38.837376],[-59.672999,-38.79387],[-59.111367,-38.700436],[-58.329818,-38.482668],[-57.852731,-38.296399],[-57.818971,-38.266298],[-57.683375,-38.20587],[-57.593212,-38.118943],[-57.544866,-38.100593],[-57.541407,-37.968495],[-57.491559,-37.828237],[-57.411212,-37.734842],[-57.125501,-37.492775],[-56.989849,-37.288487],[-56.666098,-36.880607],[-56.700207,-36.412413],[-56.740051,-36.314427],[-56.813791,-36.33464],[-57.013444,-36.328243],[-57.11519,-36.280149],[-57.27924,-36.137591],[-57.382452,-35.966739],[-57.389715,-35.853168],[-57.364742,-35.744771],[-57.23538,-35.577069],[-57.152469,-35.495099],[-57.127938,-35.445758],[-57.147036,-35.389777],[-57.223346,-35.272803],[-57.353239,-35.146745],[-57.508456,-35.024714],[-57.593314,-34.993969],[-57.674835,-34.936165],[-57.751025,-34.914931],[-57.873739,-34.826158],[-57.94734,-34.833477],[-58.014475,-34.780671],[-58.179144,-34.744479],[-58.343101,-34.630238],[-58.374052,-34.657194],[-58.423795,-34.662247],[-58.461206,-34.705412],[-58.52888,-34.654627],[-58.50077,-34.54946],[-58.459576,-34.527693],[-58.514135,-34.443333],[-58.489199,-34.44407],[-58.44139,-34.386659],[-58.436937,-34.300883],[-58.354147,-34.216467],[-58.344989,-34.038397],[-58.463196,-34.001892],[-58.60717,-34.037871],[-58.654997,-34.035254],[-58.763739,-33.94531],[-58.854872,-33.947214],[-58.89978,-33.890991],[-59.055481,-33.832397],[-59.130676,-33.847717],[-59.173584,-33.807007],[-59.24231,-33.807495],[-59.235413,-33.73999],[-59.3927,-33.736694],[-59.467773,-33.704285],[-59.516737,-33.630834],[-59.617418,-33.693741],[-59.656411,-33.621673],[-59.803581,-33.595558],[-59.80953,-33.551657],[-59.894744,-33.510284],[-59.933006,-33.474891],[-60.04484,-33.447527],[-60.111084,-33.372986],[-60.169617,-33.348999],[-60.200684,-33.292175]]],[[[-61.998985,-39.090736],[-62.056797,-39.157665],[-61.994511,-39.167656],[-61.86982,-39.244331],[-61.852367,-39.193611],[-61.924839,-39.120628],[-61.998985,-39.090736]]]]},"properties":{"id":"06","nombre":"Buenos Aires","nombre_completo":"Provincia de Buenos Aires","fuente":"IGN","categoria":"Provincia","centroide":{"lon":-60.558477108,"lat":-36.677392076},"iso_id":"AR-B","iso_nombre":"Buenos Aires"}},
{"type":"Feature","geometry":{"type":"Polygon","coordinates":[[[-63.383269,-39.328492],[-63.385734,-35.002218],[-65.106759,-35.01533],[-65.107809,-35.999062],[-68.29641,-35.997622],[-68.296132,-36.172547],[-68.250183,-36.172485],[-68.254253,-37.571931],[-68.152544,-37.580318],[-68.10676,-37.596242],[-67.870587,-37.612883],[-67.785583,-37.652283],[-67.72079,-37.81059],[-67.736477,-37.858046],[-67.846185,-37.917739],[-67.90328,-37.982086],[-67.895853,-38.017257],[-67.809299,-38.072358],[-67.73033,-38.075764],[-67.656494,-38.201782],[-67.547913,-38.256287],[-67.344177,-38.25177],[-67.261108,-38.217102],[-67.153113,-38.291342],[-67.152992,-38.356795],[-66.995789,-38.445679],[-66.896973,-38.443726],[-66.786072,-38.48053],[-66.712234,-38.531751],[-66.60988,-38.557979],[-66.578186,-38.622803],[-66.607144,-38.679093],[-66.538615,-38.720853],[-66.441804,-38.74561],[-66.084636,-38.725268],[-65.951008,-38.747265],[-65.691121,-38.834783],[-65.624333,-38.787502],[-65.523193,-38.779175],[-65.390813,-38.83074],[-65.280518,-38.821411],[-65.191821,-38.83637],[-65.113447,-38.799712],[-64.92427,-38.833163],[-64.807331,-38.816006],[-64.734746,-38.841134],[-64.670888,-38.833694],[-64.596375,-38.859192],[-64.476379,-38.859985],[-64.348595,-38.883451],[-64.063973,-38.991719],[-63.933463,-39.061592],[-63.897894,-39.10695],[-63.788208,-39.109192],[-63.742994,-39.188847],[-63.671702,-39.203635],[-63.538818,-39.279114],[-63.512012,-39.31266],[-63.383269,-39.328492]]]},"properties":{"id":"42","nombre":"La Pampa","nombre_completo":"Provincia de La Pampa","fuente":"IGN","categoria":"Provincia","centroide":{"lon":-65.447643999,"lat":-37.135065221},"iso_id":"AR-L","iso_nombre":"La Pampa"}},
{"type":"Feature","geometry":{"type":"MultiPolygon","coordinates":[[[[-73.554326,-73.121695],[-73.703951,-73.08423],[-73.867816,-73.111882],[-73.844261,-73.19184],[-74,-73.217196],[-74,-73.371255],[-73.768257,-73.323186],[-73.604025,-73.197592],[-73.554326,-73.121695]]],[[[-73.547653,-70.735822],[-73.656549,-70.659302],[-73.859939,-70.575554],[-74,-70.551034],[-74,-70.872896],[-73.734809,-70.812418],[-73.547653,-70.735822]]],[[[-72.734349,-77.578196],[-74,-77.485808],[-74,-78.098896],[-73.354489,-77.95672],[-72.795216,-77.713897],[-72.734349,-77.578196]]],[[[-71.95342,-69.665481],[-72.273712,-69.595151],[-72.238112,-69.565644],[-72.402285,-69.460223],[-72.692864,-69.411166],[-72.803093,-69.420186],[-72.967957,-69.484704],[-72.954803,-69.54605],[-72.854703,-69.579776],[-72.769065,-69.662486],[-72.523056,-69.69357],[-72.150454,-69.665366],[-71.95342,-69.665481]]],[[[-71.361784,-70.347465],[-71.320729,-70.298832],[-71.475321,-70.265884],[-71.821878,-70.294986],[-71.703855,-70.420902],[-71.609445,-70.456451],[-71.361784,-70.347465]]],[[[-68.123652,-71.590222],[-68.248828,-71.450338],[-68.21683,-71.177978],[-68.309213,-71.020995],[-68.333732,-70.791144],[-68.407729,-70.758222],[-68.480618,-70.612243],[-68.59631,-70.559338],[-68.630908,-70.468488],[-68.731742,-70.346975],[-69.075691,-70.150758],[-69.181943,-70.053373],[-69.264542,-69.875797],[-69.332758,-69.821116],[-69.323755,-69.629854],[-69.487034,-69.566993],[-69.54314,-69.451811],[-69.634565,-69.403896],[-69.748956,-69.278062],[-69.939528,-69.309689],[-70.114499,-69.272679],[-70.028074,-69.198481],[-70.063539,-68.992358],[-70.106988,-68.885866],[-70.25593,-68.825889],[-70.441682,-68.780901],[-70.582634,-68.815561],[-70.900847,-68.820784],[-71.027598,-68.868363],[-71.178188,-68.844459],[-71.293702,-68.859461],[-71.595571,-68.85604],[-71.741469,-68.917087],[-72.010813,-68.957616],[-72.039974,-68.999616],[-72.212903,-69.077543],[-72.101312,-69.164255],[-72.105932,-69.254469],[-71.917862,-69.35658],[-71.673405,-69.390389],[-71.63351,-69.448869],[-71.745656,-69.560983],[-71.737725,-69.658021],[-71.58422,-69.739098],[-71.65242,-69.785344],[-71.822669,-69.790898],[-71.935217,-69.934777],[-71.838004,-70.017711],[-71.676908,-70.078281],[-71.375821,-70.128376],[-71.331314,-70.183655],[-71.146938,-70.184231],[-71.126899,-70.234062],[-70.978153,-70.235823],[-70.742076,-70.121127],[-70.506017,-70.223432],[-70.242963,-70.232707],[-69.889831,-70.302193],[-69.89456,-70.358855],[-70.149606,-70.31592],[-70.182708,-70.349459],[-70.410407,-70.38917],[-70.746387,-70.40822],[-70.977155,-70.450933],[-71.064216,-70.567267],[-71.228597,-70.624609],[-71.272249,-70.678899],[-71.206882,-70.752923],[-70.934396,-70.768478],[-70.820487,-70.827355],[-70.582715,-70.844777],[-70.370255,-70.822704],[-69.957773,-70.88615],[-69.934215,-70.949319],[-70.213755,-70.941303],[-70.482498,-70.956816],[-70.734146,-70.995655],[-71.012563,-70.977247],[-71.174094,-70.998965],[-71.390182,-70.975646],[-71.366812,-71.056531],[-71.631689,-71.151986],[-71.906329,-71.14352],[-72.047402,-71.09352],[-72.386901,-71.049113],[-72.584742,-71.089019],[-72.765861,-71.066376],[-73.003563,-71.094792],[-73.126646,-71.144403],[-72.948202,-71.225446],[-72.727269,-71.267541],[-72.516222,-71.276734],[-72.224071,-71.312761],[-72.246888,-71.376592],[-72.562161,-71.365126],[-72.632962,-71.401901],[-72.838002,-71.404776],[-72.947636,-71.355444],[-73.356659,-71.303917],[-73.601031,-71.319414],[-73.698857,-71.350012],[-73.635794,-71.429588],[-73.503392,-71.497065],[-73.375097,-71.508959],[-73.420614,-71.595855],[-73.774311,-71.52376],[-73.798366,-71.475318],[-74,-71.419569],[-74,-72.163132],[-73.828369,-72.139032],[-73.798231,-72.093625],[-73.505316,-72.006],[-73.760121,-71.898841],[-73.921096,-71.855904],[-73.762995,-71.824778],[-73.565475,-71.857434],[-73.478921,-71.830964],[-73.178446,-71.925356],[-72.874814,-71.927612],[-72.710595,-71.863421],[-72.671158,-71.722145],[-72.493397,-71.729038],[-72.449834,-71.6623],[-72.349002,-71.628556],[-72.182105,-71.661444],[-71.819937,-71.821688],[-71.79473,-71.894299],[-71.379122,-71.834478],[-71.138713,-71.906851],[-70.858721,-71.84302],[-70.706634,-71.872576],[-70.742151,-71.962378],[-70.951804,-72.025102],[-71.128989,-72.028096],[-71.363288,-72.074223],[-71.486232,-72.063658],[-71.806057,-72.108921],[-72.045683,-72.120172],[-72.044146,-72.155218],[-71.647877,-72.252472],[-71.392302,-72.282045],[-71.126222,-72.274775],[-70.906568,-72.237766],[-70.697132,-72.167423],[-70.421268,-72.130447],[-70.214317,-72.289044],[-70.610426,-72.353331],[-70.706042,-72.386791],[-70.927271,-72.397331],[-71.525438,-72.379066],[-71.854456,-72.357021],[-72.338333,-72.28878],[-72.701934,-72.271731],[-73.097395,-72.380028],[-73.162255,-72.449286],[-72.854602,-72.576691],[-72.371194,-72.670929],[-72.021355,-72.632197],[-71.41868,-72.630422],[-70.925235,-72.658672],[-70.85602,-72.588173],[-70.710177,-72.590787],[-70.696381,-72.669471],[-70.556353,-72.681244],[-70.402182,-72.645143],[-70.123648,-72.618548],[-69.782486,-72.616109],[-69.209113,-72.534783],[-69.249793,-72.462241],[-69.119169,-72.373115],[-68.949887,-72.376004],[-68.796274,-72.297473],[-68.753264,-72.223017],[-68.464957,-72.246413],[-68.436431,-72.159443],[-68.339669,-72.085881],[-68.393717,-71.976752],[-68.209742,-71.867428],[-68.20571,-71.679646],[-68.123652,-71.590222]]],[[[-67.657162,-66.689377],[-67.680514,-66.625257],[-67.856843,-66.621833],[-68.089663,-66.726237],[-68.275639,-66.760275],[-68.462785,-66.869485],[-68.65552,-67.069775],[-68.764064,-67.156402],[-68.777041,-67.221706],[-68.892192,-67.317059],[-68.987325,-67.337732],[-69.127948,-67.434129],[-69.198528,-67.542311],[-69.165584,-67.590907],[-68.956604,-67.697379],[-68.902264,-67.76661],[-68.652379,-67.733303],[-68.551601,-67.742895],[-68.402062,-67.651287],[-68.42375,-67.559117],[-68.23445,-67.539591],[-68.128362,-67.572378],[-67.942085,-67.401843],[-68.240326,-67.381484],[-68.158305,-67.329445],[-67.983237,-67.302673],[-67.832804,-67.192599],[-67.81046,-67.071832],[-67.963596,-67.055342],[-67.922952,-67.002495],[-68.021362,-66.941301],[-67.950113,-66.82621],[-67.657162,-66.689377]]],[[[-67.233794,-66.840887],[-67.339906,-66.73861],[-67.515517,-66.7493],[-67.494732,-66.805564],[-67.547625,-66.868813],[-67.399344,-66.912222],[-67.233794,-66.840887]]],[[[-67.182233,-78.493912],[-67.406666,-78.454978],[-67.987766,-78.475513],[-68.523132,-78.572263],[-69.488222,-78.701094],[-69.887697,-78.805113],[-70.296666,-78.854822],[-70.824795,-78.955349],[-71.179994,-79.048101],[-71.466475,-79.162563],[-71.608249,-79.25181],[-71.817728,-79.439819],[-71.789365,-79.515102],[-71.48366,-79.633178],[-70.792566,-79.702368],[-70.260526,-79.668515],[-70.267648,-79.623652],[-70.003918,-79.552686],[-69.762056,-79.523724],[-69.829534,-79.44353],[-69.513206,-79.301403],[-68.718872,-79.019346],[-67.633492,-78.736562],[-67.204027,-78.570482],[-67.182233,-78.493912]]],[[[-67.12832,-67.61638],[-67.254037,-67.573835],[-67.326054,-67.612286],[-67.44633,-67.584099],[-67.754016,-67.659774],[-67.700438,-67.7675],[-67.441375,-67.787591],[-67.296195,-67.737128],[-67.12832,-67.61638]]],[[[-66.830017,-67.515314],[-67.052515,-67.502873],[-67.219811,-67.546979],[-67.163278,-67.596472],[-66.940052,-67.567916],[-66.830017,-67.515314]]],[[[-66.591674,-66.109035],[-66.747024,-66.090353],[-66.798403,-66.160452],[-66.772724,-66.22573],[-66.925246,-66.310791],[-66.84164,-66.326479],[-66.609021,-66.21136],[-66.591674,-66.109035]]],[[[-65.634442,-65.535366],[-65.765915,-65.517791],[-65.964477,-65.549938],[-65.960588,-65.61786],[-66.09978,-65.697454],[-66.199216,-65.83215],[-66.138591,-65.886236],[-65.85226,-65.827426],[-65.818931,-65.770707],[-65.90794,-65.711036],[-65.660637,-65.675525],[-65.684711,-65.631211],[-65.634442,-65.535366]]],[[[-65.12266,-54.654375],[-65.234876,-54.618826],[-65.511191,-54.65586],[-65.684178,-54.663426],[-65.802782,-54.651905],[-66.384036,-54.487008],[-66.464997,-54.47873],[-66.544131,-54.402398],[-66.66101,-54.343435],[-66.733964,-54.260344],[-66.899956,-54.217514],[-66.954683,-54.181917],[-67.329712,-54.04137],[-67.535202,-53.927108],[-67.545671,-53.840449],[-67.674318,-53.785254],[-67.911326,-53.652671],[-68.044176,-53.508036],[-68.082914,-53.389682],[-68.206598,-53.306686],[-68.307868,-53.321249],[-68.463749,-53.293685],[-68.548443,-53.247521],[-68.538153,-53.144407],[-68.359546,-53.017893],[-68.266747,-53.016109],[-68.287671,-52.951427],[-68.569964,-52.707366],[-68.606725,-52.659008],[-68.609006,-54.420084],[-68.596408,-54.872983],[-68.330267,-54.829791],[-68.248533,-54.795028],[-68.033311,-54.850207],[-67.825827,-54.859737],[-67.703463,-54.88603],[-67.50576,-54.853494],[-67.409507,-54.889409],[-67.342235,-54.874961],[-67.153877,-54.892921],[-66.934024,-54.941781],[-66.764473,-54.96074],[-66.718673,-55.005341],[-66.521587,-55.056747],[-66.372157,-55.039567],[-66.334086,-54.996499],[-66.107656,-54.994928],[-65.97136,-54.968373],[-65.982389,-54.9026],[-65.739113,-54.909853],[-65.719012,-54.971357],[-65.636844,-54.970015],[-65.428622,-54.893558],[-65.313266,-54.873114],[-65.232288,-54.829256],[-65.193997,-54.696016],[-65.12266,-54.654375]]],[[[-64.570896,-67.610517],[-64.928793,-67.595087],[-64.955336,-67.6457],[-64.714792,-67.682219],[-64.570896,-67.610517]]],[[[-63.796126,-54.725903],[-63.876313,-54.716802],[-64.030324,-54.751363],[-64.072917,-54.728402],[-64.278661,-54.728958],[-64.439227,-54.764174],[-64.541496,-54.768552],[-64.724931,-54.81165],[-64.606146,-54.910849],[-64.412506,-54.858743],[-64.234679,-54.781963],[-64.172318,-54.823283],[-63.967506,-54.793658],[-63.845678,-54.789197],[-63.796126,-54.725903]]],[[[-63.177658,-64.762382],[-63.35001,-64.799512],[-63.453824,-64.78889],[-63.40223,-64.890296],[-63.321215,-64.868219],[-63.28198,-64.796141],[-63.177658,-64.762382]]],[[[-62.878271,-64.580757],[-62.882299,-64.532564],[-63.284296,-64.581205],[-63.13161,-64.493811],[-63.322802,-64.448033],[-63.305297,-64.362572],[-63.157519,-64.329897],[-63.172057,-64.276077],[-63.438885,-64.250439],[-63.577972,-64.268014],[-63.671426,-64.317124],[-63.708259,-64.444208],[-63.800913,-64.428996],[-63.940557,-64.458085],[-63.899688,-64.53566],[-64.113159,-64.554693],[-64.204447,-64.590327],[-64.191163,-64.644228],[-64.305211,-64.703864],[-64.120095,-64.704499],[-64.064974,-64.759044],[-63.908623,-64.794029],[-63.784144,-64.788366],[-63.698846,-64.856209],[-63.585937,-64.79037],[-63.564705,-64.735339],[-63.43711,-64.717139],[-63.319346,-64.739535],[-63.181067,-64.679375],[-63.185509,-64.650566],[-62.985454,-64.621772],[-62.878271,-64.580757]]],[[[-62.323711,-62.899212],[-62.367898,-62.872967],[-62.52874,-62.925196],[-62.661295,-63.059757],[-62.522561,-63.030808],[-62.323711,-62.899212]]],[[[-62.029443,-64.150861],[-62.285467,-64.097238],[-62.296988,-64.01802],[-62.464594,-64.00843],[-62.57747,-64.041981],[-62.499261,-64.098614],[-62.615683,-64.140285],[-62.464166,-64.233217],[-62.529902,-64.308983],[-62.687043,-64.405142],[-62.675384,-64.490698],[-62.603036,-64.530124],[-62.44888,-64.494995],[-62.230269,-64.393151],[-62.184701,-64.312009],[-62.049499,-64.214576],[-62.029443,-64.150861]]],[[[-61.957003,-63.336912],[-62.043458,-63.252648],[-62.247724,-63.261933],[-62.230838,-63.349598],[-61.957003,-63.336912]]],[[[-61.813248,-63.979051],[-61.963395,-63.993314],[-62.073969,-64.066774],[-61.979339,-64.085508],[-61.813248,-63.979051]]],[[[-61.793341,-69.516447],[-61.734664,-69.482192],[-61.830675,-69.372492],[-62.018234,-69.292925],[-62.113288,-69.218664],[-62.273151,-69.165269],[-62.433962,-69.143781],[-62.580174,-69.188694],[-62.483584,-69.335457],[-62.326452,-69.402792],[-62.203056,-69.506793],[-62.201415,-69.617382],[-62.116106,-69.729092],[-61.970059,-69.720865],[-61.918455,-69.548542],[-61.793341,-69.516447]]],[[[-61.20196,-62.721211],[-61.332394,-62.703325],[-61.495272,-62.748054],[-61.512246,-62.808123],[-61.405282,-62.835823],[-61.20196,-62.721211]]],[[[-61.155178,-69.905777],[-61.200627,-69.856486],[-61.376723,-69.878109],[-61.407863,-69.93536],[-61.22376,-69.996772],[-61.109346,-69.968679],[-61.155178,-69.905777]]],[[[-60.857207,-51.787952],[-60.94088,-51.819791],[-61.02935,-51.779039],[-61.133832,-51.859617],[-61.073808,-51.941803],[-60.994987,-51.989353],[-60.896834,-51.951807],[-60.881648,-51.822155],[-60.857207,-51.787952]]],[[[-60.67393,-68.753197],[-60.857919,-68.687341],[-60.98714,-68.743688],[-60.769733,-68.803844],[-60.67393,-68.753197]]],[[[-60.5699,-63.692324],[-60.713954,-63.702812],[-60.7627,-63.808546],[-60.905644,-63.848616],[-60.757187,-63.909544],[-60.630346,-63.860629],[-60.708934,-63.818423],[-60.5699,-63.692324]]],[[[-60.518819,-70.961284],[-60.723236,-70.907437],[-60.959061,-70.977403],[-60.891434,-71.018089],[-60.603628,-71.07026],[-60.535247,-71.051962],[-60.518819,-70.961284]]],[[[-60.431148,-70.568893],[-60.522278,-70.511216],[-60.765645,-70.511805],[-60.950832,-70.540321],[-60.984788,-70.61576],[-60.894071,-70.703274],[-60.798086,-70.722112],[-60.530255,-70.671775],[-60.431148,-70.568893]]],[[[-60.044788,-51.33801],[-60.085697,-51.303751],[-60.185099,-51.315065],[-60.265241,-51.413047],[-60.127141,-51.395689],[-60.044788,-51.33801]]],[[[-59.900925,-51.312403],[-59.955848,-51.281608],[-60.045221,-51.304879],[-59.928775,-51.355911],[-59.900925,-51.312403]]],[[[-59.80539,-62.610732],[-59.994732,-62.631481],[-60.095404,-62.555819],[-60.005668,-62.525553],[-60.136691,-62.465851],[-60.329604,-62.565428],[-60.60054,-62.576638],[-60.687793,-62.55126],[-60.711895,-62.490582],[-60.788363,-62.479644],[-60.82988,-62.583794],[-61.04256,-62.656238],[-60.858198,-62.69127],[-60.709316,-62.622548],[-60.458857,-62.63592],[-60.359241,-62.66048],[-60.312261,-62.764197],[-60.050293,-62.707059],[-59.80539,-62.610732]]],[[[-59.734297,-80.220616],[-59.774711,-80.156969],[-59.963898,-80.09554],[-59.88444,-79.837244],[-60.136025,-79.759334],[-60.525778,-79.741751],[-60.942291,-79.790073],[-61.221456,-79.875642],[-61.273855,-79.99357],[-61.436457,-80.066926],[-61.421623,-80.148812],[-61.206645,-80.248786],[-61.321726,-80.298573],[-62.098288,-80.404672],[-63.436981,-80.467639],[-63.868613,-80.44058],[-65.732862,-80.398151],[-66.206733,-80.33798],[-66.198842,-80.19843],[-66.630623,-80.238328],[-66.824864,-80.327468],[-66.750506,-80.396608],[-66.503961,-80.458396],[-65.91881,-80.563469],[-65.093295,-80.681047],[-64.529849,-80.730323],[-64.259761,-80.726293],[-64.169027,-80.651558],[-63.615888,-80.593079],[-63.128663,-80.604863],[-62.960024,-80.696646],[-62.973232,-80.77144],[-62.307665,-80.886049],[-61.438009,-80.946508],[-60.827206,-80.959169],[-60.375502,-80.909868],[-60.044302,-80.770376],[-59.877179,-80.588055],[-59.734297,-80.220616]]],[[[-59.565482,-62.493823],[-59.727434,-62.442344],[-59.975223,-62.464789],[-59.937837,-62.502838],[-59.716233,-62.555815],[-59.57655,-62.545257],[-59.565482,-62.493823]]],[[[-59.441441,-65.226437],[-59.650795,-65.109547],[-59.811539,-65.093676],[-59.776051,-65.185433],[-59.549615,-65.248602],[-59.441441,-65.226437]]],[[[-59.429657,-51.331377],[-59.498724,-51.273989],[-59.600529,-51.305336],[-59.586265,-51.343776],[-59.429657,-51.331377]]],[[[-59.358983,-62.390312],[-59.535264,-62.331711],[-59.724993,-62.369408],[-59.500877,-62.463525],[-59.379442,-62.435174],[-59.358983,-62.390312]]],[[[-59.190066,-51.398873],[-59.358317,-51.359387],[-59.467494,-51.464646],[-59.573569,-51.434332],[-59.733423,-51.460625],[-59.95958,-51.395298],[-60.106536,-51.504657],[-60.244378,-51.49402],[-60.357926,-51.454307],[-60.523098,-51.373611],[-60.610306,-51.36031],[-60.600105,-51.43956],[-60.455076,-51.437704],[-60.495032,-51.540073],[-60.273852,-51.610131],[-60.231229,-51.656642],[-60.367672,-51.671458],[-60.521139,-51.712502],[-60.650209,-51.667247],[-60.641238,-51.728256],[-60.571116,-51.799307],[-60.521675,-51.760698],[-60.442847,-51.771137],[-60.382324,-51.717448],[-60.194721,-51.700676],[-60.181672,-51.745857],[-60.327314,-51.832729],[-60.452436,-51.795269],[-60.449976,-51.875995],[-60.570335,-51.984327],[-60.846043,-51.954031],[-60.859629,-52.042026],[-60.975918,-52.049399],[-60.933658,-52.116712],[-60.764948,-52.110015],[-60.616431,-52.258766],[-60.414473,-52.144635],[-60.354958,-52.162119],[-60.266931,-52.090855],[-60.239051,-52.016762],[-60.100074,-52.008278],[-59.858806,-51.963556],[-59.835852,-51.898408],[-59.7469,-51.81613],[-59.63082,-51.755368],[-59.543474,-51.646678],[-59.440274,-51.634112],[-59.292239,-51.464784],[-59.292956,-51.43145],[-59.190066,-51.398873]]],[[[-58.863174,-62.314483],[-58.853991,-62.274767],[-59.000943,-62.233448],[-59.142726,-62.251981],[-59.178429,-62.301609],[-59.044797,-62.353943],[-58.863174,-62.314483]]],[[[-58.465261,-51.309986],[-58.52953,-51.293385],[-58.672238,-51.333395],[-58.904636,-51.275534],[-58.918263,-51.313372],[-58.868145,-51.378622],[-59.00559,-51.385217],[-59.094973,-51.467775],[-59.113112,-51.528851],[-59.178857,-51.584403],[-58.97718,-51.670652],[-59.025318,-51.767932],[-59.086606,-51.69094],[-59.214579,-51.717344],[-59.303471,-51.790836],[-59.497469,-51.83573],[-59.458622,-51.865682],[-59.505179,-51.924078],[-59.610339,-51.918097],[-59.595938,-51.985345],[-59.653936,-52.005823],[-59.55051,-52.067697],[-59.691256,-52.136798],[-59.553198,-52.204113],[-59.593802,-52.248166],[-59.384354,-52.318526],[-59.338896,-52.287496],[-59.435643,-52.152629],[-59.247809,-52.173921],[-59.104959,-52.241965],[-59.041034,-52.166577],[-59.115004,-52.109531],[-59.099747,-52.079487],[-59.188454,-52.028223],[-59.138175,-51.997385],[-58.988646,-52.097523],[-58.92821,-52.117357],[-58.85729,-52.053327],[-58.736223,-52.050115],[-58.631525,-52.006002],[-58.626246,-51.965543],[-58.894161,-51.901946],[-58.932653,-51.841634],[-58.743621,-51.882063],[-58.560687,-51.90737],[-58.302553,-51.885354],[-58.23428,-51.828126],[-58.035612,-51.758807],[-57.881709,-51.747252],[-57.759607,-51.642642],[-57.783421,-51.616939],[-57.975672,-51.586765],[-58.058531,-51.592088],[-58.102687,-51.530584],[-57.764105,-51.540428],[-57.834619,-51.478644],[-57.851376,-51.413056],[-57.944432,-51.360876],[-58.011165,-51.381771],[-58.282315,-51.390889],[-58.297974,-51.487123],[-58.241712,-51.571818],[-58.460541,-51.547393],[-58.377842,-51.446059],[-58.314679,-51.415443],[-58.411188,-51.315665],[-58.465261,-51.309986]]],[[[-57.576978,-62.021859],[-57.679507,-61.979798],[-57.654812,-61.907571],[-57.856339,-61.946563],[-58.050878,-61.930096],[-58.212805,-61.960544],[-58.357626,-61.931459],[-58.884951,-62.116847],[-58.957641,-62.19849],[-58.797279,-62.174058],[-58.791322,-62.23107],[-58.615511,-62.261885],[-58.418573,-62.212638],[-58.48662,-62.133489],[-58.229557,-62.18752],[-58.133507,-62.054272],[-58.045355,-62.077469],[-57.726641,-62.007411],[-57.576978,-62.021859]]],[[[-57.061853,-63.834625],[-57.347622,-63.785642],[-57.5835,-63.797805],[-57.701919,-63.819098],[-57.619683,-63.884412],[-57.432737,-63.877403],[-57.226662,-63.903606],[-57.061853,-63.834625]]],[[[-57.065007,-64.159478],[-57.201507,-64.159971],[-57.135489,-64.085512],[-57.291924,-64.046056],[-57.511323,-64.021612],[-57.580737,-63.976083],[-57.735397,-64.018799],[-57.883001,-63.976401],[-57.76913,-63.900114],[-57.806447,-63.800537],[-57.966497,-63.806532],[-58.288298,-63.921407],[-58.4573,-64.09097],[-58.331393,-64.147685],[-58.218905,-64.104206],[-58.145631,-64.138418],[-58.18646,-64.186398],[-58.158724,-64.272168],[-58.310598,-64.326354],[-58.036256,-64.425243],[-57.917526,-64.439185],[-57.533112,-64.353923],[-57.37235,-64.392494],[-57.280747,-64.358561],[-57.402392,-64.285427],[-57.232655,-64.21719],[-57.158028,-64.219973],[-57.065007,-64.159478]]],[[[-56.905808,-64.32902],[-57.267469,-64.439166],[-57.443932,-64.44278],[-57.453274,-64.533476],[-57.371419,-64.570027],[-57.251641,-64.573761],[-57.011493,-64.485201],[-56.937999,-64.423019],[-56.905808,-64.32902]]],[[[-56.764608,-63.547177],[-57.006356,-63.473797],[-56.920661,-63.424634],[-57.037037,-63.356436],[-57.048822,-63.259996],[-57.217776,-63.221446],[-57.407166,-63.226886],[-57.475237,-63.257518],[-57.875773,-63.31327],[-58.042947,-63.422808],[-58.15677,-63.473442],[-58.230034,-63.45189],[-58.396837,-63.456177],[-58.55565,-63.494634],[-58.789894,-63.514905],[-58.899346,-63.546609],[-58.949886,-63.595462],[-58.915295,-63.65817],[-59.110305,-63.721245],[-59.208135,-63.674966],[-59.35187,-63.732092],[-59.31768,-63.787971],[-59.427864,-63.827952],[-59.383676,-63.868474],[-59.555461,-63.896872],[-59.826947,-63.83471],[-59.94655,-63.865199],[-59.959201,-63.956616],[-60.225295,-63.910766],[-60.444969,-63.954504],[-60.738712,-64.060282],[-60.88055,-64.045564],[-61.034268,-64.069489],[-60.91025,-64.112875],[-60.851621,-64.169936],[-60.905883,-64.208375],[-60.938877,-64.302459],[-61.108735,-64.306745],[-61.143357,-64.352443],[-61.262578,-64.391257],[-61.552858,-64.432988],[-61.616975,-64.534932],[-61.529889,-64.606118],[-61.598517,-64.668446],[-61.724318,-64.634236],[-61.720307,-64.557514],[-61.949851,-64.60243],[-61.931976,-64.675843],[-62.075895,-64.722516],[-62.337846,-64.756838],[-62.303623,-64.655074],[-62.402662,-64.669283],[-62.444871,-64.5965],[-62.579704,-64.654503],[-62.540855,-64.748766],[-62.704801,-64.769777],[-62.52803,-64.847237],[-62.666019,-64.854263],[-62.820388,-64.804636],[-62.835014,-64.90908],[-62.928251,-64.93207],[-63.063137,-64.903904],[-63.21483,-64.989252],[-63.041538,-65.052794],[-62.972648,-65.11268],[-63.175131,-65.143098],[-63.239669,-65.085215],[-63.395538,-65.116693],[-63.51674,-65.079112],[-63.652303,-65.085986],[-63.705963,-65.042261],[-63.821752,-65.027313],[-63.926991,-65.069752],[-64.093547,-65.175825],[-64.061812,-65.208887],[-64.098819,-65.305465],[-63.983645,-65.377694],[-64.10017,-65.409004],[-63.944327,-65.46746],[-63.694473,-65.50194],[-63.828245,-65.53368],[-63.788,-65.599699],[-63.975929,-65.573526],[-63.993595,-65.518791],[-64.122264,-65.511764],[-64.198404,-65.542671],[-64.097077,-65.60954],[-64.059195,-65.677041],[-64.20286,-65.688464],[-64.279455,-65.633148],[-64.478277,-65.629618],[-64.38924,-65.729559],[-64.367867,-65.805605],[-64.555932,-65.77155],[-64.686555,-65.769185],[-64.700759,-65.832063],[-64.615298,-65.890752],[-64.447703,-65.959462],[-64.566439,-66.00632],[-64.70983,-66.013948],[-64.937508,-65.923321],[-65.056368,-65.955623],[-65.299082,-65.965538],[-65.342003,-66.047035],[-65.091039,-66.146163],[-65.146183,-66.186509],[-65.291338,-66.14896],[-65.635872,-66.112946],[-65.634017,-66.191522],[-65.702387,-66.260886],[-65.682944,-66.324295],[-65.550544,-66.400949],[-65.686255,-66.429455],[-65.740834,-66.56944],[-65.634252,-66.66579],[-65.731959,-66.703026],[-65.955749,-66.65829],[-66.130534,-66.586824],[-66.351202,-66.588482],[-66.497882,-66.62026],[-66.57219,-66.669747],[-66.538146,-66.77448],[-66.589873,-66.801521],[-66.432387,-66.849511],[-66.601695,-66.991256],[-66.597484,-67.047259],[-66.442353,-67.174824],[-66.469164,-67.25419],[-66.700063,-67.210912],[-66.821395,-67.308117],[-66.915186,-67.264312],[-66.886093,-67.170753],[-66.948419,-67.145628],[-66.908286,-67.078742],[-66.961859,-66.927204],[-67.11939,-66.932608],[-67.063753,-66.985765],[-67.246885,-67.029316],[-67.312695,-67.109748],[-67.509733,-67.04905],[-67.593095,-67.154064],[-67.542499,-67.345933],[-67.649202,-67.452202],[-67.532893,-67.495862],[-67.633997,-67.554883],[-67.364187,-67.535286],[-66.965158,-67.473798],[-66.725968,-67.535731],[-66.4968,-67.539006],[-66.614735,-67.603342],[-66.775922,-67.587317],[-66.972761,-67.68641],[-67.099395,-67.773764],[-66.761456,-67.776246],[-66.89614,-67.832689],[-66.838141,-67.913347],[-67.191227,-67.938544],[-67.293288,-67.95981],[-67.075827,-68.044238],[-67.12582,-68.108991],[-66.877993,-68.228373],[-66.739953,-68.186148],[-66.62092,-68.236899],[-66.780939,-68.316174],[-67.180231,-68.279991],[-67.142582,-68.345409],[-66.941774,-68.349429],[-66.951359,-68.460133],[-67.13588,-68.475133],[-67.201722,-68.50831],[-67.035729,-68.608622],[-67.003002,-68.788558],[-67.393325,-68.789801],[-67.48981,-68.831269],[-67.401002,-68.901782],[-67.246751,-68.949924],[-66.884949,-68.967419],[-66.762207,-69.061358],[-66.968358,-69.115461],[-66.885036,-69.165871],[-66.896051,-69.222249],[-67.226788,-69.296313],[-67.336104,-69.400926],[-67.275968,-69.470756],[-67.461631,-69.456741],[-67.782519,-69.371311],[-68.171516,-69.319405],[-68.286109,-69.35294],[-68.30747,-69.403784],[-68.573199,-69.377315],[-68.821801,-69.396505],[-68.75939,-69.474793],[-68.612016,-69.525113],[-68.502239,-69.637986],[-68.332177,-69.695455],[-68.386366,-69.772668],[-68.384817,-69.876242],[-68.503543,-69.92857],[-68.489135,-70.049111],[-68.29289,-70.116813],[-68.195143,-70.195576],[-67.958155,-70.304224],[-67.854276,-70.479159],[-67.701967,-70.607581],[-67.798491,-70.664498],[-67.659167,-70.70459],[-67.709905,-70.760061],[-67.647652,-70.864019],[-67.524806,-70.916156],[-67.543369,-70.959347],[-67.387969,-71.007928],[-67.568618,-71.08168],[-67.463819,-71.169432],[-67.55182,-71.199013],[-67.495614,-71.272529],[-67.641902,-71.380858],[-67.624535,-71.5317],[-67.529859,-71.616532],[-67.312156,-71.673356],[-67.134783,-71.744316],[-67.184806,-71.77067],[-66.970993,-71.893193],[-66.777539,-71.956477],[-66.75144,-72.132847],[-66.949762,-72.242063],[-66.882645,-72.275073],[-66.963735,-72.339564],[-67.207171,-72.44783],[-67.211632,-72.59352],[-67.427517,-72.670238],[-67.530472,-72.736953],[-67.493891,-72.822712],[-67.644636,-72.873221],[-67.781209,-72.84801],[-67.990032,-72.945906],[-68.092178,-72.933618],[-68.396707,-73.015842],[-68.516499,-73.007916],[-68.663328,-73.093396],[-68.857298,-73.094851],[-69.190611,-73.137896],[-69.300154,-73.172804],[-69.536708,-73.174168],[-69.784412,-73.214314],[-70.228276,-73.229586],[-70.388235,-73.285897],[-70.722588,-73.251981],[-71.066317,-73.261554],[-71.346165,-73.31523],[-71.456887,-73.360324],[-71.757463,-73.342214],[-71.933191,-73.373453],[-72.303812,-73.387149],[-72.428724,-73.451313],[-72.619319,-73.471025],[-72.771027,-73.429553],[-72.987683,-73.450651],[-73.100844,-73.420564],[-73.219391,-73.513659],[-73.369091,-73.547261],[-73.665319,-73.56769],[-73.734983,-73.633195],[-74,-73.642575],[-74,-76.691346],[-73.854438,-76.654896],[-73.369302,-76.691515],[-72.862657,-76.675139],[-72.525803,-76.705942],[-72.260261,-76.704159],[-72.013204,-76.7417],[-71.618015,-76.765587],[-71.007831,-76.744223],[-70.616966,-76.748335],[-70.580298,-76.714051],[-70.172462,-76.668416],[-70.002386,-76.525559],[-69.768657,-76.461609],[-70.171621,-76.459715],[-70.130308,-76.412194],[-69.473681,-76.337756],[-68.88592,-76.294953],[-68.55783,-76.298857],[-68.293705,-76.254745],[-67.945144,-76.230114],[-68.15542,-76.175041],[-68.038596,-76.1514],[-67.450616,-76.129841],[-66.78064,-76.048869],[-66.265688,-76.01332],[-66.069712,-75.968434],[-65.37281,-75.857125],[-65.282811,-75.795541],[-65.017188,-75.793304],[-64.262084,-75.68239],[-63.589228,-75.528378],[-63.078194,-75.362392],[-63.233903,-75.337337],[-63.817636,-75.323516],[-64.056264,-75.361765],[-64.316489,-75.374348],[-64.442643,-75.321099],[-64.312426,-75.246536],[-64.168257,-75.214081],[-63.656497,-75.187686],[-63.520128,-75.150354],[-63.365674,-75.176942],[-63.035434,-75.142046],[-63.104555,-75.084559],[-63.311823,-75.00994],[-63.780482,-75.04208],[-64.043734,-75.033034],[-64.038871,-74.97679],[-63.611648,-74.935936],[-63.531642,-74.86377],[-63.243504,-74.920784],[-63.052778,-74.901555],[-63.118484,-74.805878],[-63.29536,-74.716647],[-63.07041,-74.657637],[-62.816647,-74.70715],[-62.594799,-74.793417],[-62.563388,-74.974652],[-62.430078,-74.997329],[-62.073142,-74.938876],[-61.862842,-74.846378],[-61.790372,-74.771257],[-62.01018,-74.589513],[-62.165304,-74.544463],[-62.365351,-74.440245],[-62.110056,-74.462857],[-61.590439,-74.536801],[-61.339674,-74.549186],[-61.00344,-74.504316],[-60.904158,-74.449884],[-61.034355,-74.404707],[-60.750206,-74.364926],[-60.622716,-74.264439],[-60.783116,-74.241671],[-61.163496,-74.320708],[-61.385105,-74.33686],[-61.644621,-74.291229],[-61.279091,-74.219516],[-61.034364,-74.086437],[-61.511551,-74.012954],[-61.832397,-73.918948],[-61.681208,-73.879138],[-61.414613,-73.870055],[-61.247592,-73.958018],[-60.982761,-73.959925],[-60.729646,-73.696101],[-61.004473,-73.750259],[-61.105425,-73.736664],[-60.760422,-73.590478],[-60.894993,-73.551709],[-61.778325,-73.446498],[-61.884495,-73.360441],[-61.569251,-73.395669],[-61.562466,-73.358023],[-61.727622,-73.308695],[-61.874491,-73.208702],[-62.033191,-73.159215],[-62.008659,-73.099603],[-61.660517,-73.163814],[-61.277164,-73.202131],[-61.190283,-73.30781],[-61.055034,-73.350957],[-60.805452,-73.318402],[-60.832007,-73.391006],[-60.696696,-73.396451],[-60.59052,-73.191575],[-60.459404,-73.22409],[-60.456851,-73.304814],[-60.365843,-73.327524],[-60.112177,-73.304611],[-59.977386,-73.24065],[-60.044612,-73.159117],[-59.900784,-73.007378],[-59.943999,-72.897],[-60.094542,-72.876341],[-60.240771,-73.027549],[-60.310427,-73.056199],[-60.534831,-72.98094],[-60.603988,-72.910341],[-60.489261,-72.814458],[-60.526435,-72.657783],[-60.74966,-72.65054],[-61.02156,-72.693932],[-61.125883,-72.788895],[-61.362563,-72.643948],[-61.247741,-72.616181],[-61.27046,-72.528905],[-61.354308,-72.472947],[-61.325426,-72.41749],[-61.035945,-72.473352],[-60.796078,-72.46447],[-60.640362,-72.430813],[-60.718032,-72.371675],[-60.968196,-72.371279],[-60.920622,-72.317988],[-60.650835,-72.330569],[-60.693623,-72.229647],[-60.885153,-72.182669],[-60.791924,-72.123774],[-60.674619,-72.114704],[-60.656455,-72.037014],[-60.753835,-72.003036],[-60.909888,-72.054496],[-61.160368,-72.058965],[-61.281273,-72.143147],[-61.394709,-72.064801],[-61.707882,-72.041704],[-61.927157,-72.095359],[-62.373837,-72.101451],[-62.09901,-72.015026],[-62.413872,-71.964873],[-62.423213,-71.909732],[-62.040028,-71.910952],[-61.618302,-71.855568],[-61.394048,-71.872186],[-61.029492,-71.852268],[-61.114481,-71.723781],[-60.89391,-71.787172],[-60.766091,-71.755966],[-60.784609,-71.680023],[-61.005258,-71.642447],[-61.157869,-71.532408],[-61.368236,-71.634955],[-61.587727,-71.690786],[-62.086647,-71.675803],[-62.074014,-71.622159],[-61.736642,-71.609896],[-61.745966,-71.537547],[-61.594651,-71.536776],[-61.464405,-71.454918],[-61.300498,-71.460554],[-61.132603,-71.416503],[-61.394589,-71.330575],[-61.098909,-71.346765],[-60.999718,-71.290364],[-61.231136,-71.257878],[-61.198808,-71.214394],[-60.95138,-71.237435],[-60.980573,-71.150799],[-61.208469,-71.1033],[-61.172099,-71.035561],[-61.357536,-71.030147],[-61.243545,-70.897546],[-61.290031,-70.85883],[-61.485315,-70.834977],[-61.682981,-70.849838],[-61.784264,-70.925663],[-61.983509,-70.929627],[-62.062502,-70.898309],[-62.005795,-70.794877],[-62.148297,-70.776024],[-62.128425,-70.723024],[-61.822006,-70.737819],[-61.643159,-70.687267],[-61.623003,-70.608498],[-61.354801,-70.578354],[-61.397853,-70.513367],[-61.602604,-70.497841],[-61.965194,-70.509728],[-62.109421,-70.556767],[-62.134712,-70.429112],[-62.436167,-70.399909],[-62.43633,-70.301729],[-62.3241,-70.279904],[-62.405316,-70.227019],[-61.958434,-70.272431],[-61.862439,-70.215217],[-61.999602,-70.075608],[-62.31556,-69.990818],[-62.304319,-69.920543],[-62.514942,-69.869361],[-62.426098,-69.781666],[-62.381089,-69.643723],[-62.391838,-69.533868],[-62.457821,-69.483654],[-62.583445,-69.48221],[-62.634324,-69.394898],[-62.770575,-69.346091],[-62.955561,-69.380332],[-63.084355,-69.304683],[-63.062571,-69.253206],[-63.150389,-69.171216],[-63.305529,-69.196072],[-63.440738,-69.166486],[-63.303481,-69.090476],[-63.32307,-69.049302],[-63.503954,-69.056217],[-63.891092,-69.006013],[-63.806754,-68.934081],[-63.671264,-68.969666],[-63.475561,-68.900891],[-63.495543,-68.839667],[-63.405143,-68.769109],[-63.676011,-68.748194],[-63.856618,-68.697777],[-63.841075,-68.641379],[-63.664301,-68.542872],[-63.458565,-68.552652],[-63.290335,-68.454392],[-63.139283,-68.451679],[-62.924949,-68.511227],[-62.848652,-68.435801],[-62.994222,-68.411759],[-63.427519,-68.413736],[-63.443387,-68.431287],[-63.967369,-68.483635],[-64.260045,-68.594147],[-64.150101,-68.621896],[-64.138302,-68.695726],[-63.999652,-68.747327],[-64.100908,-68.83343],[-64.601044,-68.747556],[-64.681091,-68.663687],[-64.777501,-68.694689],[-65.16018,-68.626327],[-65.352328,-68.558791],[-65.140074,-68.495861],[-64.976959,-68.403317],[-65.081792,-68.359426],[-65.388878,-68.378699],[-65.418479,-68.309421],[-65.095783,-68.226838],[-64.961478,-68.223736],[-64.794222,-68.168895],[-64.753834,-68.113373],[-64.983207,-68.092688],[-64.98414,-68.034382],[-65.264736,-68.176431],[-65.353733,-68.138668],[-65.76129,-68.163015],[-65.733004,-68.09347],[-65.612794,-68.043658],[-65.397433,-68.028355],[-65.311748,-67.989707],[-65.500404,-67.951464],[-65.697367,-67.876899],[-65.525252,-67.843729],[-65.599554,-67.758117],[-65.321476,-67.66556],[-65.596373,-67.55555],[-65.602301,-67.482204],[-65.491909,-67.472499],[-65.522985,-67.371109],[-65.433919,-67.333554],[-65.304282,-67.398642],[-65.171767,-67.333817],[-65.106462,-67.362725],[-64.922695,-67.328407],[-64.754787,-67.320931],[-64.759855,-67.268794],[-65.010955,-67.235719],[-64.975963,-67.199234],[-64.693401,-67.150093],[-64.724979,-67.098987],[-64.896654,-67.086328],[-64.979211,-67.033403],[-64.883214,-66.979515],[-64.684977,-66.987953],[-64.747849,-66.841337],[-64.51529,-66.80336],[-64.55155,-66.873186],[-64.368013,-66.913573],[-64.240914,-66.853368],[-64.101398,-66.937354],[-63.842309,-66.924569],[-63.735,-66.899298],[-63.742285,-66.793593],[-63.924767,-66.701285],[-64.125088,-66.688306],[-64.145345,-66.64471],[-63.937866,-66.60276],[-63.795183,-66.599404],[-63.910215,-66.505556],[-63.868147,-66.384615],[-63.768348,-66.281171],[-63.656685,-66.270118],[-63.551942,-66.205368],[-63.393165,-66.258968],[-63.198721,-66.272631],[-63.146399,-66.357055],[-62.895667,-66.478403],[-62.7872,-66.661111],[-62.626812,-66.743316],[-62.468347,-66.700815],[-62.451315,-66.644593],[-62.52052,-66.604561],[-62.722908,-66.58005],[-62.715012,-66.520177],[-62.523935,-66.485267],[-62.57367,-66.394071],[-62.757587,-66.322342],[-62.717555,-66.245505],[-62.54618,-66.250043],[-62.353833,-66.186684],[-62.229272,-66.174771],[-62.121783,-66.215867],[-61.965838,-66.209523],[-61.98679,-66.265463],[-61.877223,-66.339106],[-61.83514,-66.455258],[-61.700647,-66.465848],[-61.674431,-66.32419],[-61.739707,-66.232392],[-61.502289,-66.226392],[-61.494257,-66.165583],[-61.301236,-66.150853],[-61.13529,-66.224321],[-61.176394,-66.298076],[-61.101365,-66.353405],[-60.98036,-66.348019],[-61.007773,-66.289187],[-60.928691,-66.265333],[-60.879176,-66.189803],[-61.034717,-66.126361],[-61.045951,-66.089096],[-60.826337,-66.067869],[-60.546153,-66.014199],[-60.575759,-65.939901],[-60.821306,-65.911294],[-61.017968,-65.910925],[-61.017532,-66.028852],[-61.237312,-65.916431],[-61.37758,-65.95353],[-61.316976,-65.993295],[-61.317117,-66.089524],[-61.482786,-66.03499],[-61.62047,-66.014712],[-61.711636,-66.083397],[-61.918143,-66.131884],[-62.045063,-66.105973],[-62.251581,-66.013339],[-62.257786,-65.945276],[-62.377851,-65.932742],[-62.416787,-65.855708],[-62.333478,-65.779203],[-62.252294,-65.770582],[-62.042307,-65.665519],[-62.084412,-65.600936],[-61.90157,-65.546728],[-61.93592,-65.497974],[-62.219872,-65.454316],[-62.196261,-65.399515],[-61.996865,-65.385951],[-62.151493,-65.31145],[-62.009412,-65.260221],[-62.100748,-65.208981],[-61.967719,-65.185711],[-61.796144,-65.245983],[-61.602151,-65.239681],[-61.569952,-65.129765],[-61.701849,-65.082759],[-61.693536,-64.997842],[-61.531201,-64.983022],[-61.324982,-65.044166],[-61.163945,-64.990937],[-61.011001,-65.00127],[-61.001573,-64.953932],[-60.87747,-64.875313],[-60.695478,-64.792465],[-60.691523,-64.727252],[-60.473375,-64.664521],[-60.359764,-64.653916],[-60.325843,-64.552471],[-60.080896,-64.49983],[-59.975134,-64.4398],[-59.754797,-64.431301],[-59.801523,-64.559287],[-59.651646,-64.604207],[-59.542761,-64.542694],[-59.623102,-64.489451],[-59.649646,-64.403816],[-59.480678,-64.308616],[-59.396942,-64.33703],[-59.373174,-64.431149],[-59.17449,-64.474349],[-59.058438,-64.451947],[-58.905388,-64.556688],[-58.760491,-64.507201],[-58.793212,-64.414089],[-58.906346,-64.41245],[-58.908077,-64.355042],[-58.746731,-64.329952],[-58.756748,-64.287172],[-59.114187,-64.249397],[-59.010672,-64.200731],[-58.803971,-64.216934],[-58.789929,-64.146156],[-58.692485,-64.100946],[-58.731131,-64.064069],[-58.646895,-63.951103],[-58.532972,-63.935089],[-58.374391,-63.848924],[-58.372191,-63.800909],[-58.276446,-63.728724],[-58.035032,-63.674025],[-57.872637,-63.672584],[-57.745215,-63.609006],[-57.723772,-63.558075],[-57.468621,-63.525592],[-57.322149,-63.484025],[-57.140554,-63.484257],[-57.116255,-63.540985],[-57.174624,-63.604529],[-57.13347,-63.655911],[-56.953973,-63.609001],[-56.819606,-63.645833],[-56.764608,-63.547177]]],[[[-56.031235,-63.026062],[-56.094354,-63.001506],[-56.307754,-63.008596],[-56.37504,-62.985136],[-56.55147,-63.007921],[-56.627338,-63.042877],[-56.483754,-63.136571],[-56.309411,-63.188625],[-56.05336,-63.080453],[-56.031235,-63.026062]]],[[[-55.729399,-63.444802],[-55.879443,-63.398868],[-56.000472,-63.392358],[-56.199065,-63.438629],[-56.216579,-63.492707],[-56.154827,-63.54041],[-55.937235,-63.581785],[-55.872938,-63.533685],[-55.725063,-63.50347],[-55.729399,-63.444802]]],[[[-55.061076,-63.330349],[-55.04931,-63.230772],[-55.403331,-63.180738],[-55.533936,-63.176835],[-55.585182,-63.122545],[-55.825385,-63.12617],[-56.132511,-63.155316],[-56.258913,-63.212236],[-56.352516,-63.222427],[-56.541384,-63.33231],[-56.558628,-63.364565],[-56.368989,-63.443086],[-56.254751,-63.404492],[-56.046731,-63.387002],[-56.022108,-63.338116],[-55.839461,-63.323704],[-55.552791,-63.346911],[-55.433294,-63.328273],[-55.305231,-63.369906],[-55.171142,-63.368036],[-55.061076,-63.330349]]],[[[-54.683388,-61.123967],[-54.748588,-61.092353],[-54.984574,-61.115386],[-55.148412,-61.076372],[-55.366112,-61.054345],[-55.473656,-61.128344],[-55.341756,-61.232459],[-55.217386,-61.280944],[-55.039888,-61.161671],[-54.761912,-61.15773],[-54.683388,-61.123967]]],[[[-53.981747,-61.147826],[-54.087211,-61.166282],[-54.191958,-61.275244],[-54.042658,-61.297731],[-53.993316,-61.251592],[-53.981747,-61.147826]]],[[[-45.152828,-60.681746],[-45.203124,-60.643779],[-45.384912,-60.614092],[-45.429397,-60.555667],[-45.615797,-60.552394],[-45.692908,-60.514367],[-45.91915,-60.523142],[-46.03269,-60.612676],[-45.993491,-60.642831],[-45.780481,-60.58778],[-45.737854,-60.645392],[-45.586242,-60.665068],[-45.539137,-60.642772],[-45.294854,-60.686662],[-45.152828,-60.681746]]],[[[-42.994428,-79.439624],[-43.123215,-79.328281],[-43.336061,-79.237113],[-43.19315,-79.168658],[-43.432218,-79.050044],[-43.478556,-78.930823],[-43.748429,-78.79673],[-44.1322,-78.807253],[-44.653383,-78.796811],[-45.13837,-78.813842],[-45.382894,-78.776975],[-45.275515,-78.727686],[-45.36373,-78.682078],[-44.987876,-78.627568],[-44.393594,-78.601053],[-43.969696,-78.6042],[-43.725085,-78.388058],[-43.764352,-78.276023],[-44.282193,-78.093989],[-44.94053,-77.942582],[-45.6635,-77.842449],[-46.175769,-77.794458],[-46.709614,-77.773897],[-47.205601,-77.769751],[-47.618904,-77.796162],[-48.60282,-77.97974],[-49.003037,-78.026274],[-49.205524,-78.122027],[-49.667936,-78.283067],[-50.234681,-78.67203],[-50.146636,-78.801024],[-50.360443,-78.92486],[-50.284846,-78.985844],[-50.475228,-79.131513],[-50.310094,-79.158236],[-50.318772,-79.234019],[-50.447231,-79.31201],[-50.228808,-79.444308],[-50.301988,-79.566018],[-50.564862,-79.62872],[-51.334433,-79.890392],[-51.73442,-79.991652],[-52.182852,-80.137162],[-52.971053,-80.20577],[-53.486726,-80.220632],[-53.705629,-80.294442],[-54.194583,-80.609065],[-54.328669,-80.76758],[-54.276959,-80.84471],[-53.933392,-80.879447],[-52.628428,-80.894566],[-50.991812,-80.859705],[-50.154544,-80.820341],[-49.722215,-80.765808],[-49.74535,-80.69813],[-49.372646,-80.629271],[-48.707574,-80.623715],[-47.989827,-80.651691],[-46.854429,-80.596523],[-46.022153,-80.532092],[-45.483885,-80.475893],[-43.997992,-80.265962],[-43.667766,-80.203408],[-43.446396,-80.105775],[-43.781941,-80.033069],[-43.832139,-79.981398],[-43.651077,-79.947457],[-43.207818,-79.97911],[-43.054609,-79.879916],[-42.961557,-79.513318],[-42.994428,-79.439624]]],[[[-35.791549,-54.765771],[-35.918533,-54.73144],[-35.928035,-54.62023],[-36.039459,-54.520107],[-36.055994,-54.472585],[-36.177014,-54.449617],[-36.184235,-54.388419],[-36.294836,-54.269366],[-36.401228,-54.27682],[-36.330682,-54.349716],[-36.392647,-54.364334],[-36.48489,-54.283651],[-36.466073,-54.248739],[-36.623624,-54.236533],[-36.592196,-54.189279],[-36.667219,-54.113635],[-36.856559,-54.07914],[-37.023811,-54.068109],[-37.120265,-54.113908],[-37.134713,-54.04241],[-37.418504,-54.067771],[-37.43447,-54.003026],[-37.747806,-54.057563],[-37.732101,-54.138131],[-37.629546,-54.191336],[-37.4074,-54.152503],[-37.418131,-54.251227],[-37.303442,-54.274784],[-37.220938,-54.238975],[-37.105565,-54.288727],[-37.046602,-54.347357],[-36.853581,-54.354924],[-36.817946,-54.458414],[-36.464594,-54.531848],[-36.35503,-54.654834],[-36.265591,-54.796535],[-36.128385,-54.847517],[-36.10721,-54.900353],[-35.981956,-54.881799],[-35.976574,-54.813812],[-35.820107,-54.796743],[-35.791549,-54.765771]]],[[[-26.430672,-59.010243],[-26.539196,-58.967138],[-26.627111,-59.0107],[-26.544168,-59.063527],[-26.430672,-59.010243]]],[[[-26.252107,-58.494774],[-26.275384,-58.418378],[-26.466228,-58.414437],[-26.481826,-58.456113],[-26.364906,-58.509423],[-26.252107,-58.494774]]],[[[-25.039557,-75.857448],[-25.930256,-75.925404],[-26.380673,-76.0359],[-26.591043,-76.049257],[-26.709333,-76.150328],[-27.253771,-76.16094],[-27.456322,-76.188318],[-27.675877,-76.253842],[-27.945846,-76.251459],[-28.36372,-76.321494],[-28.860082,-76.350755],[-29.04381,-76.403398],[-29.515331,-76.490545],[-29.62978,-76.578118],[-29.986221,-76.599004],[-30.235691,-76.681327],[-30.406869,-76.700026],[-30.490451,-76.809333],[-30.930925,-76.887212],[-31.300992,-76.911174],[-31.720617,-76.980858],[-31.865259,-77.047985],[-31.877884,-77.136846],[-32.154183,-77.17303],[-32.625225,-77.127527],[-32.924248,-77.172573],[-33.224805,-77.277399],[-33.718477,-77.310169],[-33.952853,-77.411609],[-34.378534,-77.477226],[-34.558559,-77.593119],[-34.781248,-77.678045],[-34.661847,-77.793138],[-34.732382,-77.853664],[-34.980813,-77.818371],[-35.352856,-77.853973],[-35.503667,-77.971072],[-35.509029,-78.047274],[-35.65269,-78.095029],[-35.627064,-78.170719],[-35.907369,-78.191586],[-36.240219,-78.381006],[-36.417341,-78.577178],[-36.534389,-78.630081],[-36.270467,-78.84527],[-35.715755,-78.922708],[-34.968667,-78.979116],[-34.648374,-79.017589],[-34.151102,-79.109575],[-34.161533,-79.161346],[-33.72257,-79.221561],[-32.642635,-79.257173],[-31.367684,-79.157002],[-31.131319,-79.162269],[-30.669124,-79.078332],[-30.265069,-79.043189],[-30.142604,-79.177581],[-30.503029,-79.219156],[-30.382394,-79.292119],[-29.970249,-79.255014],[-29.542989,-79.278008],[-29.748932,-79.351042],[-30.746879,-79.578118],[-31.031041,-79.612591],[-31.543159,-79.59625],[-31.992851,-79.631496],[-32.096209,-79.686259],[-31.75735,-79.736494],[-32.096515,-79.788427],[-31.980563,-79.848307],[-31.653839,-79.884869],[-30.766302,-79.950046],[-30.163138,-80.045955],[-28.755882,-79.96231],[-28.49383,-79.983764],[-27.365169,-79.968342],[-26.62342,-80.01563],[-26.202288,-80.015081],[-26.019609,-80.094835],[-26.319333,-80.11856],[-27.997952,-80.08753],[-28.844537,-80.114821],[-29.594832,-80.163068],[-29.795025,-80.162883],[-29.746357,-80.259],[-30.151894,-80.293922],[-30.793788,-80.264321],[-31.233922,-80.292767],[-31.125405,-80.40255],[-30.66871,-80.453883],[-30.642849,-80.480885],[-31.551088,-80.452213],[-31.953444,-80.425496],[-32.728507,-80.522806],[-33.109971,-80.533757],[-33.410731,-80.609131],[-34.000558,-80.649098],[-34.497071,-80.662243],[-34.675698,-80.631121],[-35.211025,-80.598776],[-35.483371,-80.647571],[-35.183868,-80.72219],[-35.484228,-80.74479],[-35.77802,-80.800387],[-36.02839,-80.917477],[-36.490307,-80.934499],[-37.015398,-81.004453],[-37.383816,-81.071636],[-37.759881,-80.982967],[-38.447353,-80.910411],[-38.777193,-80.89661],[-39.576559,-80.992983],[-40.293075,-81.163162],[-41.109336,-81.219917],[-41.78642,-81.414476],[-41.937904,-81.541134],[-41.920224,-81.611186],[-42.222353,-81.638167],[-42.229873,-81.692401],[-42.465414,-81.760888],[-43.16926,-81.897064],[-43.274029,-82.039107],[-43.126836,-82.116007],[-43.400938,-82.21955],[-44.057814,-82.400037],[-44.335392,-82.383955],[-45.000978,-82.414612],[-45.641496,-82.522778],[-46.191165,-82.547711],[-46.674025,-82.416765],[-46.087023,-82.224452],[-45.985403,-82.133739],[-46.278702,-81.973121],[-46.512257,-81.938501],[-47.18509,-82.038114],[-47.596464,-82.031187],[-47.544897,-81.93037],[-48.375162,-81.89804],[-48.908487,-81.896539],[-49.512305,-81.955933],[-50.585859,-81.995963],[-50.755837,-81.962442],[-51.250257,-82.029614],[-52.14448,-82.080718],[-52.701179,-82.162299],[-53.214941,-82.123887],[-54.720934,-82.293524],[-55.152428,-82.393989],[-55.123337,-82.500743],[-55.600337,-82.461697],[-55.900441,-82.471603],[-56.061225,-82.56776],[-56.753807,-82.729682],[-57.167402,-82.779259],[-57.745328,-82.920251],[-58.075157,-83.076661],[-58.721583,-83.29667],[-58.914239,-83.401858],[-59.593772,-83.467711],[-59.900981,-83.439855],[-60.789156,-83.422669],[-61.450586,-83.384931],[-61.636354,-83.311055],[-61.196608,-83.196491],[-60.963692,-83.002761],[-61.41722,-82.963749],[-61.673647,-83.042815],[-61.963299,-82.969543],[-62.127807,-82.836671],[-62.497446,-82.718835],[-62.464143,-82.688007],[-62.817224,-82.52367],[-62.080124,-82.473771],[-61.561877,-82.374465],[-61.13534,-82.349596],[-60.490823,-82.212133],[-60.723314,-82.154957],[-61.526237,-82.244633],[-62.345967,-82.256097],[-63.177803,-82.291917],[-63.342019,-82.343406],[-63.766026,-82.320991],[-64.247754,-82.376489],[-65.105522,-82.405527],[-65.221095,-82.27234],[-65.695393,-82.323365],[-66.099434,-82.300559],[-65.921856,-82.221617],[-66.115398,-82.190215],[-65.942437,-82.086412],[-65.634803,-81.990549],[-66.257431,-81.949154],[-65.668446,-81.871859],[-65.276001,-81.911648],[-64.583557,-81.920672],[-64.006482,-81.905696],[-63.538834,-81.860713],[-63.524762,-81.775861],[-64.448639,-81.775161],[-64.914098,-81.822483],[-65.180044,-81.739202],[-64.704808,-81.697885],[-64.016594,-81.701333],[-63.523504,-81.64456],[-63.34292,-81.704491],[-63.047799,-81.722622],[-62.405809,-81.71498],[-62.093795,-81.651236],[-62.302047,-81.563719],[-63.095226,-81.540196],[-63.930302,-81.577702],[-64.182795,-81.542995],[-64.810413,-81.547633],[-65.244444,-81.52905],[-65.949456,-81.43825],[-66.499614,-81.347485],[-68.389326,-81.116336],[-68.672948,-81.019894],[-69.158899,-81.036157],[-69.991437,-80.977882],[-70.399911,-80.83299],[-70.38383,-80.701718],[-70.502865,-80.650656],[-70.792444,-80.615766],[-71.200866,-80.645382],[-71.571041,-80.722982],[-72.192375,-80.754513],[-72.557136,-80.792647],[-72.641255,-80.901264],[-72.808393,-80.96538],[-74,-80.828779],[-74,-90],[-25,-90],[-25,-75.852268],[-25.039557,-75.857448]]]]},"properties":{"id":"94","nombre":"Tierra del Fuego, Antártida e Islas del Atlántico Sur","nombre_completo":"Provincia de Tierra del Fuego, Antártida e Islas del Atlántico Sur","fuente":"IGN","categoria":"Provincia","centroide":{"lon":-50.742860676,"lat":-82.521134521},"iso_id":"AR-V","iso_nombre":"Tierra del Fuego"}}
]}